2026-01-21 16:13:02,064 | INFO | apscheduler.scheduler | Scheduler started
2026-01-21 16:13:02,066 | INFO | engine | scheduler started
2026-01-21 16:13:02,066 | INFO | engine | jobs reloaded: 0
2026-01-21 16:13:02,243 | INFO | engine | jobs reloaded: 0
2026-01-21 17:20:10,118 | INFO | apscheduler.scheduler | Scheduler has been shut down
2026-01-21 17:20:10,119 | INFO | engine | scheduler stopped
2026-01-21 17:20:19,573 | INFO | apscheduler.scheduler | Scheduler started
2026-01-21 17:20:19,576 | INFO | engine | scheduler started
2026-01-21 17:20:19,576 | INFO | engine | jobs reloaded: 0
2026-01-21 17:20:19,617 | INFO | engine | jobs reloaded: 0
2026-01-21 17:21:37,954 | INFO | apscheduler.scheduler | Added job "Engine._schedule_job.<locals>.<lambda>" to job store "default"
2026-01-21 17:21:37,955 | INFO | engine | jobs reloaded: 1
2026-01-21 17:22:37,968 | INFO | apscheduler.executors.default | Running job "Engine._schedule_job.<locals>.<lambda> (trigger: interval[0:01:00], next run at: 2026-01-21 17:22:37 KST)" (scheduled at 2026-01-21 17:22:37.954050+09:00)
2026-01-21 17:22:37,977 | INFO | executor | RUN: ['C:/Program Files (x86)/HNC/Office 2024/HOffice130/Bin/HCell.exe'] | cwd=c:\temp | timeout=60
2026-01-21 17:22:59,203 | INFO | engine | job done: id=1 status=SUCCESS
2026-01-21 17:22:59,204 | INFO | apscheduler.executors.default | Job "Engine._schedule_job.<locals>.<lambda> (trigger: interval[0:01:00], next run at: 2026-01-21 17:23:37 KST)" executed successfully
2026-01-21 17:23:37,961 | INFO | apscheduler.executors.default | Running job "Engine._schedule_job.<locals>.<lambda> (trigger: interval[0:01:00], next run at: 2026-01-21 17:24:37 KST)" (scheduled at 2026-01-21 17:23:37.954050+09:00)
2026-01-21 17:23:37,972 | INFO | executor | RUN: ['C:/Program Files (x86)/HNC/Office 2024/HOffice130/Bin/HCell.exe'] | cwd=c:\temp | timeout=60
2026-01-21 17:23:45,026 | INFO | engine | job done: id=1 status=SUCCESS
2026-01-21 17:23:45,026 | INFO | apscheduler.executors.default | Job "Engine._schedule_job.<locals>.<lambda> (trigger: interval[0:01:00], next run at: 2026-01-21 17:24:37 KST)" executed successfully
2026-01-21 17:24:00,157 | INFO | apscheduler.scheduler | Added job "Engine._schedule_job.<locals>.<lambda>" to job store "default"
2026-01-21 17:24:00,158 | INFO | engine | jobs reloaded: 1
2026-01-21 17:24:01,504 | INFO | apscheduler.scheduler | Added job "Engine._schedule_job.<locals>.<lambda>" to job store "default"
2026-01-21 17:24:01,507 | INFO | engine | jobs reloaded: 1
2026-01-21 17:25:01,507 | INFO | apscheduler.executors.default | Running job "Engine._schedule_job.<locals>.<lambda> (trigger: interval[0:01:00], next run at: 2026-01-21 17:26:01 KST)" (scheduled at 2026-01-21 17:25:01.503871+09:00)
2026-01-21 17:25:01,514 | INFO | executor | RUN: ['C:/Program Files (x86)/HNC/Office 2024/HOffice130/Bin/HCell.exe', 'C:\\Users\\82108\\Downloads\\지출', '결의서_장비', '구매.xlsx'] | cwd=c:\temp | timeout=60
2026-01-21 17:25:18,763 | INFO | engine | job done: id=1 status=SUCCESS
2026-01-21 17:25:18,763 | INFO | apscheduler.executors.default | Job "Engine._schedule_job.<locals>.<lambda> (trigger: interval[0:01:00], next run at: 2026-01-21 17:26:01 KST)" executed successfully
2026-01-21 17:26:01,509 | INFO | apscheduler.executors.default | Running job "Engine._schedule_job.<locals>.<lambda> (trigger: interval[0:01:00], next run at: 2026-01-21 17:27:01 KST)" (scheduled at 2026-01-21 17:26:01.503871+09:00)
2026-01-21 17:26:01,518 | INFO | executor | RUN: ['C:/Program Files (x86)/HNC/Office 2024/HOffice130/Bin/HCell.exe', 'C:\\Users\\82108\\Downloads\\지출', '결의서_장비', '구매.xlsx'] | cwd=c:\temp | timeout=60
2026-01-21 17:26:07,398 | INFO | engine | job done: id=1 status=SUCCESS
2026-01-21 17:26:07,399 | INFO | apscheduler.executors.default | Job "Engine._schedule_job.<locals>.<lambda> (trigger: interval[0:01:00], next run at: 2026-01-21 17:27:01 KST)" executed successfully
2026-01-21 17:26:54,873 | INFO | apscheduler.scheduler | Added job "Engine._schedule_job.<locals>.<lambda>" to job store "default"
2026-01-21 17:26:54,875 | INFO | engine | jobs reloaded: 1
2026-01-21 17:26:55,411 | INFO | apscheduler.scheduler | Added job "Engine._schedule_job.<locals>.<lambda>" to job store "default"
2026-01-21 17:26:55,411 | INFO | engine | jobs reloaded: 1
2026-01-21 17:27:55,416 | INFO | apscheduler.executors.default | Running job "Engine._schedule_job.<locals>.<lambda> (trigger: interval[0:01:00], next run at: 2026-01-21 17:28:55 KST)" (scheduled at 2026-01-21 17:27:55.410737+09:00)
2026-01-21 17:27:55,426 | INFO | executor | RUN: ['C:/Program Files (x86)/HNC/Office 2024/HOffice130/Bin/HCell.exe', 'C:\\Users\\82108\\Downloads\\검토.xlsx'] | cwd=c:\temp | timeout=60
2026-01-21 17:28:47,769 | INFO | engine | job done: id=1 status=SUCCESS
2026-01-21 17:28:47,770 | INFO | apscheduler.executors.default | Job "Engine._schedule_job.<locals>.<lambda> (trigger: interval[0:01:00], next run at: 2026-01-21 17:28:55 KST)" executed successfully
2026-01-21 17:28:55,418 | INFO | apscheduler.executors.default | Running job "Engine._schedule_job.<locals>.<lambda> (trigger: interval[0:01:00], next run at: 2026-01-21 17:29:55 KST)" (scheduled at 2026-01-21 17:28:55.410737+09:00)
2026-01-21 17:28:55,429 | INFO | executor | RUN: ['C:/Program Files (x86)/HNC/Office 2024/HOffice130/Bin/HCell.exe', 'C:\\Users\\82108\\Downloads\\검토.xlsx'] | cwd=c:\temp | timeout=60
2026-01-21 17:29:00,032 | INFO | engine | job done: id=1 status=SUCCESS
2026-01-21 17:29:00,033 | INFO | apscheduler.executors.default | Job "Engine._schedule_job.<locals>.<lambda> (trigger: interval[0:01:00], next run at: 2026-01-21 17:29:55 KST)" executed successfully
2026-01-21 17:29:55,413 | INFO | apscheduler.executors.default | Running job "Engine._schedule_job.<locals>.<lambda> (trigger: interval[0:01:00], next run at: 2026-01-21 17:30:55 KST)" (scheduled at 2026-01-21 17:29:55.410737+09:00)
2026-01-21 17:29:55,421 | INFO | executor | RUN: ['C:/Program Files (x86)/HNC/Office 2024/HOffice130/Bin/HCell.exe', 'C:\\Users\\82108\\Downloads\\검토.xlsx'] | cwd=c:\temp | timeout=60
2026-01-21 17:30:00,942 | INFO | engine | job done: id=1 status=SUCCESS
2026-01-21 17:30:00,943 | INFO | apscheduler.executors.default | Job "Engine._schedule_job.<locals>.<lambda> (trigger: interval[0:01:00], next run at: 2026-01-21 17:30:55 KST)" executed successfully
2026-01-21 17:30:55,424 | INFO | apscheduler.executors.default | Running job "Engine._schedule_job.<locals>.<lambda> (trigger: interval[0:01:00], next run at: 2026-01-21 17:31:55 KST)" (scheduled at 2026-01-21 17:30:55.410737+09:00)
2026-01-21 17:30:55,437 | INFO | executor | RUN: ['C:/Program Files (x86)/HNC/Office 2024/HOffice130/Bin/HCell.exe', 'C:\\Users\\82108\\Downloads\\검토.xlsx'] | cwd=c:\temp | timeout=60
2026-01-21 17:31:55,413 | WARNING | apscheduler.scheduler | Execution of job "Engine._schedule_job.<locals>.<lambda> (trigger: interval[0:01:00], next run at: 2026-01-21 17:31:55 KST)" skipped: maximum number of running instances reached (1)
2026-01-21 17:31:55,556 | INFO | engine | job done: id=1 status=TIMEOUT
2026-01-21 17:31:55,557 | INFO | apscheduler.executors.default | Job "Engine._schedule_job.<locals>.<lambda> (trigger: interval[0:01:00], next run at: 2026-01-21 17:32:55 KST)" executed successfully
2026-01-21 17:32:55,426 | INFO | apscheduler.executors.default | Running job "Engine._schedule_job.<locals>.<lambda> (trigger: interval[0:01:00], next run at: 2026-01-21 17:33:55 KST)" (scheduled at 2026-01-21 17:32:55.410737+09:00)
2026-01-21 17:32:55,435 | INFO | executor | RUN: ['C:/Program Files (x86)/HNC/Office 2024/HOffice130/Bin/HCell.exe', 'C:\\Users\\82108\\Downloads\\검토.xlsx'] | cwd=c:\temp | timeout=60
2026-01-21 17:33:55,425 | WARNING | apscheduler.scheduler | Execution of job "Engine._schedule_job.<locals>.<lambda> (trigger: interval[0:01:00], next run at: 2026-01-21 17:33:55 KST)" skipped: maximum number of running instances reached (1)
2026-01-21 17:33:55,554 | INFO | engine | job done: id=1 status=TIMEOUT
2026-01-21 17:33:55,555 | INFO | apscheduler.executors.default | Job "Engine._schedule_job.<locals>.<lambda> (trigger: interval[0:01:00], next run at: 2026-01-21 17:34:55 KST)" executed successfully
2026-01-21 17:34:55,415 | INFO | apscheduler.executors.default | Running job "Engine._schedule_job.<locals>.<lambda> (trigger: interval[0:01:00], next run at: 2026-01-21 17:35:55 KST)" (scheduled at 2026-01-21 17:34:55.410737+09:00)
2026-01-21 17:34:55,425 | INFO | executor | RUN: ['C:/Program Files (x86)/HNC/Office 2024/HOffice130/Bin/HCell.exe', 'C:\\Users\\82108\\Downloads\\검토.xlsx'] | cwd=c:\temp | timeout=60
2026-01-21 17:35:40,630 | INFO | engine | job done: id=1 status=SUCCESS
2026-01-21 17:35:40,632 | INFO | apscheduler.executors.default | Job "Engine._schedule_job.<locals>.<lambda> (trigger: interval[0:01:00], next run at: 2026-01-21 17:35:55 KST)" executed successfully
2026-01-21 17:35:55,425 | INFO | apscheduler.executors.default | Running job "Engine._schedule_job.<locals>.<lambda> (trigger: interval[0:01:00], next run at: 2026-01-21 17:36:55 KST)" (scheduled at 2026-01-21 17:35:55.410737+09:00)
2026-01-21 17:35:55,435 | INFO | executor | RUN: ['C:/Program Files (x86)/HNC/Office 2024/HOffice130/Bin/HCell.exe', 'C:\\Users\\82108\\Downloads\\검토.xlsx'] | cwd=c:\temp | timeout=60
2026-01-21 17:36:38,103 | INFO | apscheduler.scheduler | Added job "Engine._schedule_job.<locals>.<lambda>" to job store "default"
2026-01-21 17:36:38,104 | INFO | apscheduler.scheduler | Added job "Engine._schedule_job.<locals>.<lambda>" to job store "default"
2026-01-21 17:36:38,105 | INFO | engine | jobs reloaded: 2
2026-01-21 17:36:50,196 | INFO | apscheduler.scheduler | Added job "Engine._schedule_job.<locals>.<lambda>" to job store "default"
2026-01-21 17:36:50,198 | INFO | apscheduler.scheduler | Added job "Engine._schedule_job.<locals>.<lambda>" to job store "default"
2026-01-21 17:36:50,199 | INFO | engine | jobs reloaded: 2
2026-01-21 17:36:55,535 | INFO | engine | job done: id=1 status=TIMEOUT
2026-01-21 17:36:55,538 | INFO | apscheduler.executors.default | Job "Engine._schedule_job.<locals>.<lambda> (trigger: interval[0:01:00], next run at: 2026-01-21 17:36:55 KST)" executed successfully
2026-01-21 17:37:03,058 | INFO | apscheduler.scheduler | Added job "Engine._schedule_job.<locals>.<lambda>" to job store "default"
2026-01-21 17:37:03,058 | INFO | apscheduler.scheduler | Added job "Engine._schedule_job.<locals>.<lambda>" to job store "default"
2026-01-21 17:37:03,059 | INFO | engine | jobs reloaded: 2
2026-01-21 17:38:03,074 | INFO | apscheduler.executors.default | Running job "Engine._schedule_job.<locals>.<lambda> (trigger: interval[0:01:00], next run at: 2026-01-21 17:39:03 KST)" (scheduled at 2026-01-21 17:38:03.058265+09:00)
2026-01-21 17:38:03,082 | INFO | executor | RUN: ['C:/Program Files/Google/Chrome/Application/chrome.exe', 'C:\\Users\\82108\\Downloads\\SAW-4G20H-5GL.pdf'] | cwd=C:/Temp | timeout=60
2026-01-21 17:38:03,144 | INFO | engine | job done: id=2 status=SUCCESS
2026-01-21 17:38:03,144 | INFO | apscheduler.executors.default | Job "Engine._schedule_job.<locals>.<lambda> (trigger: interval[0:01:00], next run at: 2026-01-21 17:39:03 KST)" executed successfully
2026-01-21 17:38:43,067 | INFO | apscheduler.executors.default | Running job "Engine._schedule_job.<locals>.<lambda> (trigger: interval[0:01:40], next run at: 2026-01-21 17:40:23 KST)" (scheduled at 2026-01-21 17:38:43.058901+09:00)
2026-01-21 17:38:43,075 | INFO | executor | RUN: ['C:/Program Files (x86)/HNC/Office 2024/HOffice130/Bin/HCell.exe', 'C:\\Users\\82108\\Downloads\\검토.xlsx'] | cwd=c:\temp | timeout=60
2026-01-21 17:38:49,087 | INFO | engine | job done: id=1 status=SUCCESS
2026-01-21 17:38:49,090 | INFO | apscheduler.executors.default | Job "Engine._schedule_job.<locals>.<lambda> (trigger: interval[0:01:40], next run at: 2026-01-21 17:40:23 KST)" executed successfully
2026-01-21 17:39:03,073 | INFO | apscheduler.executors.default | Running job "Engine._schedule_job.<locals>.<lambda> (trigger: interval[0:01:00], next run at: 2026-01-21 17:40:03 KST)" (scheduled at 2026-01-21 17:39:03.058265+09:00)
2026-01-21 17:39:03,085 | INFO | executor | RUN: ['C:/Program Files/Google/Chrome/Application/chrome.exe', 'C:\\Users\\82108\\Downloads\\SAW-4G20H-5GL.pdf'] | cwd=C:/Temp | timeout=60
2026-01-21 17:39:03,138 | INFO | engine | job done: id=2 status=SUCCESS
2026-01-21 17:39:03,139 | INFO | apscheduler.executors.default | Job "Engine._schedule_job.<locals>.<lambda> (trigger: interval[0:01:00], next run at: 2026-01-21 17:40:03 KST)" executed successfully
2026-01-21 17:40:03,065 | INFO | apscheduler.executors.default | Running job "Engine._schedule_job.<locals>.<lambda> (trigger: interval[0:01:00], next run at: 2026-01-21 17:41:03 KST)" (scheduled at 2026-01-21 17:40:03.058265+09:00)
2026-01-21 17:40:03,076 | INFO | executor | RUN: ['C:/Program Files/Google/Chrome/Application/chrome.exe', 'C:\\Users\\82108\\Downloads\\SAW-4G20H-5GL.pdf'] | cwd=C:/Temp | timeout=60
2026-01-21 17:40:03,138 | INFO | engine | job done: id=2 status=SUCCESS
2026-01-21 17:40:03,138 | INFO | apscheduler.executors.default | Job "Engine._schedule_job.<locals>.<lambda> (trigger: interval[0:01:00], next run at: 2026-01-21 17:41:03 KST)" executed successfully
2026-01-21 17:40:23,072 | INFO | apscheduler.executors.default | Running job "Engine._schedule_job.<locals>.<lambda> (trigger: interval[0:01:40], next run at: 2026-01-21 17:42:03 KST)" (scheduled at 2026-01-21 17:40:23.058901+09:00)
2026-01-21 17:40:23,081 | INFO | executor | RUN: ['C:/Program Files (x86)/HNC/Office 2024/HOffice130/Bin/HCell.exe', 'C:\\Users\\82108\\Downloads\\검토.xlsx'] | cwd=c:\temp | timeout=60
2026-01-21 17:41:03,067 | INFO | apscheduler.executors.default | Running job "Engine._schedule_job.<locals>.<lambda> (trigger: interval[0:01:00], next run at: 2026-01-21 17:41:03 KST)" (scheduled at 2026-01-21 17:41:03.058265+09:00)
2026-01-21 17:41:03,079 | INFO | executor | RUN: ['C:/Program Files/Google/Chrome/Application/chrome.exe', 'C:\\Users\\82108\\Downloads\\SAW-4G20H-5GL.pdf'] | cwd=C:/Temp | timeout=60
2026-01-21 17:41:03,134 | INFO | engine | job done: id=2 status=SUCCESS
2026-01-21 17:41:03,135 | INFO | apscheduler.executors.default | Job "Engine._schedule_job.<locals>.<lambda> (trigger: interval[0:01:00], next run at: 2026-01-21 17:42:03 KST)" executed successfully
2026-01-21 17:41:23,195 | INFO | engine | job done: id=1 status=TIMEOUT
2026-01-21 17:41:23,198 | INFO | apscheduler.executors.default | Job "Engine._schedule_job.<locals>.<lambda> (trigger: interval[0:01:40], next run at: 2026-01-21 17:42:03 KST)" executed successfully
2026-01-21 17:42:03,060 | INFO | apscheduler.executors.default | Running job "Engine._schedule_job.<locals>.<lambda> (trigger: interval[0:01:00], next run at: 2026-01-21 17:43:03 KST)" (scheduled at 2026-01-21 17:42:03.058265+09:00)
2026-01-21 17:42:03,060 | INFO | apscheduler.executors.default | Running job "Engine._schedule_job.<locals>.<lambda> (trigger: interval[0:01:40], next run at: 2026-01-21 17:43:43 KST)" (scheduled at 2026-01-21 17:42:03.058901+09:00)
2026-01-21 17:42:03,067 | INFO | executor | RUN: ['C:/Program Files/Google/Chrome/Application/chrome.exe', 'C:\\Users\\82108\\Downloads\\SAW-4G20H-5GL.pdf'] | cwd=C:/Temp | timeout=60
2026-01-21 17:42:03,073 | INFO | executor | RUN: ['C:/Program Files (x86)/HNC/Office 2024/HOffice130/Bin/HCell.exe', 'C:\\Users\\82108\\Downloads\\검토.xlsx'] | cwd=c:\temp | timeout=60
2026-01-21 17:42:03,119 | INFO | engine | job done: id=2 status=SUCCESS
2026-01-21 17:42:03,120 | INFO | apscheduler.executors.default | Job "Engine._schedule_job.<locals>.<lambda> (trigger: interval[0:01:00], next run at: 2026-01-21 17:43:03 KST)" executed successfully
2026-01-21 17:42:08,012 | INFO | engine | job done: id=1 status=SUCCESS
2026-01-21 17:42:08,013 | INFO | apscheduler.executors.default | Job "Engine._schedule_job.<locals>.<lambda> (trigger: interval[0:01:40], next run at: 2026-01-21 17:43:43 KST)" executed successfully
2026-01-21 17:43:03,072 | INFO | apscheduler.executors.default | Running job "Engine._schedule_job.<locals>.<lambda> (trigger: interval[0:01:00], next run at: 2026-01-21 17:44:03 KST)" (scheduled at 2026-01-21 17:43:03.058265+09:00)
2026-01-21 17:43:03,080 | INFO | executor | RUN: ['C:/Program Files/Google/Chrome/Application/chrome.exe', 'C:\\Users\\82108\\Downloads\\SAW-4G20H-5GL.pdf'] | cwd=C:/Temp | timeout=60
2026-01-21 17:43:03,128 | INFO | engine | job done: id=2 status=SUCCESS
2026-01-21 17:43:03,128 | INFO | apscheduler.executors.default | Job "Engine._schedule_job.<locals>.<lambda> (trigger: interval[0:01:00], next run at: 2026-01-21 17:44:03 KST)" executed successfully
2026-01-21 17:43:14,665 | INFO | apscheduler.scheduler | Added job "Engine._schedule_job.<locals>.<lambda>" to job store "default"
2026-01-21 17:43:14,665 | INFO | apscheduler.scheduler | Added job "Engine._schedule_job.<locals>.<lambda>" to job store "default"
2026-01-21 17:43:14,665 | INFO | engine | jobs reloaded: 2
2026-01-21 17:44:54,666 | INFO | apscheduler.executors.default | Running job "Engine._schedule_job.<locals>.<lambda> (trigger: interval[0:01:40], next run at: 2026-01-21 17:46:34 KST)" (scheduled at 2026-01-21 17:44:54.665514+09:00)
2026-01-21 17:44:54,677 | INFO | executor | RUN: ['C:/Program Files (x86)/HNC/Office 2024/HOffice130/Bin/HCell.exe', 'C:\\Users\\82108\\Downloads\\검토.xlsx'] | cwd=c:\temp | timeout=60
2026-01-21 17:44:58,747 | INFO | engine | job done: id=1 status=SUCCESS
2026-01-21 17:44:58,748 | INFO | apscheduler.executors.default | Job "Engine._schedule_job.<locals>.<lambda> (trigger: interval[0:01:40], next run at: 2026-01-21 17:46:34 KST)" executed successfully
2026-01-21 17:46:34,672 | INFO | apscheduler.executors.default | Running job "Engine._schedule_job.<locals>.<lambda> (trigger: interval[0:03:20], next run at: 2026-01-21 17:49:54 KST)" (scheduled at 2026-01-21 17:46:34.665059+09:00)
2026-01-21 17:46:34,673 | INFO | apscheduler.executors.default | Running job "Engine._schedule_job.<locals>.<lambda> (trigger: interval[0:01:40], next run at: 2026-01-21 17:48:14 KST)" (scheduled at 2026-01-21 17:46:34.665514+09:00)
2026-01-21 17:46:34,682 | INFO | executor | RUN: ['C:/Program Files/Google/Chrome/Application/chrome.exe', 'C:\\Users\\82108\\Downloads\\SAW-4G20H-5GL.pdf'] | cwd=C:/Temp | timeout=60
2026-01-21 17:46:34,693 | INFO | executor | RUN: ['C:/Program Files (x86)/HNC/Office 2024/HOffice130/Bin/HCell.exe', 'C:\\Users\\82108\\Downloads\\검토.xlsx'] | cwd=c:\temp | timeout=60
2026-01-21 17:46:34,737 | INFO | engine | job done: id=2 status=SUCCESS
2026-01-21 17:46:34,738 | INFO | apscheduler.executors.default | Job "Engine._schedule_job.<locals>.<lambda> (trigger: interval[0:03:20], next run at: 2026-01-21 17:49:54 KST)" executed successfully
2026-01-21 17:46:38,527 | INFO | engine | job done: id=1 status=SUCCESS
2026-01-21 17:46:38,527 | INFO | apscheduler.executors.default | Job "Engine._schedule_job.<locals>.<lambda> (trigger: interval[0:01:40], next run at: 2026-01-21 17:48:14 KST)" executed successfully
2026-01-21 17:46:57,494 | INFO | apscheduler.scheduler | Scheduler has been shut down
2026-01-21 17:46:57,495 | INFO | engine | scheduler stopped
2026-01-21 17:47:04,171 | INFO | apscheduler.scheduler | Scheduler started
2026-01-21 17:47:04,172 | INFO | engine | scheduler started
2026-01-21 17:47:04,173 | INFO | apscheduler.scheduler | Added job "Engine._schedule_job.<locals>.<lambda>" to job store "default"
2026-01-21 17:47:04,173 | INFO | apscheduler.scheduler | Added job "Engine._schedule_job.<locals>.<lambda>" to job store "default"
2026-01-21 17:47:04,173 | INFO | engine | jobs reloaded: 2
2026-01-21 17:47:04,210 | INFO | apscheduler.scheduler | Added job "Engine._schedule_job.<locals>.<lambda>" to job store "default"
2026-01-21 17:47:04,211 | INFO | apscheduler.scheduler | Added job "Engine._schedule_job.<locals>.<lambda>" to job store "default"
2026-01-21 17:47:04,211 | INFO | engine | jobs reloaded: 2
2026-01-21 17:48:44,213 | INFO | apscheduler.executors.default | Running job "Engine._schedule_job.<locals>.<lambda> (trigger: interval[0:01:40], next run at: 2026-01-21 17:48:44 KST)" (scheduled at 2026-01-21 17:48:44.211236+09:00)
2026-01-21 17:48:44,224 | INFO | executor | RUN: ['C:/Program Files (x86)/HNC/Office 2024/HOffice130/Bin/HCell.exe', 'C:\\Users\\82108\\Downloads\\검토.xlsx'] | cwd=c:\temp | timeout=60
2026-01-21 17:49:44,347 | INFO | engine | job done: id=1 status=TIMEOUT
2026-01-21 17:49:44,347 | INFO | apscheduler.executors.default | Job "Engine._schedule_job.<locals>.<lambda> (trigger: interval[0:01:40], next run at: 2026-01-21 17:50:24 KST)" executed successfully
2026-01-21 17:50:24,224 | INFO | apscheduler.executors.default | Running job "Engine._schedule_job.<locals>.<lambda> (trigger: interval[0:03:20], next run at: 2026-01-21 17:53:44 KST)" (scheduled at 2026-01-21 17:50:24.210860+09:00)
2026-01-21 17:50:24,225 | INFO | apscheduler.executors.default | Running job "Engine._schedule_job.<locals>.<lambda> (trigger: interval[0:01:40], next run at: 2026-01-21 17:50:24 KST)" (scheduled at 2026-01-21 17:50:24.211236+09:00)
2026-01-21 17:50:24,247 | INFO | executor | RUN: ['C:/Program Files/Google/Chrome/Application/chrome.exe', 'C:\\Users\\82108\\Downloads\\SAW-4G20H-5GL.pdf'] | cwd=C:/Temp | timeout=60
2026-01-21 17:50:24,256 | INFO | executor | RUN: ['C:/Program Files (x86)/HNC/Office 2024/HOffice130/Bin/HCell.exe', 'C:\\Users\\82108\\Downloads\\검토.xlsx'] | cwd=c:\temp | timeout=60
2026-01-21 17:50:24,308 | INFO | engine | job done: id=2 status=SUCCESS
2026-01-21 17:50:24,311 | INFO | apscheduler.executors.default | Job "Engine._schedule_job.<locals>.<lambda> (trigger: interval[0:03:20], next run at: 2026-01-21 17:53:44 KST)" executed successfully
2026-01-21 17:50:29,962 | INFO | engine | job done: id=1 status=SUCCESS
2026-01-21 17:50:29,963 | INFO | apscheduler.executors.default | Job "Engine._schedule_job.<locals>.<lambda> (trigger: interval[0:01:40], next run at: 2026-01-21 17:52:04 KST)" executed successfully
2026-01-21 17:52:04,219 | INFO | apscheduler.executors.default | Running job "Engine._schedule_job.<locals>.<lambda> (trigger: interval[0:01:40], next run at: 2026-01-21 17:53:44 KST)" (scheduled at 2026-01-21 17:52:04.211236+09:00)
2026-01-21 17:52:04,230 | INFO | executor | RUN: ['C:/Program Files (x86)/HNC/Office 2024/HOffice130/Bin/HCell.exe', 'C:\\Users\\82108\\Downloads\\검토.xlsx'] | cwd=c:\temp | timeout=60
2026-01-21 17:52:08,391 | INFO | engine | job done: id=1 status=SUCCESS
2026-01-21 17:52:08,391 | INFO | apscheduler.executors.default | Job "Engine._schedule_job.<locals>.<lambda> (trigger: interval[0:01:40], next run at: 2026-01-21 17:53:44 KST)" executed successfully
2026-01-21 17:53:44,236 | INFO | apscheduler.executors.default | Running job "Engine._schedule_job.<locals>.<lambda> (trigger: interval[0:03:20], next run at: 2026-01-21 17:57:04 KST)" (scheduled at 2026-01-21 17:53:44.210860+09:00)
2026-01-21 17:53:44,236 | INFO | apscheduler.executors.default | Running job "Engine._schedule_job.<locals>.<lambda> (trigger: interval[0:01:40], next run at: 2026-01-21 17:55:24 KST)" (scheduled at 2026-01-21 17:53:44.211236+09:00)
2026-01-21 17:53:44,247 | INFO | executor | RUN: ['C:/Program Files/Google/Chrome/Application/chrome.exe', 'C:\\Users\\82108\\Downloads\\SAW-4G20H-5GL.pdf'] | cwd=C:/Temp | timeout=60
2026-01-21 17:53:44,259 | INFO | executor | RUN: ['C:/Program Files (x86)/HNC/Office 2024/HOffice130/Bin/HCell.exe', 'C:\\Users\\82108\\Downloads\\검토.xlsx'] | cwd=c:\temp | timeout=60
2026-01-21 17:53:44,302 | INFO | engine | job done: id=2 status=SUCCESS
2026-01-21 17:53:44,302 | INFO | apscheduler.executors.default | Job "Engine._schedule_job.<locals>.<lambda> (trigger: interval[0:03:20], next run at: 2026-01-21 17:57:04 KST)" executed successfully
2026-01-21 17:53:51,423 | INFO | engine | job done: id=1 status=SUCCESS
2026-01-21 17:53:51,424 | INFO | apscheduler.executors.default | Job "Engine._schedule_job.<locals>.<lambda> (trigger: interval[0:01:40], next run at: 2026-01-21 17:55:24 KST)" executed successfully
2026-01-21 17:54:05,993 | INFO | apscheduler.scheduler | Added job "Engine._schedule_job.<locals>.<lambda>" to job store "default"
2026-01-21 17:54:05,993 | INFO | apscheduler.scheduler | Added job "Engine._schedule_job.<locals>.<lambda>" to job store "default"
2026-01-21 17:54:05,994 | INFO | engine | jobs reloaded: 2
2026-01-21 17:54:12,216 | INFO | apscheduler.scheduler | Added job "Engine._schedule_job.<locals>.<lambda>" to job store "default"
2026-01-21 17:54:12,217 | INFO | apscheduler.scheduler | Added job "Engine._schedule_job.<locals>.<lambda>" to job store "default"
2026-01-21 17:54:12,217 | INFO | engine | jobs reloaded: 2
2026-01-21 17:59:12,223 | INFO | apscheduler.executors.default | Running job "Engine._schedule_job.<locals>.<lambda> (trigger: interval[0:05:00], next run at: 2026-01-21 18:04:12 KST)" (scheduled at 2026-01-21 17:59:12.216523+09:00)
2026-01-21 17:59:12,223 | INFO | apscheduler.executors.default | Running job "Engine._schedule_job.<locals>.<lambda> (trigger: interval[0:05:00], next run at: 2026-01-21 18:04:12 KST)" (scheduled at 2026-01-21 17:59:12.217034+09:00)
2026-01-21 17:59:12,343 | INFO | executor | RUN: ['C:/Program Files/Google/Chrome/Application/chrome.exe', 'C:\\Users\\82108\\Downloads\\SAW-4G20H-5GL.pdf'] | cwd=C:/Temp | timeout=60
2026-01-21 17:59:12,358 | INFO | executor | RUN: ['C:/Program Files (x86)/HNC/Office 2024/HOffice130/Bin/HCell.exe', 'C:\\Users\\82108\\Downloads\\검토.xlsx'] | cwd=c:\temp | timeout=60
2026-01-21 17:59:12,414 | INFO | engine | job done: id=2 status=SUCCESS
2026-01-21 17:59:12,414 | INFO | apscheduler.executors.default | Job "Engine._schedule_job.<locals>.<lambda> (trigger: interval[0:05:00], next run at: 2026-01-21 18:04:12 KST)" executed successfully
2026-01-21 17:59:16,439 | INFO | engine | job done: id=1 status=SUCCESS
2026-01-21 17:59:16,440 | INFO | apscheduler.executors.default | Job "Engine._schedule_job.<locals>.<lambda> (trigger: interval[0:05:00], next run at: 2026-01-21 18:04:12 KST)" executed successfully
2026-01-21 18:04:12,225 | INFO | apscheduler.executors.default | Running job "Engine._schedule_job.<locals>.<lambda> (trigger: interval[0:05:00], next run at: 2026-01-21 18:09:12 KST)" (scheduled at 2026-01-21 18:04:12.217034+09:00)
2026-01-21 18:04:12,225 | INFO | apscheduler.executors.default | Running job "Engine._schedule_job.<locals>.<lambda> (trigger: interval[0:05:00], next run at: 2026-01-21 18:09:12 KST)" (scheduled at 2026-01-21 18:04:12.216523+09:00)
2026-01-21 18:04:12,234 | INFO | executor | RUN: ['C:/Program Files/Google/Chrome/Application/chrome.exe', 'C:\\Users\\82108\\Downloads\\SAW-4G20H-5GL.pdf'] | cwd=C:/Temp | timeout=60
2026-01-21 18:04:12,243 | INFO | executor | RUN: ['C:/Program Files (x86)/HNC/Office 2024/HOffice130/Bin/HCell.exe', 'C:\\Users\\82108\\Downloads\\검토.xlsx'] | cwd=c:\temp | timeout=60
2026-01-21 18:04:12,287 | INFO | engine | job done: id=2 status=SUCCESS
2026-01-21 18:04:12,288 | INFO | apscheduler.executors.default | Job "Engine._schedule_job.<locals>.<lambda> (trigger: interval[0:05:00], next run at: 2026-01-21 18:09:12 KST)" executed successfully
2026-01-21 18:04:16,855 | INFO | engine | job done: id=1 status=SUCCESS
2026-01-21 18:04:16,855 | INFO | apscheduler.executors.default | Job "Engine._schedule_job.<locals>.<lambda> (trigger: interval[0:05:00], next run at: 2026-01-21 18:09:12 KST)" executed successfully
2026-01-21 18:05:42,322 | INFO | apscheduler.scheduler | Scheduler has been shut down
2026-01-21 18:05:42,323 | INFO | engine | scheduler stopped
2026-01-21 18:05:48,513 | INFO | apscheduler.scheduler | Scheduler started
2026-01-21 18:05:48,515 | INFO | engine | scheduler started
2026-01-21 18:05:48,516 | INFO | apscheduler.scheduler | Added job "Engine._schedule_job.<locals>.<lambda>" to job store "default"
2026-01-21 18:05:48,517 | INFO | apscheduler.scheduler | Added job "Engine._schedule_job.<locals>.<lambda>" to job store "default"
2026-01-21 18:05:48,517 | INFO | engine | jobs reloaded: 2
2026-01-21 18:05:48,561 | INFO | apscheduler.scheduler | Added job "Engine._schedule_job.<locals>.<lambda>" to job store "default"
2026-01-21 18:05:48,562 | INFO | apscheduler.scheduler | Added job "Engine._schedule_job.<locals>.<lambda>" to job store "default"
2026-01-21 18:05:48,562 | INFO | engine | jobs reloaded: 2
2026-01-21 18:07:32,816 | INFO | apscheduler.scheduler | Added job "Engine._schedule_job.<locals>.<lambda>" to job store "default"
2026-01-21 18:07:32,817 | INFO | apscheduler.scheduler | Added job "Engine._schedule_job.<locals>.<lambda>" to job store "default"
2026-01-21 18:07:32,818 | INFO | apscheduler.scheduler | Added job "Engine._schedule_job.<locals>.<lambda>" to job store "default"
2026-01-21 18:07:32,818 | INFO | engine | jobs reloaded: 3
2026-01-21 18:08:00,007 | INFO | apscheduler.executors.default | Running job "Engine._schedule_job.<locals>.<lambda> (trigger: cron[hour='18', minute='8'], next run at: 2026-01-22 18:08:00 KST)" (scheduled at 2026-01-21 18:08:00+09:00)
2026-01-21 18:08:00,020 | INFO | executor | RUN: ['C:/Users/82108/Videos/Captures/Microsoft Teams meeting _ Microsoft Teams - Chrome 2026-01-09 16-09-17.mp4'] | cwd= | timeout=60
2026-01-21 18:08:00,029 | INFO | apscheduler.executors.default | Job "Engine._schedule_job.<locals>.<lambda> (trigger: cron[hour='18', minute='8'], next run at: 2026-01-22 18:08:00 KST)" executed successfully
2026-01-21 18:08:30,369 | INFO | apscheduler.scheduler | Added job "Engine._schedule_job.<locals>.<lambda>" to job store "default"
2026-01-21 18:08:30,369 | INFO | apscheduler.scheduler | Added job "Engine._schedule_job.<locals>.<lambda>" to job store "default"
2026-01-21 18:08:30,370 | INFO | apscheduler.scheduler | Added job "Engine._schedule_job.<locals>.<lambda>" to job store "default"
2026-01-21 18:08:30,370 | INFO | engine | jobs reloaded: 3
2026-01-21 18:08:31,106 | INFO | apscheduler.scheduler | Added job "Engine._schedule_job.<locals>.<lambda>" to job store "default"
2026-01-21 18:08:31,107 | INFO | apscheduler.scheduler | Added job "Engine._schedule_job.<locals>.<lambda>" to job store "default"
2026-01-21 18:08:31,107 | INFO | apscheduler.scheduler | Added job "Engine._schedule_job.<locals>.<lambda>" to job store "default"
2026-01-21 18:08:31,108 | INFO | engine | jobs reloaded: 3
2026-01-21 18:08:41,112 | INFO | apscheduler.executors.default | Running job "Engine._schedule_job.<locals>.<lambda> (trigger: interval[0:00:10], next run at: 2026-01-21 18:08:51 KST)" (scheduled at 2026-01-21 18:08:41.107137+09:00)
2026-01-21 18:08:41,131 | INFO | executor | RUN: ['C:/Program Files/Google/Chrome/Application/chrome.exe', 'C:\\Users\\82108\\Downloads\\SAW-4G20H-5GL.pdf'] | cwd=C:/Temp | timeout=60
2026-01-21 18:08:41,195 | INFO | engine | job done: id=2 status=SUCCESS
2026-01-21 18:08:41,195 | INFO | apscheduler.executors.default | Job "Engine._schedule_job.<locals>.<lambda> (trigger: interval[0:00:10], next run at: 2026-01-21 18:08:51 KST)" executed successfully
2026-01-21 18:08:51,112 | INFO | apscheduler.executors.default | Running job "Engine._schedule_job.<locals>.<lambda> (trigger: interval[0:00:10], next run at: 2026-01-21 18:09:01 KST)" (scheduled at 2026-01-21 18:08:51.107137+09:00)
2026-01-21 18:08:51,132 | INFO | executor | RUN: ['C:/Program Files/Google/Chrome/Application/chrome.exe', 'C:\\Users\\82108\\Downloads\\SAW-4G20H-5GL.pdf'] | cwd=C:/Temp | timeout=60
2026-01-21 18:08:51,209 | INFO | engine | job done: id=2 status=SUCCESS
2026-01-21 18:08:51,209 | INFO | apscheduler.executors.default | Job "Engine._schedule_job.<locals>.<lambda> (trigger: interval[0:00:10], next run at: 2026-01-21 18:09:01 KST)" executed successfully
2026-01-21 18:09:01,115 | INFO | apscheduler.executors.default | Running job "Engine._schedule_job.<locals>.<lambda> (trigger: interval[0:00:10], next run at: 2026-01-21 18:09:11 KST)" (scheduled at 2026-01-21 18:09:01.107137+09:00)
2026-01-21 18:09:01,135 | INFO | executor | RUN: ['C:/Program Files/Google/Chrome/Application/chrome.exe', 'C:\\Users\\82108\\Downloads\\SAW-4G20H-5GL.pdf'] | cwd=C:/Temp | timeout=60
2026-01-21 18:09:03,674 | INFO | engine | job done: id=2 status=SUCCESS
2026-01-21 18:09:03,675 | INFO | apscheduler.executors.default | Job "Engine._schedule_job.<locals>.<lambda> (trigger: interval[0:00:10], next run at: 2026-01-21 18:09:11 KST)" executed successfully
2026-01-21 18:09:11,114 | INFO | apscheduler.executors.default | Running job "Engine._schedule_job.<locals>.<lambda> (trigger: interval[0:00:10], next run at: 2026-01-21 18:09:21 KST)" (scheduled at 2026-01-21 18:09:11.107137+09:00)
2026-01-21 18:09:11,133 | INFO | executor | RUN: ['C:/Program Files/Google/Chrome/Application/chrome.exe', 'C:\\Users\\82108\\Downloads\\SAW-4G20H-5GL.pdf'] | cwd=C:/Temp | timeout=60
2026-01-21 18:09:14,602 | INFO | engine | job done: id=2 status=SUCCESS
2026-01-21 18:09:14,602 | INFO | apscheduler.executors.default | Job "Engine._schedule_job.<locals>.<lambda> (trigger: interval[0:00:10], next run at: 2026-01-21 18:09:21 KST)" executed successfully
2026-01-21 18:09:21,111 | INFO | apscheduler.executors.default | Running job "Engine._schedule_job.<locals>.<lambda> (trigger: interval[0:00:10], next run at: 2026-01-21 18:09:31 KST)" (scheduled at 2026-01-21 18:09:21.107137+09:00)
2026-01-21 18:09:21,131 | INFO | executor | RUN: ['C:/Program Files/Google/Chrome/Application/chrome.exe', 'C:\\Users\\82108\\Downloads\\SAW-4G20H-5GL.pdf'] | cwd=C:/Temp | timeout=60
2026-01-21 18:09:23,045 | INFO | engine | job done: id=2 status=SUCCESS
2026-01-21 18:09:23,045 | INFO | apscheduler.executors.default | Job "Engine._schedule_job.<locals>.<lambda> (trigger: interval[0:00:10], next run at: 2026-01-21 18:09:31 KST)" executed successfully
2026-01-21 18:09:28,370 | INFO | apscheduler.scheduler | Added job "Engine._schedule_job.<locals>.<lambda>" to job store "default"
2026-01-21 18:09:28,371 | INFO | apscheduler.scheduler | Added job "Engine._schedule_job.<locals>.<lambda>" to job store "default"
2026-01-21 18:09:28,372 | INFO | apscheduler.scheduler | Added job "Engine._schedule_job.<locals>.<lambda>" to job store "default"
2026-01-21 18:09:28,373 | INFO | engine | jobs reloaded: 3
2026-01-21 18:12:38,798 | INFO | apscheduler.scheduler | Added job "Engine._schedule_job.<locals>.<lambda>" to job store "default"
2026-01-21 18:12:38,800 | INFO | apscheduler.scheduler | Added job "Engine._schedule_job.<locals>.<lambda>" to job store "default"
2026-01-21 18:12:38,800 | INFO | apscheduler.scheduler | Added job "Engine._schedule_job.<locals>.<lambda>" to job store "default"
2026-01-21 18:12:38,801 | INFO | apscheduler.scheduler | Added job "Engine._schedule_job.<locals>.<lambda>" to job store "default"
2026-01-21 18:12:38,801 | INFO | engine | jobs reloaded: 4
2026-01-21 18:12:58,799 | INFO | apscheduler.executors.default | Running job "Engine._schedule_job.<locals>.<lambda> (trigger: interval[0:00:20], next run at: 2026-01-21 18:13:18 KST)" (scheduled at 2026-01-21 18:12:58.798262+09:00)
2026-01-21 18:12:58,819 | INFO | executor | RUN: ['C:/Users/82108/AppData/Local/Programs/Python/Python313/python.exe', 'C:\\access\\mzip\\cccmp_20.py'] | cwd=c:\temp | timeout=60
2026-01-21 18:12:59,377 | INFO | engine | job done: id=4 status=FAIL
2026-01-21 18:12:59,378 | INFO | apscheduler.executors.default | Job "Engine._schedule_job.<locals>.<lambda> (trigger: interval[0:00:20], next run at: 2026-01-21 18:13:18 KST)" executed successfully
2026-01-21 18:13:18,810 | INFO | apscheduler.executors.default | Running job "Engine._schedule_job.<locals>.<lambda> (trigger: interval[0:00:20], next run at: 2026-01-21 18:13:38 KST)" (scheduled at 2026-01-21 18:13:18.798262+09:00)
2026-01-21 18:13:18,821 | INFO | executor | RUN: ['C:/Users/82108/AppData/Local/Programs/Python/Python313/python.exe', 'C:\\access\\mzip\\cccmp_20.py'] | cwd=c:\temp | timeout=60
2026-01-21 18:13:19,017 | INFO | engine | job done: id=4 status=FAIL
2026-01-21 18:13:19,017 | INFO | apscheduler.executors.default | Job "Engine._schedule_job.<locals>.<lambda> (trigger: interval[0:00:20], next run at: 2026-01-21 18:13:38 KST)" executed successfully
2026-01-21 18:13:38,813 | INFO | apscheduler.executors.default | Running job "Engine._schedule_job.<locals>.<lambda> (trigger: interval[0:00:20], next run at: 2026-01-21 18:13:58 KST)" (scheduled at 2026-01-21 18:13:38.798262+09:00)
2026-01-21 18:13:38,833 | INFO | executor | RUN: ['C:/Users/82108/AppData/Local/Programs/Python/Python313/python.exe', 'C:\\access\\mzip\\cccmp_20.py'] | cwd=c:\temp | timeout=60
2026-01-21 18:13:39,057 | INFO | engine | job done: id=4 status=FAIL
2026-01-21 18:13:39,057 | INFO | apscheduler.executors.default | Job "Engine._schedule_job.<locals>.<lambda> (trigger: interval[0:00:20], next run at: 2026-01-21 18:13:58 KST)" executed successfully
2026-01-21 18:13:58,801 | INFO | apscheduler.executors.default | Running job "Engine._schedule_job.<locals>.<lambda> (trigger: interval[0:00:20], next run at: 2026-01-21 18:14:18 KST)" (scheduled at 2026-01-21 18:13:58.798262+09:00)
2026-01-21 18:13:58,808 | INFO | executor | RUN: ['C:/Users/82108/AppData/Local/Programs/Python/Python313/python.exe', 'C:\\access\\mzip\\cccmp_20.py'] | cwd=c:\temp | timeout=60
2026-01-21 18:13:59,015 | INFO | engine | job done: id=4 status=FAIL
2026-01-21 18:13:59,017 | INFO | apscheduler.executors.default | Job "Engine._schedule_job.<locals>.<lambda> (trigger: interval[0:00:20], next run at: 2026-01-21 18:14:18 KST)" executed successfully
2026-01-21 18:14:18,806 | INFO | apscheduler.executors.default | Running job "Engine._schedule_job.<locals>.<lambda> (trigger: interval[0:00:20], next run at: 2026-01-21 18:14:38 KST)" (scheduled at 2026-01-21 18:14:18.798262+09:00)
2026-01-21 18:14:18,824 | INFO | executor | RUN: ['C:/Users/82108/AppData/Local/Programs/Python/Python313/python.exe', 'C:\\access\\mzip\\cccmp_20.py'] | cwd=c:\temp | timeout=60
2026-01-21 18:14:19,019 | INFO | engine | job done: id=4 status=FAIL
2026-01-21 18:14:19,019 | INFO | apscheduler.executors.default | Job "Engine._schedule_job.<locals>.<lambda> (trigger: interval[0:00:20], next run at: 2026-01-21 18:14:38 KST)" executed successfully
2026-01-21 18:14:38,809 | INFO | apscheduler.executors.default | Running job "Engine._schedule_job.<locals>.<lambda> (trigger: interval[0:00:20], next run at: 2026-01-21 18:14:58 KST)" (scheduled at 2026-01-21 18:14:38.798262+09:00)
2026-01-21 18:14:38,831 | INFO | executor | RUN: ['C:/Users/82108/AppData/Local/Programs/Python/Python313/python.exe', 'C:\\access\\mzip\\cccmp_20.py'] | cwd=c:\temp | timeout=60
2026-01-21 18:14:39,043 | INFO | engine | job done: id=4 status=FAIL
2026-01-21 18:14:39,044 | INFO | apscheduler.executors.default | Job "Engine._schedule_job.<locals>.<lambda> (trigger: interval[0:00:20], next run at: 2026-01-21 18:14:58 KST)" executed successfully
2026-01-21 18:14:58,811 | INFO | apscheduler.executors.default | Running job "Engine._schedule_job.<locals>.<lambda> (trigger: interval[0:00:20], next run at: 2026-01-21 18:15:18 KST)" (scheduled at 2026-01-21 18:14:58.798262+09:00)
2026-01-21 18:14:58,827 | INFO | executor | RUN: ['C:/Users/82108/AppData/Local/Programs/Python/Python313/python.exe', 'C:\\access\\mzip\\cccmp_20.py'] | cwd=c:\temp | timeout=60
2026-01-21 18:14:59,026 | INFO | engine | job done: id=4 status=FAIL
2026-01-21 18:14:59,026 | INFO | apscheduler.executors.default | Job "Engine._schedule_job.<locals>.<lambda> (trigger: interval[0:00:20], next run at: 2026-01-21 18:15:18 KST)" executed successfully
2026-01-22 08:43:36,588 | WARNING | apscheduler.executors.default | Run time of job "Engine._schedule_job.<locals>.<lambda> (trigger: interval[0:00:20], next run at: 2026-01-22 08:43:38 KST)" was missed by 0:00:17.789664
2026-01-22 08:43:36,588 | WARNING | apscheduler.executors.default | Run time of job "Engine._schedule_job.<locals>.<lambda> (trigger: interval[0:05:00], next run at: 2026-01-22 08:47:38 KST)" was missed by 0:00:57.787257
2026-01-22 08:43:36,589 | WARNING | apscheduler.executors.default | Run time of job "Engine._schedule_job.<locals>.<lambda> (trigger: interval[0:10:00], next run at: 2026-01-21 18:22:38 KST)" was missed by 0:00:57.788691
2026-01-22 08:43:38,799 | INFO | apscheduler.executors.default | Running job "Engine._schedule_job.<locals>.<lambda> (trigger: interval[0:00:20], next run at: 2026-01-22 08:43:58 KST)" (scheduled at 2026-01-22 08:43:38.798262+09:00)
2026-01-22 08:43:38,813 | INFO | executor | RUN: ['C:/Users/82108/AppData/Local/Programs/Python/Python313/python.exe', 'C:\\access\\mzip\\cccmp_20.py'] | cwd=c:\temp | timeout=60
2026-01-22 08:43:39,158 | INFO | engine | job done: id=4 status=FAIL
2026-01-22 08:43:39,159 | INFO | apscheduler.executors.default | Job "Engine._schedule_job.<locals>.<lambda> (trigger: interval[0:00:20], next run at: 2026-01-22 08:43:58 KST)" executed successfully
2026-01-22 08:43:58,802 | INFO | apscheduler.executors.default | Running job "Engine._schedule_job.<locals>.<lambda> (trigger: interval[0:00:20], next run at: 2026-01-22 08:44:18 KST)" (scheduled at 2026-01-22 08:43:58.798262+09:00)
2026-01-22 08:43:58,818 | INFO | executor | RUN: ['C:/Users/82108/AppData/Local/Programs/Python/Python313/python.exe', 'C:\\access\\mzip\\cccmp_20.py'] | cwd=c:\temp | timeout=60
2026-01-22 08:43:59,196 | INFO | engine | job done: id=4 status=FAIL
2026-01-22 08:43:59,197 | INFO | apscheduler.executors.default | Job "Engine._schedule_job.<locals>.<lambda> (trigger: interval[0:00:20], next run at: 2026-01-22 08:44:18 KST)" executed successfully
2026-01-22 08:44:01,887 | INFO | apscheduler.scheduler | Scheduler has been shut down
2026-01-22 08:44:01,889 | INFO | engine | scheduler stopped
2026-01-22 08:44:07,046 | INFO | apscheduler.scheduler | Scheduler started
2026-01-22 08:44:07,048 | INFO | engine | scheduler started
2026-01-22 08:44:07,049 | INFO | apscheduler.scheduler | Added job "Engine._schedule_job.<locals>.<lambda>" to job store "default"
2026-01-22 08:44:07,050 | INFO | apscheduler.scheduler | Added job "Engine._schedule_job.<locals>.<lambda>" to job store "default"
2026-01-22 08:44:07,050 | INFO | apscheduler.scheduler | Added job "Engine._schedule_job.<locals>.<lambda>" to job store "default"
2026-01-22 08:44:07,050 | INFO | apscheduler.scheduler | Added job "Engine._schedule_job.<locals>.<lambda>" to job store "default"
2026-01-22 08:44:07,051 | INFO | engine | jobs reloaded: 4
2026-01-22 08:44:07,104 | INFO | apscheduler.scheduler | Added job "Engine._schedule_job.<locals>.<lambda>" to job store "default"
2026-01-22 08:44:07,105 | INFO | apscheduler.scheduler | Added job "Engine._schedule_job.<locals>.<lambda>" to job store "default"
2026-01-22 08:44:07,105 | INFO | apscheduler.scheduler | Added job "Engine._schedule_job.<locals>.<lambda>" to job store "default"
2026-01-22 08:44:07,106 | INFO | apscheduler.scheduler | Added job "Engine._schedule_job.<locals>.<lambda>" to job store "default"
2026-01-22 08:44:07,106 | INFO | engine | jobs reloaded: 4
2026-01-22 08:44:27,106 | INFO | apscheduler.executors.default | Running job "Engine._schedule_job.<locals>.<lambda> (trigger: interval[0:00:20], next run at: 2026-01-22 08:44:47 KST)" (scheduled at 2026-01-22 08:44:27.103918+09:00)
2026-01-22 08:44:27,121 | INFO | executor | RUN: ['C:/Users/82108/AppData/Local/Programs/Python/Python313/python.exe', 'C:\\access\\mzip\\cccmp_20.py'] | cwd=c:\temp | timeout=60
2026-01-22 08:44:27,397 | INFO | engine | job done: id=4 status=FAIL
2026-01-22 08:44:27,399 | INFO | apscheduler.executors.default | Job "Engine._schedule_job.<locals>.<lambda> (trigger: interval[0:00:20], next run at: 2026-01-22 08:44:47 KST)" executed successfully
2026-01-22 08:44:47,105 | INFO | apscheduler.executors.default | Running job "Engine._schedule_job.<locals>.<lambda> (trigger: interval[0:00:20], next run at: 2026-01-22 08:45:07 KST)" (scheduled at 2026-01-22 08:44:47.103918+09:00)
2026-01-22 08:44:47,131 | INFO | executor | RUN: ['C:/Users/82108/AppData/Local/Programs/Python/Python313/python.exe', 'C:\\access\\mzip\\cccmp_20.py'] | cwd=c:\temp | timeout=60
2026-01-22 08:44:47,460 | INFO | engine | job done: id=4 status=FAIL
2026-01-22 08:44:47,462 | INFO | apscheduler.executors.default | Job "Engine._schedule_job.<locals>.<lambda> (trigger: interval[0:00:20], next run at: 2026-01-22 08:45:07 KST)" executed successfully
2026-01-22 08:45:07,115 | INFO | apscheduler.executors.default | Running job "Engine._schedule_job.<locals>.<lambda> (trigger: interval[0:00:20], next run at: 2026-01-22 08:45:27 KST)" (scheduled at 2026-01-22 08:45:07.103918+09:00)
2026-01-22 08:45:07,137 | INFO | executor | RUN: ['C:/Users/82108/AppData/Local/Programs/Python/Python313/python.exe', 'C:\\access\\mzip\\cccmp_20.py'] | cwd=c:\temp | timeout=60
2026-01-22 08:45:07,429 | INFO | engine | job done: id=4 status=FAIL
2026-01-22 08:45:07,429 | INFO | apscheduler.executors.default | Job "Engine._schedule_job.<locals>.<lambda> (trigger: interval[0:00:20], next run at: 2026-01-22 08:45:27 KST)" executed successfully
2026-01-22 08:45:27,130 | INFO | apscheduler.executors.default | Running job "Engine._schedule_job.<locals>.<lambda> (trigger: interval[0:00:20], next run at: 2026-01-22 08:45:47 KST)" (scheduled at 2026-01-22 08:45:27.103918+09:00)
2026-01-22 08:45:27,155 | INFO | executor | RUN: ['C:/Users/82108/AppData/Local/Programs/Python/Python313/python.exe', 'C:\\access\\mzip\\cccmp_20.py'] | cwd=c:\temp | timeout=60
2026-01-22 08:45:27,406 | INFO | engine | job done: id=4 status=FAIL
2026-01-22 08:45:27,406 | INFO | apscheduler.executors.default | Job "Engine._schedule_job.<locals>.<lambda> (trigger: interval[0:00:20], next run at: 2026-01-22 08:45:47 KST)" executed successfully
2026-01-22 08:45:47,107 | INFO | apscheduler.executors.default | Running job "Engine._schedule_job.<locals>.<lambda> (trigger: interval[0:00:20], next run at: 2026-01-22 08:46:07 KST)" (scheduled at 2026-01-22 08:45:47.103918+09:00)
2026-01-22 08:45:47,121 | INFO | executor | RUN: ['C:/Users/82108/AppData/Local/Programs/Python/Python313/python.exe', 'C:\\access\\mzip\\cccmp_20.py'] | cwd=c:\temp | timeout=60
2026-01-22 08:45:47,427 | INFO | engine | job done: id=4 status=FAIL
2026-01-22 08:45:47,428 | INFO | apscheduler.executors.default | Job "Engine._schedule_job.<locals>.<lambda> (trigger: interval[0:00:20], next run at: 2026-01-22 08:46:07 KST)" executed successfully
2026-01-22 08:46:07,110 | INFO | apscheduler.executors.default | Running job "Engine._schedule_job.<locals>.<lambda> (trigger: interval[0:00:20], next run at: 2026-01-22 08:46:27 KST)" (scheduled at 2026-01-22 08:46:07.103918+09:00)
2026-01-22 08:46:07,133 | INFO | executor | RUN: ['C:/Users/82108/AppData/Local/Programs/Python/Python313/python.exe', 'C:\\access\\mzip\\cccmp_20.py'] | cwd=c:\temp | timeout=60
2026-01-22 08:46:07,467 | INFO | engine | job done: id=4 status=FAIL
2026-01-22 08:46:07,467 | INFO | apscheduler.executors.default | Job "Engine._schedule_job.<locals>.<lambda> (trigger: interval[0:00:20], next run at: 2026-01-22 08:46:27 KST)" executed successfully
2026-01-22 08:46:27,118 | INFO | apscheduler.executors.default | Running job "Engine._schedule_job.<locals>.<lambda> (trigger: interval[0:00:20], next run at: 2026-01-22 08:46:47 KST)" (scheduled at 2026-01-22 08:46:27.103918+09:00)
2026-01-22 08:46:27,154 | INFO | executor | RUN: ['C:/Users/82108/AppData/Local/Programs/Python/Python313/python.exe', 'C:\\access\\mzip\\cccmp_20.py'] | cwd=c:\temp | timeout=60
2026-01-22 08:46:27,488 | INFO | engine | job done: id=4 status=FAIL
2026-01-22 08:46:27,488 | INFO | apscheduler.executors.default | Job "Engine._schedule_job.<locals>.<lambda> (trigger: interval[0:00:20], next run at: 2026-01-22 08:46:47 KST)" executed successfully
2026-01-22 08:46:47,108 | INFO | apscheduler.executors.default | Running job "Engine._schedule_job.<locals>.<lambda> (trigger: interval[0:00:20], next run at: 2026-01-22 08:47:07 KST)" (scheduled at 2026-01-22 08:46:47.103918+09:00)
2026-01-22 08:46:47,121 | INFO | executor | RUN: ['C:/Users/82108/AppData/Local/Programs/Python/Python313/python.exe', 'C:\\access\\mzip\\cccmp_20.py'] | cwd=c:\temp | timeout=60
2026-01-22 08:46:47,498 | INFO | engine | job done: id=4 status=FAIL
2026-01-22 08:46:47,499 | INFO | apscheduler.executors.default | Job "Engine._schedule_job.<locals>.<lambda> (trigger: interval[0:00:20], next run at: 2026-01-22 08:47:07 KST)" executed successfully
2026-01-22 08:46:48,284 | INFO | apscheduler.scheduler | Scheduler has been shut down
2026-01-22 08:46:48,286 | INFO | engine | scheduler stopped
2026-01-22 08:46:56,932 | INFO | apscheduler.scheduler | Scheduler started
2026-01-22 08:46:56,935 | INFO | engine | scheduler started
2026-01-22 08:46:56,937 | INFO | apscheduler.scheduler | Added job "Engine._schedule_job.<locals>.<lambda>" to job store "default"
2026-01-22 08:46:56,940 | INFO | apscheduler.scheduler | Added job "Engine._schedule_job.<locals>.<lambda>" to job store "default"
2026-01-22 08:46:56,940 | INFO | apscheduler.scheduler | Added job "Engine._schedule_job.<locals>.<lambda>" to job store "default"
2026-01-22 08:46:56,941 | INFO | apscheduler.scheduler | Added job "Engine._schedule_job.<locals>.<lambda>" to job store "default"
2026-01-22 08:46:56,941 | INFO | engine | jobs reloaded: 4
2026-01-22 08:46:57,048 | INFO | apscheduler.scheduler | Added job "Engine._schedule_job.<locals>.<lambda>" to job store "default"
2026-01-22 08:46:57,049 | INFO | apscheduler.scheduler | Added job "Engine._schedule_job.<locals>.<lambda>" to job store "default"
2026-01-22 08:46:57,050 | INFO | apscheduler.scheduler | Added job "Engine._schedule_job.<locals>.<lambda>" to job store "default"
2026-01-22 08:46:57,051 | INFO | apscheduler.scheduler | Added job "Engine._schedule_job.<locals>.<lambda>" to job store "default"
2026-01-22 08:46:57,051 | INFO | engine | jobs reloaded: 4
2026-01-22 08:47:17,053 | INFO | apscheduler.executors.default | Running job "Engine._schedule_job.<locals>.<lambda> (trigger: interval[0:00:20], next run at: 2026-01-22 08:47:37 KST)" (scheduled at 2026-01-22 08:47:17.047750+09:00)
2026-01-22 08:47:17,068 | INFO | executor | RUN: ['C:/Users/82108/AppData/Local/Programs/Python/Python313/python.exe', 'C:\\access\\mzip\\cccmp_20.py'] | cwd=c:\temp | timeout=60
2026-01-22 08:47:17,382 | INFO | engine | job done: id=4 status=FAIL
2026-01-22 08:47:17,383 | INFO | apscheduler.executors.default | Job "Engine._schedule_job.<locals>.<lambda> (trigger: interval[0:00:20], next run at: 2026-01-22 08:47:37 KST)" executed successfully
2026-01-22 08:47:37,062 | INFO | apscheduler.executors.default | Running job "Engine._schedule_job.<locals>.<lambda> (trigger: interval[0:00:20], next run at: 2026-01-22 08:47:57 KST)" (scheduled at 2026-01-22 08:47:37.047750+09:00)
2026-01-22 08:47:37,073 | INFO | executor | RUN: ['C:/Users/82108/AppData/Local/Programs/Python/Python313/python.exe', 'C:\\access\\mzip\\cccmp_20.py'] | cwd=c:\temp | timeout=60
2026-01-22 08:47:37,387 | INFO | engine | job done: id=4 status=FAIL
2026-01-22 08:47:37,387 | INFO | apscheduler.executors.default | Job "Engine._schedule_job.<locals>.<lambda> (trigger: interval[0:00:20], next run at: 2026-01-22 08:47:57 KST)" executed successfully
2026-01-22 08:47:57,056 | INFO | apscheduler.executors.default | Running job "Engine._schedule_job.<locals>.<lambda> (trigger: interval[0:00:20], next run at: 2026-01-22 08:48:17 KST)" (scheduled at 2026-01-22 08:47:57.047750+09:00)
2026-01-22 08:47:57,074 | INFO | executor | RUN: ['C:/Users/82108/AppData/Local/Programs/Python/Python313/python.exe', 'C:\\access\\mzip\\cccmp_20.py'] | cwd=c:\temp | timeout=60
2026-01-22 08:47:57,394 | INFO | engine | job done: id=4 status=FAIL
2026-01-22 08:47:57,395 | INFO | apscheduler.executors.default | Job "Engine._schedule_job.<locals>.<lambda> (trigger: interval[0:00:20], next run at: 2026-01-22 08:48:17 KST)" executed successfully
2026-01-22 08:48:17,055 | INFO | apscheduler.executors.default | Running job "Engine._schedule_job.<locals>.<lambda> (trigger: interval[0:00:20], next run at: 2026-01-22 08:48:37 KST)" (scheduled at 2026-01-22 08:48:17.047750+09:00)
2026-01-22 08:48:17,060 | INFO | executor | RUN: ['C:/Users/82108/AppData/Local/Programs/Python/Python313/python.exe', 'C:\\access\\mzip\\cccmp_20.py'] | cwd=c:\temp | timeout=60
2026-01-22 08:48:17,214 | INFO | engine | job done: id=4 status=FAIL
2026-01-22 08:48:17,214 | INFO | apscheduler.executors.default | Job "Engine._schedule_job.<locals>.<lambda> (trigger: interval[0:00:20], next run at: 2026-01-22 08:48:37 KST)" executed successfully
2026-01-22 08:48:37,053 | INFO | apscheduler.executors.default | Running job "Engine._schedule_job.<locals>.<lambda> (trigger: interval[0:00:20], next run at: 2026-01-22 08:48:57 KST)" (scheduled at 2026-01-22 08:48:37.047750+09:00)
2026-01-22 08:48:37,074 | INFO | executor | RUN: ['C:/Users/82108/AppData/Local/Programs/Python/Python313/python.exe', 'C:\\access\\mzip\\cccmp_20.py'] | cwd=c:\temp | timeout=60
2026-01-22 08:48:37,238 | INFO | engine | job done: id=4 status=FAIL
2026-01-22 08:48:37,238 | INFO | apscheduler.executors.default | Job "Engine._schedule_job.<locals>.<lambda> (trigger: interval[0:00:20], next run at: 2026-01-22 08:48:57 KST)" executed successfully
2026-01-22 08:48:57,063 | INFO | apscheduler.executors.default | Running job "Engine._schedule_job.<locals>.<lambda> (trigger: interval[0:00:20], next run at: 2026-01-22 08:49:17 KST)" (scheduled at 2026-01-22 08:48:57.047750+09:00)
2026-01-22 08:48:57,082 | INFO | executor | RUN: ['C:/Users/82108/AppData/Local/Programs/Python/Python313/python.exe', 'C:\\access\\mzip\\cccmp_20.py'] | cwd=c:\temp | timeout=60
2026-01-22 08:48:57,247 | INFO | engine | job done: id=4 status=FAIL
2026-01-22 08:48:57,247 | INFO | apscheduler.executors.default | Job "Engine._schedule_job.<locals>.<lambda> (trigger: interval[0:00:20], next run at: 2026-01-22 08:49:17 KST)" executed successfully
2026-01-22 08:49:15,365 | INFO | apscheduler.scheduler | Scheduler has been shut down
2026-01-22 08:49:15,367 | INFO | engine | scheduler stopped
2026-01-22 08:50:05,095 | INFO | apscheduler.scheduler | Scheduler started
2026-01-22 08:50:05,096 | INFO | engine | scheduler started
2026-01-22 08:50:05,097 | INFO | apscheduler.scheduler | Added job "Engine._schedule_job.<locals>.<lambda>" to job store "default"
2026-01-22 08:50:05,098 | INFO | apscheduler.scheduler | Added job "Engine._schedule_job.<locals>.<lambda>" to job store "default"
2026-01-22 08:50:05,098 | INFO | apscheduler.scheduler | Added job "Engine._schedule_job.<locals>.<lambda>" to job store "default"
2026-01-22 08:50:05,099 | INFO | apscheduler.scheduler | Added job "Engine._schedule_job.<locals>.<lambda>" to job store "default"
2026-01-22 08:50:05,099 | INFO | engine | jobs reloaded: 4
2026-01-22 08:50:05,135 | INFO | apscheduler.scheduler | Added job "Engine._schedule_job.<locals>.<lambda>" to job store "default"
2026-01-22 08:50:05,135 | INFO | apscheduler.scheduler | Added job "Engine._schedule_job.<locals>.<lambda>" to job store "default"
2026-01-22 08:50:05,136 | INFO | apscheduler.scheduler | Added job "Engine._schedule_job.<locals>.<lambda>" to job store "default"
2026-01-22 08:50:05,136 | INFO | apscheduler.scheduler | Added job "Engine._schedule_job.<locals>.<lambda>" to job store "default"
2026-01-22 08:50:05,136 | INFO | engine | jobs reloaded: 4
2026-01-22 08:50:25,140 | INFO | apscheduler.executors.default | Running job "Engine._schedule_job.<locals>.<lambda> (trigger: interval[0:00:20], next run at: 2026-01-22 08:50:45 KST)" (scheduled at 2026-01-22 08:50:25.135140+09:00)
2026-01-22 08:50:25,157 | INFO | executor | RUN: ['C:/Users/82108/AppData/Local/Programs/Python/Python313/python.exe', 'C:\\access\\mzip\\cccmp_20.py'] | cwd=c:\temp | timeout=60
2026-01-22 08:50:25,320 | INFO | engine | job done: id=4 status=FAIL
2026-01-22 08:50:25,320 | INFO | apscheduler.executors.default | Job "Engine._schedule_job.<locals>.<lambda> (trigger: interval[0:00:20], next run at: 2026-01-22 08:50:45 KST)" executed successfully
2026-01-22 08:50:45,146 | INFO | apscheduler.executors.default | Running job "Engine._schedule_job.<locals>.<lambda> (trigger: interval[0:00:20], next run at: 2026-01-22 08:51:05 KST)" (scheduled at 2026-01-22 08:50:45.135140+09:00)
2026-01-22 08:50:45,159 | INFO | executor | RUN: ['C:/Users/82108/AppData/Local/Programs/Python/Python313/python.exe', 'C:\\access\\mzip\\cccmp_20.py'] | cwd=c:\temp | timeout=60
2026-01-22 08:50:45,328 | INFO | engine | job done: id=4 status=FAIL
2026-01-22 08:50:45,329 | INFO | apscheduler.executors.default | Job "Engine._schedule_job.<locals>.<lambda> (trigger: interval[0:00:20], next run at: 2026-01-22 08:51:05 KST)" executed successfully
2026-01-22 08:51:05,145 | INFO | apscheduler.executors.default | Running job "Engine._schedule_job.<locals>.<lambda> (trigger: interval[0:00:20], next run at: 2026-01-22 08:51:25 KST)" (scheduled at 2026-01-22 08:51:05.135140+09:00)
2026-01-22 08:51:05,154 | INFO | executor | RUN: ['C:/Users/82108/AppData/Local/Programs/Python/Python313/python.exe', 'C:\\access\\mzip\\cccmp_20.py'] | cwd=c:\temp | timeout=60
2026-01-22 08:51:05,327 | INFO | engine | job done: id=4 status=FAIL
2026-01-22 08:51:05,327 | INFO | apscheduler.executors.default | Job "Engine._schedule_job.<locals>.<lambda> (trigger: interval[0:00:20], next run at: 2026-01-22 08:51:25 KST)" executed successfully
2026-01-22 08:51:25,155 | INFO | apscheduler.executors.default | Running job "Engine._schedule_job.<locals>.<lambda> (trigger: interval[0:00:20], next run at: 2026-01-22 08:51:45 KST)" (scheduled at 2026-01-22 08:51:25.135140+09:00)
2026-01-22 08:51:25,175 | INFO | executor | RUN: ['C:/Users/82108/AppData/Local/Programs/Python/Python313/python.exe', 'C:\\access\\mzip\\cccmp_20.py'] | cwd=c:\temp | timeout=60
2026-01-22 08:51:25,338 | INFO | engine | job done: id=4 status=FAIL
2026-01-22 08:51:25,338 | INFO | apscheduler.executors.default | Job "Engine._schedule_job.<locals>.<lambda> (trigger: interval[0:00:20], next run at: 2026-01-22 08:51:45 KST)" executed successfully
2026-01-22 08:51:45,151 | INFO | apscheduler.executors.default | Running job "Engine._schedule_job.<locals>.<lambda> (trigger: interval[0:00:20], next run at: 2026-01-22 08:52:05 KST)" (scheduled at 2026-01-22 08:51:45.135140+09:00)
2026-01-22 08:51:45,170 | INFO | executor | RUN: ['C:/Users/82108/AppData/Local/Programs/Python/Python313/python.exe', 'C:\\access\\mzip\\cccmp_20.py'] | cwd=c:\temp | timeout=60
2026-01-22 08:51:45,332 | INFO | engine | job done: id=4 status=FAIL
2026-01-22 08:51:45,332 | INFO | apscheduler.executors.default | Job "Engine._schedule_job.<locals>.<lambda> (trigger: interval[0:00:20], next run at: 2026-01-22 08:52:05 KST)" executed successfully
2026-01-22 08:52:05,141 | INFO | apscheduler.executors.default | Running job "Engine._schedule_job.<locals>.<lambda> (trigger: interval[0:00:20], next run at: 2026-01-22 08:52:25 KST)" (scheduled at 2026-01-22 08:52:05.135140+09:00)
2026-01-22 08:52:05,151 | INFO | executor | RUN: ['C:/Users/82108/AppData/Local/Programs/Python/Python313/python.exe', 'C:\\access\\mzip\\cccmp_20.py'] | cwd=c:\temp | timeout=60
2026-01-22 08:52:05,342 | INFO | engine | job done: id=4 status=FAIL
2026-01-22 08:52:05,342 | INFO | apscheduler.executors.default | Job "Engine._schedule_job.<locals>.<lambda> (trigger: interval[0:00:20], next run at: 2026-01-22 08:52:25 KST)" executed successfully
2026-01-22 08:52:25,147 | INFO | apscheduler.executors.default | Running job "Engine._schedule_job.<locals>.<lambda> (trigger: interval[0:00:20], next run at: 2026-01-22 08:52:45 KST)" (scheduled at 2026-01-22 08:52:25.135140+09:00)
2026-01-22 08:52:25,168 | INFO | executor | RUN: ['C:/Users/82108/AppData/Local/Programs/Python/Python313/python.exe', 'C:\\access\\mzip\\cccmp_20.py'] | cwd=c:\temp | timeout=60
2026-01-22 08:52:25,348 | INFO | engine | job done: id=4 status=FAIL
2026-01-22 08:52:25,348 | INFO | apscheduler.executors.default | Job "Engine._schedule_job.<locals>.<lambda> (trigger: interval[0:00:20], next run at: 2026-01-22 08:52:45 KST)" executed successfully
2026-01-22 08:52:45,147 | INFO | apscheduler.executors.default | Running job "Engine._schedule_job.<locals>.<lambda> (trigger: interval[0:00:20], next run at: 2026-01-22 08:53:05 KST)" (scheduled at 2026-01-22 08:52:45.135140+09:00)
2026-01-22 08:52:45,168 | INFO | executor | RUN: ['C:/Users/82108/AppData/Local/Programs/Python/Python313/python.exe', 'C:\\access\\mzip\\cccmp_20.py'] | cwd=c:\temp | timeout=60
2026-01-22 08:52:45,328 | INFO | engine | job done: id=4 status=FAIL
2026-01-22 08:52:45,328 | INFO | apscheduler.executors.default | Job "Engine._schedule_job.<locals>.<lambda> (trigger: interval[0:00:20], next run at: 2026-01-22 08:53:05 KST)" executed successfully
2026-01-22 08:53:05,152 | INFO | apscheduler.executors.default | Running job "Engine._schedule_job.<locals>.<lambda> (trigger: interval[0:00:20], next run at: 2026-01-22 08:53:25 KST)" (scheduled at 2026-01-22 08:53:05.135140+09:00)
2026-01-22 08:53:05,171 | INFO | executor | RUN: ['C:/Users/82108/AppData/Local/Programs/Python/Python313/python.exe', 'C:\\access\\mzip\\cccmp_20.py'] | cwd=c:\temp | timeout=60
2026-01-22 08:53:05,337 | INFO | engine | job done: id=4 status=FAIL
2026-01-22 08:53:05,337 | INFO | apscheduler.executors.default | Job "Engine._schedule_job.<locals>.<lambda> (trigger: interval[0:00:20], next run at: 2026-01-22 08:53:25 KST)" executed successfully
2026-01-22 08:53:25,138 | INFO | apscheduler.executors.default | Running job "Engine._schedule_job.<locals>.<lambda> (trigger: interval[0:00:20], next run at: 2026-01-22 08:53:45 KST)" (scheduled at 2026-01-22 08:53:25.135140+09:00)
2026-01-22 08:53:25,153 | INFO | executor | RUN: ['C:/Users/82108/AppData/Local/Programs/Python/Python313/python.exe', 'C:\\access\\mzip\\cccmp_20.py'] | cwd=c:\temp | timeout=60
2026-01-22 08:53:25,325 | INFO | engine | job done: id=4 status=FAIL
2026-01-22 08:53:25,325 | INFO | apscheduler.executors.default | Job "Engine._schedule_job.<locals>.<lambda> (trigger: interval[0:00:20], next run at: 2026-01-22 08:53:45 KST)" executed successfully
2026-01-22 08:53:45,139 | INFO | apscheduler.executors.default | Running job "Engine._schedule_job.<locals>.<lambda> (trigger: interval[0:00:20], next run at: 2026-01-22 08:54:05 KST)" (scheduled at 2026-01-22 08:53:45.135140+09:00)
2026-01-22 08:53:45,145 | INFO | executor | RUN: ['C:/Users/82108/AppData/Local/Programs/Python/Python313/python.exe', 'C:\\access\\mzip\\cccmp_20.py'] | cwd=c:\temp | timeout=60
2026-01-22 08:53:45,316 | INFO | engine | job done: id=4 status=FAIL
2026-01-22 08:53:45,317 | INFO | apscheduler.executors.default | Job "Engine._schedule_job.<locals>.<lambda> (trigger: interval[0:00:20], next run at: 2026-01-22 08:54:05 KST)" executed successfully
2026-01-22 08:54:05,140 | INFO | apscheduler.executors.default | Running job "Engine._schedule_job.<locals>.<lambda> (trigger: interval[0:00:20], next run at: 2026-01-22 08:54:25 KST)" (scheduled at 2026-01-22 08:54:05.135140+09:00)
2026-01-22 08:54:05,151 | INFO | executor | RUN: ['C:/Users/82108/AppData/Local/Programs/Python/Python313/python.exe', 'C:\\access\\mzip\\cccmp_20.py'] | cwd=c:\temp | timeout=60
2026-01-22 08:54:05,314 | INFO | engine | job done: id=4 status=FAIL
2026-01-22 08:54:05,314 | INFO | apscheduler.executors.default | Job "Engine._schedule_job.<locals>.<lambda> (trigger: interval[0:00:20], next run at: 2026-01-22 08:54:25 KST)" executed successfully
2026-01-22 08:54:25,146 | INFO | apscheduler.executors.default | Running job "Engine._schedule_job.<locals>.<lambda> (trigger: interval[0:00:20], next run at: 2026-01-22 08:54:45 KST)" (scheduled at 2026-01-22 08:54:25.135140+09:00)
2026-01-22 08:54:25,162 | INFO | executor | RUN: ['C:/Users/82108/AppData/Local/Programs/Python/Python313/python.exe', 'C:\\access\\mzip\\cccmp_20.py'] | cwd=c:\temp | timeout=60
2026-01-22 08:54:25,323 | INFO | engine | job done: id=4 status=FAIL
2026-01-22 08:54:25,323 | INFO | apscheduler.executors.default | Job "Engine._schedule_job.<locals>.<lambda> (trigger: interval[0:00:20], next run at: 2026-01-22 08:54:45 KST)" executed successfully
2026-01-22 08:54:34,354 | INFO | apscheduler.scheduler | Added job "Engine._schedule_job.<locals>.<lambda>" to job store "default"
2026-01-22 08:54:34,355 | INFO | apscheduler.scheduler | Added job "Engine._schedule_job.<locals>.<lambda>" to job store "default"
2026-01-22 08:54:34,355 | INFO | apscheduler.scheduler | Added job "Engine._schedule_job.<locals>.<lambda>" to job store "default"
2026-01-22 08:54:34,355 | INFO | apscheduler.scheduler | Added job "Engine._schedule_job.<locals>.<lambda>" to job store "default"
2026-01-22 08:54:34,355 | INFO | engine | jobs reloaded: 4
2026-01-22 08:54:54,358 | INFO | apscheduler.executors.default | Running job "Engine._schedule_job.<locals>.<lambda> (trigger: interval[0:00:20], next run at: 2026-01-22 08:55:14 KST)" (scheduled at 2026-01-22 08:54:54.354399+09:00)
2026-01-22 08:54:54,374 | INFO | executor | RUN: ['C:/Users/82108/AppData/Local/Programs/Python/Python313/python.exe', 'C:\\access\\mzip\\cccmp_20.py'] | cwd=c:\temp | timeout=60
2026-01-22 08:54:54,535 | INFO | engine | job done: id=4 status=FAIL
2026-01-22 08:54:54,536 | INFO | apscheduler.executors.default | Job "Engine._schedule_job.<locals>.<lambda> (trigger: interval[0:00:20], next run at: 2026-01-22 08:55:14 KST)" executed successfully
2026-01-22 08:55:14,363 | INFO | apscheduler.executors.default | Running job "Engine._schedule_job.<locals>.<lambda> (trigger: interval[0:00:20], next run at: 2026-01-22 08:55:34 KST)" (scheduled at 2026-01-22 08:55:14.354399+09:00)
2026-01-22 08:55:14,376 | INFO | executor | RUN: ['C:/Users/82108/AppData/Local/Programs/Python/Python313/python.exe', 'C:\\access\\mzip\\cccmp_20.py'] | cwd=c:\temp | timeout=60
2026-01-22 08:55:14,548 | INFO | engine | job done: id=4 status=FAIL
2026-01-22 08:55:14,548 | INFO | apscheduler.executors.default | Job "Engine._schedule_job.<locals>.<lambda> (trigger: interval[0:00:20], next run at: 2026-01-22 08:55:34 KST)" executed successfully
2026-01-22 08:55:34,356 | INFO | apscheduler.executors.default | Running job "Engine._schedule_job.<locals>.<lambda> (trigger: interval[0:00:20], next run at: 2026-01-22 08:55:54 KST)" (scheduled at 2026-01-22 08:55:34.354399+09:00)
2026-01-22 08:55:34,379 | INFO | executor | RUN: ['C:/Users/82108/AppData/Local/Programs/Python/Python313/python.exe', 'C:\\access\\mzip\\cccmp_20.py'] | cwd=c:\temp | timeout=60
2026-01-22 08:55:34,527 | INFO | engine | job done: id=4 status=FAIL
2026-01-22 08:55:34,528 | INFO | apscheduler.executors.default | Job "Engine._schedule_job.<locals>.<lambda> (trigger: interval[0:00:20], next run at: 2026-01-22 08:55:54 KST)" executed successfully
2026-01-22 08:55:54,362 | INFO | apscheduler.executors.default | Running job "Engine._schedule_job.<locals>.<lambda> (trigger: interval[0:00:20], next run at: 2026-01-22 08:56:14 KST)" (scheduled at 2026-01-22 08:55:54.354399+09:00)
2026-01-22 08:55:54,388 | INFO | executor | RUN: ['C:/Users/82108/AppData/Local/Programs/Python/Python313/python.exe', 'C:\\access\\mzip\\cccmp_20.py'] | cwd=c:\temp | timeout=60
2026-01-22 08:55:54,542 | INFO | engine | job done: id=4 status=FAIL
2026-01-22 08:55:54,542 | INFO | apscheduler.executors.default | Job "Engine._schedule_job.<locals>.<lambda> (trigger: interval[0:00:20], next run at: 2026-01-22 08:56:14 KST)" executed successfully
2026-01-22 08:56:14,363 | INFO | apscheduler.executors.default | Running job "Engine._schedule_job.<locals>.<lambda> (trigger: interval[0:00:20], next run at: 2026-01-22 08:56:34 KST)" (scheduled at 2026-01-22 08:56:14.354399+09:00)
2026-01-22 08:56:14,381 | INFO | executor | RUN: ['C:/Users/82108/AppData/Local/Programs/Python/Python313/python.exe', 'C:\\access\\mzip\\cccmp_20.py'] | cwd=c:\temp | timeout=60
2026-01-22 08:56:14,549 | INFO | engine | job done: id=4 status=FAIL
2026-01-22 08:56:14,550 | INFO | apscheduler.executors.default | Job "Engine._schedule_job.<locals>.<lambda> (trigger: interval[0:00:20], next run at: 2026-01-22 08:56:34 KST)" executed successfully
2026-01-22 08:56:34,362 | INFO | apscheduler.executors.default | Running job "Engine._schedule_job.<locals>.<lambda> (trigger: interval[0:00:20], next run at: 2026-01-22 08:56:54 KST)" (scheduled at 2026-01-22 08:56:34.354399+09:00)
2026-01-22 08:56:34,384 | INFO | executor | RUN: ['C:/Users/82108/AppData/Local/Programs/Python/Python313/python.exe', 'C:\\access\\mzip\\cccmp_20.py'] | cwd=c:\temp | timeout=60
2026-01-22 08:56:34,577 | INFO | engine | job done: id=4 status=FAIL
2026-01-22 08:56:34,577 | INFO | apscheduler.executors.default | Job "Engine._schedule_job.<locals>.<lambda> (trigger: interval[0:00:20], next run at: 2026-01-22 08:56:54 KST)" executed successfully
2026-01-22 08:56:54,363 | INFO | apscheduler.executors.default | Running job "Engine._schedule_job.<locals>.<lambda> (trigger: interval[0:00:20], next run at: 2026-01-22 08:57:14 KST)" (scheduled at 2026-01-22 08:56:54.354399+09:00)
2026-01-22 08:56:54,374 | INFO | executor | RUN: ['C:/Users/82108/AppData/Local/Programs/Python/Python313/python.exe', 'C:\\access\\mzip\\cccmp_20.py'] | cwd=c:\temp | timeout=60
2026-01-22 08:56:54,538 | INFO | engine | job done: id=4 status=FAIL
2026-01-22 08:56:54,538 | INFO | apscheduler.executors.default | Job "Engine._schedule_job.<locals>.<lambda> (trigger: interval[0:00:20], next run at: 2026-01-22 08:57:14 KST)" executed successfully
2026-01-22 08:57:14,364 | INFO | apscheduler.executors.default | Running job "Engine._schedule_job.<locals>.<lambda> (trigger: interval[0:00:20], next run at: 2026-01-22 08:57:34 KST)" (scheduled at 2026-01-22 08:57:14.354399+09:00)
2026-01-22 08:57:14,391 | INFO | executor | RUN: ['C:/Users/82108/AppData/Local/Programs/Python/Python313/python.exe', 'C:\\access\\mzip\\cccmp_20.py'] | cwd=c:\temp | timeout=60
2026-01-22 08:57:14,574 | INFO | engine | job done: id=4 status=FAIL
2026-01-22 08:57:14,574 | INFO | apscheduler.executors.default | Job "Engine._schedule_job.<locals>.<lambda> (trigger: interval[0:00:20], next run at: 2026-01-22 08:57:34 KST)" executed successfully
2026-01-22 08:57:34,371 | INFO | apscheduler.executors.default | Running job "Engine._schedule_job.<locals>.<lambda> (trigger: interval[0:00:20], next run at: 2026-01-22 08:57:54 KST)" (scheduled at 2026-01-22 08:57:34.354399+09:00)
2026-01-22 08:57:34,389 | INFO | executor | RUN: ['C:/Users/82108/AppData/Local/Programs/Python/Python313/python.exe', 'C:\\access\\mzip\\cccmp_20.py'] | cwd=c:\temp | timeout=60
2026-01-22 08:57:34,553 | INFO | engine | job done: id=4 status=FAIL
2026-01-22 08:57:34,553 | INFO | apscheduler.executors.default | Job "Engine._schedule_job.<locals>.<lambda> (trigger: interval[0:00:20], next run at: 2026-01-22 08:57:54 KST)" executed successfully
2026-01-22 08:57:54,358 | INFO | apscheduler.executors.default | Running job "Engine._schedule_job.<locals>.<lambda> (trigger: interval[0:00:20], next run at: 2026-01-22 08:58:14 KST)" (scheduled at 2026-01-22 08:57:54.354399+09:00)
2026-01-22 08:57:54,375 | INFO | executor | RUN: ['C:/Users/82108/AppData/Local/Programs/Python/Python313/python.exe', 'C:\\access\\mzip\\cccmp_20.py'] | cwd=c:\temp | timeout=60
2026-01-22 08:57:54,542 | INFO | engine | job done: id=4 status=FAIL
2026-01-22 08:57:54,543 | INFO | apscheduler.executors.default | Job "Engine._schedule_job.<locals>.<lambda> (trigger: interval[0:00:20], next run at: 2026-01-22 08:58:14 KST)" executed successfully
2026-01-22 08:58:14,361 | INFO | apscheduler.executors.default | Running job "Engine._schedule_job.<locals>.<lambda> (trigger: interval[0:00:20], next run at: 2026-01-22 08:58:34 KST)" (scheduled at 2026-01-22 08:58:14.354399+09:00)
2026-01-22 08:58:14,377 | INFO | executor | RUN: ['C:/Users/82108/AppData/Local/Programs/Python/Python313/python.exe', 'C:\\access\\mzip\\cccmp_20.py'] | cwd=c:\temp | timeout=60
2026-01-22 08:58:14,551 | INFO | engine | job done: id=4 status=FAIL
2026-01-22 08:58:14,551 | INFO | apscheduler.executors.default | Job "Engine._schedule_job.<locals>.<lambda> (trigger: interval[0:00:20], next run at: 2026-01-22 08:58:34 KST)" executed successfully
2026-01-22 08:58:34,360 | INFO | apscheduler.executors.default | Running job "Engine._schedule_job.<locals>.<lambda> (trigger: interval[0:00:20], next run at: 2026-01-22 08:58:54 KST)" (scheduled at 2026-01-22 08:58:34.354399+09:00)
2026-01-22 08:58:34,379 | INFO | executor | RUN: ['C:/Users/82108/AppData/Local/Programs/Python/Python313/python.exe', 'C:\\access\\mzip\\cccmp_20.py'] | cwd=c:\temp | timeout=60
2026-01-22 08:58:34,543 | INFO | engine | job done: id=4 status=FAIL
2026-01-22 08:58:34,544 | INFO | apscheduler.executors.default | Job "Engine._schedule_job.<locals>.<lambda> (trigger: interval[0:00:20], next run at: 2026-01-22 08:58:54 KST)" executed successfully
2026-01-22 08:58:54,355 | INFO | apscheduler.executors.default | Running job "Engine._schedule_job.<locals>.<lambda> (trigger: interval[0:00:20], next run at: 2026-01-22 08:59:14 KST)" (scheduled at 2026-01-22 08:58:54.354399+09:00)
2026-01-22 08:58:54,364 | INFO | executor | RUN: ['C:/Users/82108/AppData/Local/Programs/Python/Python313/python.exe', 'C:\\access\\mzip\\cccmp_20.py'] | cwd=c:\temp | timeout=60
2026-01-22 08:58:54,525 | INFO | engine | job done: id=4 status=FAIL
2026-01-22 08:58:54,525 | INFO | apscheduler.executors.default | Job "Engine._schedule_job.<locals>.<lambda> (trigger: interval[0:00:20], next run at: 2026-01-22 08:59:14 KST)" executed successfully
2026-01-22 08:59:14,360 | INFO | apscheduler.executors.default | Running job "Engine._schedule_job.<locals>.<lambda> (trigger: interval[0:00:20], next run at: 2026-01-22 08:59:34 KST)" (scheduled at 2026-01-22 08:59:14.354399+09:00)
2026-01-22 08:59:14,368 | INFO | executor | RUN: ['C:/Users/82108/AppData/Local/Programs/Python/Python313/python.exe', 'C:\\access\\mzip\\cccmp_20.py'] | cwd=c:\temp | timeout=60
2026-01-22 08:59:14,540 | INFO | engine | job done: id=4 status=FAIL
2026-01-22 08:59:14,540 | INFO | apscheduler.executors.default | Job "Engine._schedule_job.<locals>.<lambda> (trigger: interval[0:00:20], next run at: 2026-01-22 08:59:34 KST)" executed successfully
2026-01-22 08:59:34,359 | INFO | apscheduler.executors.default | Running job "Engine._schedule_job.<locals>.<lambda> (trigger: interval[0:00:20], next run at: 2026-01-22 08:59:54 KST)" (scheduled at 2026-01-22 08:59:34.354399+09:00)
2026-01-22 08:59:34,359 | INFO | apscheduler.executors.default | Running job "Engine._schedule_job.<locals>.<lambda> (trigger: interval[0:05:00], next run at: 2026-01-22 08:59:34 KST)" (scheduled at 2026-01-22 08:59:34.355650+09:00)
2026-01-22 08:59:34,380 | INFO | executor | RUN: ['C:/Users/82108/AppData/Local/Programs/Python/Python313/python.exe', 'C:\\access\\mzip\\cccmp_20.py'] | cwd=c:\temp | timeout=60
2026-01-22 08:59:34,396 | INFO | executor | RUN: ['C:/Program Files (x86)/HNC/Office 2024/HOffice130/Bin/HCell.exe', 'C:\\Users\\82108\\Downloads\\검토.xlsx'] | cwd=c:\temp | timeout=60
2026-01-22 08:59:34,561 | INFO | engine | job done: id=4 status=FAIL
2026-01-22 08:59:34,562 | INFO | apscheduler.executors.default | Job "Engine._schedule_job.<locals>.<lambda> (trigger: interval[0:00:20], next run at: 2026-01-22 08:59:54 KST)" executed successfully
2026-01-22 08:59:54,363 | INFO | apscheduler.executors.default | Running job "Engine._schedule_job.<locals>.<lambda> (trigger: interval[0:00:20], next run at: 2026-01-22 09:00:14 KST)" (scheduled at 2026-01-22 08:59:54.354399+09:00)
2026-01-22 08:59:54,379 | INFO | executor | RUN: ['C:/Users/82108/AppData/Local/Programs/Python/Python313/python.exe', 'C:\\access\\mzip\\cccmp_20.py'] | cwd=c:\temp | timeout=60
2026-01-22 08:59:54,550 | INFO | engine | job done: id=4 status=FAIL
2026-01-22 08:59:54,550 | INFO | apscheduler.executors.default | Job "Engine._schedule_job.<locals>.<lambda> (trigger: interval[0:00:20], next run at: 2026-01-22 09:00:14 KST)" executed successfully
2026-01-22 08:59:55,965 | INFO | engine | job done: id=1 status=SUCCESS
2026-01-22 08:59:55,965 | INFO | apscheduler.executors.default | Job "Engine._schedule_job.<locals>.<lambda> (trigger: interval[0:05:00], next run at: 2026-01-22 09:04:34 KST)" executed successfully
2026-01-22 09:00:00,012 | INFO | apscheduler.executors.default | Running job "Engine._schedule_job.<locals>.<lambda> (trigger: cron[hour='9', minute='0'], next run at: 2026-01-23 09:00:00 KST)" (scheduled at 2026-01-22 09:00:00+09:00)
2026-01-22 09:00:00,039 | INFO | executor | RUN: ['C:/Program Files/Google/Chrome/Application/chrome.exe', 'C:\\Users\\82108\\Downloads\\SAW-4G20H-5GL.pdf'] | cwd=C:/Temp | timeout=60
2026-01-22 09:00:00,087 | INFO | engine | job done: id=2 status=SUCCESS
2026-01-22 09:00:00,088 | INFO | apscheduler.executors.default | Job "Engine._schedule_job.<locals>.<lambda> (trigger: cron[hour='9', minute='0'], next run at: 2026-01-23 09:00:00 KST)" executed successfully
2026-01-22 09:00:14,368 | INFO | apscheduler.executors.default | Running job "Engine._schedule_job.<locals>.<lambda> (trigger: interval[0:00:20], next run at: 2026-01-22 09:00:34 KST)" (scheduled at 2026-01-22 09:00:14.354399+09:00)
2026-01-22 09:00:14,383 | INFO | executor | RUN: ['C:/Users/82108/AppData/Local/Programs/Python/Python313/python.exe', 'C:\\access\\mzip\\cccmp_20.py'] | cwd=c:\temp | timeout=60
2026-01-22 09:00:14,551 | INFO | engine | job done: id=4 status=FAIL
2026-01-22 09:00:14,551 | INFO | apscheduler.executors.default | Job "Engine._schedule_job.<locals>.<lambda> (trigger: interval[0:00:20], next run at: 2026-01-22 09:00:34 KST)" executed successfully
2026-01-22 09:00:34,361 | INFO | apscheduler.executors.default | Running job "Engine._schedule_job.<locals>.<lambda> (trigger: interval[0:00:20], next run at: 2026-01-22 09:00:54 KST)" (scheduled at 2026-01-22 09:00:34.354399+09:00)
2026-01-22 09:00:34,384 | INFO | executor | RUN: ['C:/Users/82108/AppData/Local/Programs/Python/Python313/python.exe', 'C:\\access\\mzip\\cccmp_20.py'] | cwd=c:\temp | timeout=60
2026-01-22 09:00:34,554 | INFO | engine | job done: id=4 status=FAIL
2026-01-22 09:00:34,554 | INFO | apscheduler.executors.default | Job "Engine._schedule_job.<locals>.<lambda> (trigger: interval[0:00:20], next run at: 2026-01-22 09:00:54 KST)" executed successfully
2026-01-22 09:00:54,355 | INFO | apscheduler.executors.default | Running job "Engine._schedule_job.<locals>.<lambda> (trigger: interval[0:00:20], next run at: 2026-01-22 09:01:14 KST)" (scheduled at 2026-01-22 09:00:54.354399+09:00)
2026-01-22 09:00:54,375 | INFO | executor | RUN: ['C:/Users/82108/AppData/Local/Programs/Python/Python313/python.exe', 'C:\\access\\mzip\\cccmp_20.py'] | cwd=c:\temp | timeout=60
2026-01-22 09:00:54,550 | INFO | engine | job done: id=4 status=FAIL
2026-01-22 09:00:54,550 | INFO | apscheduler.executors.default | Job "Engine._schedule_job.<locals>.<lambda> (trigger: interval[0:00:20], next run at: 2026-01-22 09:01:14 KST)" executed successfully
2026-01-22 09:01:14,362 | INFO | apscheduler.executors.default | Running job "Engine._schedule_job.<locals>.<lambda> (trigger: interval[0:00:20], next run at: 2026-01-22 09:01:34 KST)" (scheduled at 2026-01-22 09:01:14.354399+09:00)
2026-01-22 09:01:14,377 | INFO | executor | RUN: ['C:/Users/82108/AppData/Local/Programs/Python/Python313/python.exe', 'C:\\access\\mzip\\cccmp_20.py'] | cwd=c:\temp | timeout=60
2026-01-22 09:01:14,547 | INFO | engine | job done: id=4 status=FAIL
2026-01-22 09:01:14,547 | INFO | apscheduler.executors.default | Job "Engine._schedule_job.<locals>.<lambda> (trigger: interval[0:00:20], next run at: 2026-01-22 09:01:34 KST)" executed successfully
2026-01-22 09:01:34,362 | INFO | apscheduler.executors.default | Running job "Engine._schedule_job.<locals>.<lambda> (trigger: interval[0:00:20], next run at: 2026-01-22 09:01:54 KST)" (scheduled at 2026-01-22 09:01:34.354399+09:00)
2026-01-22 09:01:34,378 | INFO | executor | RUN: ['C:/Users/82108/AppData/Local/Programs/Python/Python313/python.exe', 'C:\\access\\mzip\\cccmp_20.py'] | cwd=c:\temp | timeout=60
2026-01-22 09:01:34,543 | INFO | engine | job done: id=4 status=FAIL
2026-01-22 09:01:34,543 | INFO | apscheduler.executors.default | Job "Engine._schedule_job.<locals>.<lambda> (trigger: interval[0:00:20], next run at: 2026-01-22 09:01:54 KST)" executed successfully
2026-01-22 09:01:54,355 | INFO | apscheduler.executors.default | Running job "Engine._schedule_job.<locals>.<lambda> (trigger: interval[0:00:20], next run at: 2026-01-22 09:02:14 KST)" (scheduled at 2026-01-22 09:01:54.354399+09:00)
2026-01-22 09:01:54,377 | INFO | executor | RUN: ['C:/Users/82108/AppData/Local/Programs/Python/Python313/python.exe', 'C:\\access\\mzip\\cccmp_20.py'] | cwd=c:\temp | timeout=60
2026-01-22 09:01:54,541 | INFO | engine | job done: id=4 status=FAIL
2026-01-22 09:01:54,542 | INFO | apscheduler.executors.default | Job "Engine._schedule_job.<locals>.<lambda> (trigger: interval[0:00:20], next run at: 2026-01-22 09:02:14 KST)" executed successfully
2026-01-22 09:02:14,366 | INFO | apscheduler.executors.default | Running job "Engine._schedule_job.<locals>.<lambda> (trigger: interval[0:00:20], next run at: 2026-01-22 09:02:34 KST)" (scheduled at 2026-01-22 09:02:14.354399+09:00)
2026-01-22 09:02:14,390 | INFO | executor | RUN: ['C:/Users/82108/AppData/Local/Programs/Python/Python313/python.exe', 'C:\\access\\mzip\\cccmp_20.py'] | cwd=c:\temp | timeout=60
2026-01-22 09:02:14,564 | INFO | engine | job done: id=4 status=FAIL
2026-01-22 09:02:14,564 | INFO | apscheduler.executors.default | Job "Engine._schedule_job.<locals>.<lambda> (trigger: interval[0:00:20], next run at: 2026-01-22 09:02:34 KST)" executed successfully
2026-01-22 09:02:34,356 | INFO | apscheduler.executors.default | Running job "Engine._schedule_job.<locals>.<lambda> (trigger: interval[0:00:20], next run at: 2026-01-22 09:02:54 KST)" (scheduled at 2026-01-22 09:02:34.354399+09:00)
2026-01-22 09:02:34,371 | INFO | executor | RUN: ['C:/Users/82108/AppData/Local/Programs/Python/Python313/python.exe', 'C:\\access\\mzip\\cccmp_20.py'] | cwd=c:\temp | timeout=60
2026-01-22 09:02:34,539 | INFO | engine | job done: id=4 status=FAIL
2026-01-22 09:02:34,539 | INFO | apscheduler.executors.default | Job "Engine._schedule_job.<locals>.<lambda> (trigger: interval[0:00:20], next run at: 2026-01-22 09:02:54 KST)" executed successfully
2026-01-22 09:02:54,360 | INFO | apscheduler.executors.default | Running job "Engine._schedule_job.<locals>.<lambda> (trigger: interval[0:00:20], next run at: 2026-01-22 09:03:14 KST)" (scheduled at 2026-01-22 09:02:54.354399+09:00)
2026-01-22 09:02:54,375 | INFO | executor | RUN: ['C:/Users/82108/AppData/Local/Programs/Python/Python313/python.exe', 'C:\\access\\mzip\\cccmp_20.py'] | cwd=c:\temp | timeout=60
2026-01-22 09:02:54,549 | INFO | engine | job done: id=4 status=FAIL
2026-01-22 09:02:54,549 | INFO | apscheduler.executors.default | Job "Engine._schedule_job.<locals>.<lambda> (trigger: interval[0:00:20], next run at: 2026-01-22 09:03:14 KST)" executed successfully
2026-01-22 09:03:14,358 | INFO | apscheduler.executors.default | Running job "Engine._schedule_job.<locals>.<lambda> (trigger: interval[0:00:20], next run at: 2026-01-22 09:03:34 KST)" (scheduled at 2026-01-22 09:03:14.354399+09:00)
2026-01-22 09:03:14,375 | INFO | executor | RUN: ['C:/Users/82108/AppData/Local/Programs/Python/Python313/python.exe', 'C:\\access\\mzip\\cccmp_20.py'] | cwd=c:\temp | timeout=60
2026-01-22 09:03:14,553 | INFO | engine | job done: id=4 status=FAIL
2026-01-22 09:03:14,554 | INFO | apscheduler.executors.default | Job "Engine._schedule_job.<locals>.<lambda> (trigger: interval[0:00:20], next run at: 2026-01-22 09:03:34 KST)" executed successfully
2026-01-22 09:03:34,369 | INFO | apscheduler.executors.default | Running job "Engine._schedule_job.<locals>.<lambda> (trigger: interval[0:00:20], next run at: 2026-01-22 09:03:54 KST)" (scheduled at 2026-01-22 09:03:34.354399+09:00)
2026-01-22 09:03:34,401 | INFO | executor | RUN: ['C:/Users/82108/AppData/Local/Programs/Python/Python313/python.exe', 'C:\\access\\mzip\\cccmp_20.py'] | cwd=c:\temp | timeout=60
2026-01-22 09:03:34,579 | INFO | engine | job done: id=4 status=FAIL
2026-01-22 09:03:34,579 | INFO | apscheduler.executors.default | Job "Engine._schedule_job.<locals>.<lambda> (trigger: interval[0:00:20], next run at: 2026-01-22 09:03:54 KST)" executed successfully
2026-01-22 09:03:54,359 | INFO | apscheduler.executors.default | Running job "Engine._schedule_job.<locals>.<lambda> (trigger: interval[0:00:20], next run at: 2026-01-22 09:04:14 KST)" (scheduled at 2026-01-22 09:03:54.354399+09:00)
2026-01-22 09:03:54,386 | INFO | executor | RUN: ['C:/Users/82108/AppData/Local/Programs/Python/Python313/python.exe', 'C:\\access\\mzip\\cccmp_20.py'] | cwd=c:\temp | timeout=60
2026-01-22 09:03:54,550 | INFO | engine | job done: id=4 status=FAIL
2026-01-22 09:03:54,550 | INFO | apscheduler.executors.default | Job "Engine._schedule_job.<locals>.<lambda> (trigger: interval[0:00:20], next run at: 2026-01-22 09:04:14 KST)" executed successfully
2026-01-22 09:04:14,356 | INFO | apscheduler.executors.default | Running job "Engine._schedule_job.<locals>.<lambda> (trigger: interval[0:00:20], next run at: 2026-01-22 09:04:34 KST)" (scheduled at 2026-01-22 09:04:14.354399+09:00)
2026-01-22 09:04:14,378 | INFO | executor | RUN: ['C:/Users/82108/AppData/Local/Programs/Python/Python313/python.exe', 'C:\\access\\mzip\\cccmp_20.py'] | cwd=c:\temp | timeout=60
2026-01-22 09:04:14,559 | INFO | engine | job done: id=4 status=FAIL
2026-01-22 09:04:14,560 | INFO | apscheduler.executors.default | Job "Engine._schedule_job.<locals>.<lambda> (trigger: interval[0:00:20], next run at: 2026-01-22 09:04:34 KST)" executed successfully
2026-01-22 09:04:34,356 | INFO | apscheduler.executors.default | Running job "Engine._schedule_job.<locals>.<lambda> (trigger: interval[0:00:20], next run at: 2026-01-22 09:04:54 KST)" (scheduled at 2026-01-22 09:04:34.354399+09:00)
2026-01-22 09:04:34,356 | INFO | apscheduler.executors.default | Running job "Engine._schedule_job.<locals>.<lambda> (trigger: interval[0:05:00], next run at: 2026-01-22 09:09:34 KST)" (scheduled at 2026-01-22 09:04:34.355650+09:00)
2026-01-22 09:04:34,372 | INFO | executor | RUN: ['C:/Users/82108/AppData/Local/Programs/Python/Python313/python.exe', 'C:\\access\\mzip\\cccmp_20.py'] | cwd=c:\temp | timeout=60
2026-01-22 09:04:34,394 | INFO | executor | RUN: ['C:/Program Files (x86)/HNC/Office 2024/HOffice130/Bin/HCell.exe', 'C:\\Users\\82108\\Downloads\\검토.xlsx'] | cwd=c:\temp | timeout=60
2026-01-22 09:04:34,546 | INFO | engine | job done: id=4 status=FAIL
2026-01-22 09:04:34,546 | INFO | apscheduler.executors.default | Job "Engine._schedule_job.<locals>.<lambda> (trigger: interval[0:00:20], next run at: 2026-01-22 09:04:54 KST)" executed successfully
2026-01-22 09:04:54,369 | INFO | apscheduler.executors.default | Running job "Engine._schedule_job.<locals>.<lambda> (trigger: interval[0:00:20], next run at: 2026-01-22 09:05:14 KST)" (scheduled at 2026-01-22 09:04:54.354399+09:00)
2026-01-22 09:04:54,384 | INFO | executor | RUN: ['C:/Users/82108/AppData/Local/Programs/Python/Python313/python.exe', 'C:\\access\\mzip\\cccmp_20.py'] | cwd=c:\temp | timeout=60
2026-01-22 09:04:54,541 | INFO | engine | job done: id=4 status=FAIL
2026-01-22 09:04:54,542 | INFO | apscheduler.executors.default | Job "Engine._schedule_job.<locals>.<lambda> (trigger: interval[0:00:20], next run at: 2026-01-22 09:05:14 KST)" executed successfully
2026-01-22 09:05:03,949 | INFO | engine | job done: id=1 status=SUCCESS
2026-01-22 09:05:03,950 | INFO | apscheduler.executors.default | Job "Engine._schedule_job.<locals>.<lambda> (trigger: interval[0:05:00], next run at: 2026-01-22 09:09:34 KST)" executed successfully
2026-01-22 09:05:14,360 | INFO | apscheduler.executors.default | Running job "Engine._schedule_job.<locals>.<lambda> (trigger: interval[0:00:20], next run at: 2026-01-22 09:05:34 KST)" (scheduled at 2026-01-22 09:05:14.354399+09:00)
2026-01-22 09:05:14,376 | INFO | executor | RUN: ['C:/Users/82108/AppData/Local/Programs/Python/Python313/python.exe', 'C:\\access\\mzip\\cccmp_20.py'] | cwd=c:\temp | timeout=60
2026-01-22 09:05:14,556 | INFO | engine | job done: id=4 status=FAIL
2026-01-22 09:05:14,557 | INFO | apscheduler.executors.default | Job "Engine._schedule_job.<locals>.<lambda> (trigger: interval[0:00:20], next run at: 2026-01-22 09:05:34 KST)" executed successfully
2026-01-22 09:05:34,369 | INFO | apscheduler.executors.default | Running job "Engine._schedule_job.<locals>.<lambda> (trigger: interval[0:00:20], next run at: 2026-01-22 09:05:54 KST)" (scheduled at 2026-01-22 09:05:34.354399+09:00)
2026-01-22 09:05:34,389 | INFO | executor | RUN: ['C:/Users/82108/AppData/Local/Programs/Python/Python313/python.exe', 'C:\\access\\mzip\\cccmp_20.py'] | cwd=c:\temp | timeout=60
2026-01-22 09:05:34,550 | INFO | engine | job done: id=4 status=FAIL
2026-01-22 09:05:34,550 | INFO | apscheduler.executors.default | Job "Engine._schedule_job.<locals>.<lambda> (trigger: interval[0:00:20], next run at: 2026-01-22 09:05:54 KST)" executed successfully
2026-01-22 09:05:54,370 | INFO | apscheduler.executors.default | Running job "Engine._schedule_job.<locals>.<lambda> (trigger: interval[0:00:20], next run at: 2026-01-22 09:06:14 KST)" (scheduled at 2026-01-22 09:05:54.354399+09:00)
2026-01-22 09:05:54,393 | INFO | executor | RUN: ['C:/Users/82108/AppData/Local/Programs/Python/Python313/python.exe', 'C:\\access\\mzip\\cccmp_20.py'] | cwd=c:\temp | timeout=60
2026-01-22 09:05:54,585 | INFO | engine | job done: id=4 status=FAIL
2026-01-22 09:05:54,585 | INFO | apscheduler.executors.default | Job "Engine._schedule_job.<locals>.<lambda> (trigger: interval[0:00:20], next run at: 2026-01-22 09:06:14 KST)" executed successfully
2026-01-22 09:06:09,206 | INFO | apscheduler.scheduler | Scheduler has been shut down
2026-01-22 09:06:09,207 | INFO | engine | scheduler stopped
2026-01-22 09:06:11,551 | INFO | apscheduler.scheduler | Scheduler started
2026-01-22 09:06:11,553 | INFO | engine | scheduler started
2026-01-22 09:06:11,554 | INFO | apscheduler.scheduler | Added job "Engine._schedule_job.<locals>.<lambda>" to job store "default"
2026-01-22 09:06:11,555 | INFO | apscheduler.scheduler | Added job "Engine._schedule_job.<locals>.<lambda>" to job store "default"
2026-01-22 09:06:11,555 | INFO | apscheduler.scheduler | Added job "Engine._schedule_job.<locals>.<lambda>" to job store "default"
2026-01-22 09:06:11,556 | INFO | apscheduler.scheduler | Added job "Engine._schedule_job.<locals>.<lambda>" to job store "default"
2026-01-22 09:06:11,556 | INFO | engine | jobs reloaded: 4
2026-01-22 09:06:11,596 | INFO | apscheduler.scheduler | Added job "Engine._schedule_job.<locals>.<lambda>" to job store "default"
2026-01-22 09:06:11,596 | INFO | apscheduler.scheduler | Added job "Engine._schedule_job.<locals>.<lambda>" to job store "default"
2026-01-22 09:06:11,597 | INFO | apscheduler.scheduler | Added job "Engine._schedule_job.<locals>.<lambda>" to job store "default"
2026-01-22 09:06:11,597 | INFO | apscheduler.scheduler | Added job "Engine._schedule_job.<locals>.<lambda>" to job store "default"
2026-01-22 09:06:11,597 | INFO | engine | jobs reloaded: 4
2026-01-22 09:06:21,430 | INFO | apscheduler.scheduler | Scheduler has been shut down
2026-01-22 09:06:21,430 | INFO | engine | scheduler stopped
2026-01-22 09:09:01,770 | INFO | apscheduler.scheduler | Scheduler started
2026-01-22 09:09:01,771 | INFO | engine | scheduler started
2026-01-22 09:09:01,772 | INFO | apscheduler.scheduler | Added job "Engine._schedule_job.<locals>.<lambda>" to job store "default"
2026-01-22 09:09:01,772 | INFO | apscheduler.scheduler | Added job "Engine._schedule_job.<locals>.<lambda>" to job store "default"
2026-01-22 09:09:01,773 | INFO | apscheduler.scheduler | Added job "Engine._schedule_job.<locals>.<lambda>" to job store "default"
2026-01-22 09:09:01,773 | INFO | apscheduler.scheduler | Added job "Engine._schedule_job.<locals>.<lambda>" to job store "default"
2026-01-22 09:09:01,773 | INFO | engine | jobs reloaded: 4
2026-01-22 09:10:20,414 | INFO | apscheduler.scheduler | Scheduler started
2026-01-22 09:10:20,416 | INFO | engine | scheduler started
2026-01-22 09:10:20,416 | INFO | apscheduler.scheduler | Added job "Engine._schedule_job.<locals>.<lambda>" to job store "default"
2026-01-22 09:10:20,417 | INFO | apscheduler.scheduler | Added job "Engine._schedule_job.<locals>.<lambda>" to job store "default"
2026-01-22 09:10:20,417 | INFO | apscheduler.scheduler | Added job "Engine._schedule_job.<locals>.<lambda>" to job store "default"
2026-01-22 09:10:20,418 | INFO | apscheduler.scheduler | Added job "Engine._schedule_job.<locals>.<lambda>" to job store "default"
2026-01-22 09:10:20,418 | INFO | engine | jobs reloaded: 4
2026-01-22 09:10:20,458 | INFO | apscheduler.scheduler | Added job "Engine._schedule_job.<locals>.<lambda>" to job store "default"
2026-01-22 09:10:20,459 | INFO | apscheduler.scheduler | Added job "Engine._schedule_job.<locals>.<lambda>" to job store "default"
2026-01-22 09:10:20,459 | INFO | apscheduler.scheduler | Added job "Engine._schedule_job.<locals>.<lambda>" to job store "default"
2026-01-22 09:10:20,459 | INFO | apscheduler.scheduler | Added job "Engine._schedule_job.<locals>.<lambda>" to job store "default"
2026-01-22 09:10:20,459 | INFO | engine | jobs reloaded: 4
2026-01-22 09:10:40,467 | INFO | apscheduler.executors.default | Running job "Engine._schedule_job.<locals>.<lambda> (trigger: interval[0:00:20], next run at: 2026-01-22 09:10:40 KST)" (scheduled at 2026-01-22 09:10:40.458529+09:00)
2026-01-22 09:10:40,487 | INFO | executor | RUN: ['C:/Users/82108/AppData/Local/Programs/Python/Python313/python.exe', 'C:\\access\\mzip\\cccmp_20.py'] | cwd=c:\temp | timeout=60
2026-01-22 09:10:40,839 | INFO | engine | job done: id=4 status=FAIL
2026-01-22 09:10:40,841 | INFO | apscheduler.executors.default | Job "Engine._schedule_job.<locals>.<lambda> (trigger: interval[0:00:20], next run at: 2026-01-22 09:11:00 KST)" executed successfully
2026-01-22 09:10:53,429 | INFO | executor | RUN: ['C:/Users/82108/Videos/Captures/Microsoft Teams meeting _ Microsoft Teams - Chrome 2026-01-09 16-09-17.mp4'] | cwd= | timeout=60
2026-01-22 09:11:00,471 | INFO | apscheduler.executors.default | Running job "Engine._schedule_job.<locals>.<lambda> (trigger: interval[0:00:20], next run at: 2026-01-22 09:11:20 KST)" (scheduled at 2026-01-22 09:11:00.458529+09:00)
2026-01-22 09:11:00,481 | INFO | executor | RUN: ['C:/Users/82108/AppData/Local/Programs/Python/Python313/python.exe', 'C:\\access\\mzip\\cccmp_20.py'] | cwd=c:\temp | timeout=60
2026-01-22 09:11:00,651 | INFO | engine | job done: id=4 status=FAIL
2026-01-22 09:11:00,651 | INFO | apscheduler.executors.default | Job "Engine._schedule_job.<locals>.<lambda> (trigger: interval[0:00:20], next run at: 2026-01-22 09:11:20 KST)" executed successfully
2026-01-22 09:11:16,333 | INFO | executor | RUN: ['C:/Users/82108/Videos/Captures/Microsoft Teams meeting _ Microsoft Teams - Chrome 2026-01-09 16-09-17.mp4'] | cwd= | timeout=60
2026-01-22 09:11:20,478 | INFO | apscheduler.executors.default | Running job "Engine._schedule_job.<locals>.<lambda> (trigger: interval[0:00:20], next run at: 2026-01-22 09:11:40 KST)" (scheduled at 2026-01-22 09:11:20.458529+09:00)
2026-01-22 09:11:20,500 | INFO | executor | RUN: ['C:/Users/82108/AppData/Local/Programs/Python/Python313/python.exe', 'C:\\access\\mzip\\cccmp_20.py'] | cwd=c:\temp | timeout=60
2026-01-22 09:11:20,655 | INFO | engine | job done: id=4 status=FAIL
2026-01-22 09:11:20,656 | INFO | apscheduler.executors.default | Job "Engine._schedule_job.<locals>.<lambda> (trigger: interval[0:00:20], next run at: 2026-01-22 09:11:40 KST)" executed successfully
2026-01-22 09:11:36,966 | INFO | executor | RUN: ['C:/Program Files/Google/Chrome/Application/chrome.exe', 'C:\\Users\\82108\\Downloads\\SAW-4G20H-5GL.pdf'] | cwd=C:/Temp | timeout=60
2026-01-22 09:11:37,032 | INFO | engine | job done: id=2 status=SUCCESS
2026-01-22 09:11:40,468 | INFO | apscheduler.executors.default | Running job "Engine._schedule_job.<locals>.<lambda> (trigger: interval[0:00:20], next run at: 2026-01-22 09:12:00 KST)" (scheduled at 2026-01-22 09:11:40.458529+09:00)
2026-01-22 09:11:40,477 | INFO | executor | RUN: ['C:/Users/82108/AppData/Local/Programs/Python/Python313/python.exe', 'C:\\access\\mzip\\cccmp_20.py'] | cwd=c:\temp | timeout=60
2026-01-22 09:11:40,643 | INFO | engine | job done: id=4 status=FAIL
2026-01-22 09:11:40,643 | INFO | apscheduler.executors.default | Job "Engine._schedule_job.<locals>.<lambda> (trigger: interval[0:00:20], next run at: 2026-01-22 09:12:00 KST)" executed successfully
2026-01-22 09:12:00,478 | INFO | apscheduler.executors.default | Running job "Engine._schedule_job.<locals>.<lambda> (trigger: interval[0:00:20], next run at: 2026-01-22 09:12:20 KST)" (scheduled at 2026-01-22 09:12:00.458529+09:00)
2026-01-22 09:12:00,490 | INFO | executor | RUN: ['C:/Users/82108/AppData/Local/Programs/Python/Python313/python.exe', 'C:\\access\\mzip\\cccmp_20.py'] | cwd=c:\temp | timeout=60
2026-01-22 09:12:00,640 | INFO | engine | job done: id=4 status=FAIL
2026-01-22 09:12:00,640 | INFO | apscheduler.executors.default | Job "Engine._schedule_job.<locals>.<lambda> (trigger: interval[0:00:20], next run at: 2026-01-22 09:12:20 KST)" executed successfully
2026-01-22 09:12:20,470 | INFO | apscheduler.executors.default | Running job "Engine._schedule_job.<locals>.<lambda> (trigger: interval[0:00:20], next run at: 2026-01-22 09:12:40 KST)" (scheduled at 2026-01-22 09:12:20.458529+09:00)
2026-01-22 09:12:20,478 | INFO | executor | RUN: ['C:/Users/82108/AppData/Local/Programs/Python/Python313/python.exe', 'C:\\access\\mzip\\cccmp_20.py'] | cwd=c:\temp | timeout=60
2026-01-22 09:12:20,647 | INFO | engine | job done: id=4 status=FAIL
2026-01-22 09:12:20,648 | INFO | apscheduler.executors.default | Job "Engine._schedule_job.<locals>.<lambda> (trigger: interval[0:00:20], next run at: 2026-01-22 09:12:40 KST)" executed successfully
2026-01-22 09:12:40,469 | INFO | apscheduler.executors.default | Running job "Engine._schedule_job.<locals>.<lambda> (trigger: interval[0:00:20], next run at: 2026-01-22 09:13:00 KST)" (scheduled at 2026-01-22 09:12:40.458529+09:00)
2026-01-22 09:12:40,476 | INFO | executor | RUN: ['C:/Users/82108/AppData/Local/Programs/Python/Python313/python.exe', 'C:\\access\\mzip\\cccmp_20.py'] | cwd=c:\temp | timeout=60
2026-01-22 09:12:40,630 | INFO | engine | job done: id=4 status=FAIL
2026-01-22 09:12:40,631 | INFO | apscheduler.executors.default | Job "Engine._schedule_job.<locals>.<lambda> (trigger: interval[0:00:20], next run at: 2026-01-22 09:13:00 KST)" executed successfully
2026-01-22 09:12:40,885 | INFO | apscheduler.scheduler | Added job "Engine._schedule_job.<locals>.<lambda>" to job store "default"
2026-01-22 09:12:40,886 | INFO | apscheduler.scheduler | Added job "Engine._schedule_job.<locals>.<lambda>" to job store "default"
2026-01-22 09:12:40,886 | INFO | apscheduler.scheduler | Added job "Engine._schedule_job.<locals>.<lambda>" to job store "default"
2026-01-22 09:12:40,887 | INFO | engine | jobs reloaded: 3
2026-01-22 09:13:00,887 | INFO | apscheduler.executors.default | Running job "Engine._schedule_job.<locals>.<lambda> (trigger: interval[0:00:20], next run at: 2026-01-22 09:13:20 KST)" (scheduled at 2026-01-22 09:13:00.885587+09:00)
2026-01-22 09:13:00,895 | INFO | executor | RUN: ['C:/Users/82108/AppData/Local/Programs/Python/Python313/python.exe', 'C:\\access\\mzip\\cccmp_20.py'] | cwd=c:\temp | timeout=60
2026-01-22 09:13:01,056 | INFO | engine | job done: id=4 status=FAIL
2026-01-22 09:13:01,056 | INFO | apscheduler.executors.default | Job "Engine._schedule_job.<locals>.<lambda> (trigger: interval[0:00:20], next run at: 2026-01-22 09:13:20 KST)" executed successfully
2026-01-22 09:13:20,891 | INFO | apscheduler.executors.default | Running job "Engine._schedule_job.<locals>.<lambda> (trigger: interval[0:00:20], next run at: 2026-01-22 09:13:40 KST)" (scheduled at 2026-01-22 09:13:20.885587+09:00)
2026-01-22 09:13:20,899 | INFO | executor | RUN: ['C:/Users/82108/AppData/Local/Programs/Python/Python313/python.exe', 'C:\\access\\mzip\\cccmp_20.py'] | cwd=c:\temp | timeout=60
2026-01-22 09:13:21,062 | INFO | engine | job done: id=4 status=FAIL
2026-01-22 09:13:21,062 | INFO | apscheduler.executors.default | Job "Engine._schedule_job.<locals>.<lambda> (trigger: interval[0:00:20], next run at: 2026-01-22 09:13:40 KST)" executed successfully
2026-01-22 09:13:40,894 | INFO | apscheduler.executors.default | Running job "Engine._schedule_job.<locals>.<lambda> (trigger: interval[0:00:20], next run at: 2026-01-22 09:14:00 KST)" (scheduled at 2026-01-22 09:13:40.885587+09:00)
2026-01-22 09:13:40,900 | INFO | executor | RUN: ['C:/Users/82108/AppData/Local/Programs/Python/Python313/python.exe', 'C:\\access\\mzip\\cccmp_20.py'] | cwd=c:\temp | timeout=60
2026-01-22 09:13:41,091 | INFO | engine | job done: id=4 status=FAIL
2026-01-22 09:13:41,092 | INFO | apscheduler.executors.default | Job "Engine._schedule_job.<locals>.<lambda> (trigger: interval[0:00:20], next run at: 2026-01-22 09:14:00 KST)" executed successfully
2026-01-22 09:14:00,901 | INFO | apscheduler.executors.default | Running job "Engine._schedule_job.<locals>.<lambda> (trigger: interval[0:00:20], next run at: 2026-01-22 09:14:20 KST)" (scheduled at 2026-01-22 09:14:00.885587+09:00)
2026-01-22 09:14:00,919 | INFO | executor | RUN: ['C:/Users/82108/AppData/Local/Programs/Python/Python313/python.exe', 'C:\\access\\mzip\\cccmp_20.py'] | cwd=c:\temp | timeout=60
2026-01-22 09:14:01,086 | INFO | engine | job done: id=4 status=FAIL
2026-01-22 09:14:01,086 | INFO | apscheduler.executors.default | Job "Engine._schedule_job.<locals>.<lambda> (trigger: interval[0:00:20], next run at: 2026-01-22 09:14:20 KST)" executed successfully
2026-01-22 09:14:20,890 | INFO | apscheduler.executors.default | Running job "Engine._schedule_job.<locals>.<lambda> (trigger: interval[0:00:20], next run at: 2026-01-22 09:14:40 KST)" (scheduled at 2026-01-22 09:14:20.885587+09:00)
2026-01-22 09:14:20,898 | INFO | executor | RUN: ['C:/Users/82108/AppData/Local/Programs/Python/Python313/python.exe', 'C:\\access\\mzip\\cccmp_20.py'] | cwd=c:\temp | timeout=60
2026-01-22 09:14:21,063 | INFO | engine | job done: id=4 status=FAIL
2026-01-22 09:14:21,064 | INFO | apscheduler.executors.default | Job "Engine._schedule_job.<locals>.<lambda> (trigger: interval[0:00:20], next run at: 2026-01-22 09:14:40 KST)" executed successfully
2026-01-22 09:14:40,894 | INFO | apscheduler.executors.default | Running job "Engine._schedule_job.<locals>.<lambda> (trigger: interval[0:00:20], next run at: 2026-01-22 09:15:00 KST)" (scheduled at 2026-01-22 09:14:40.885587+09:00)
2026-01-22 09:14:40,918 | INFO | executor | RUN: ['C:/Users/82108/AppData/Local/Programs/Python/Python313/python.exe', 'C:\\access\\mzip\\cccmp_20.py'] | cwd=c:\temp | timeout=60
2026-01-22 09:14:41,086 | INFO | engine | job done: id=4 status=FAIL
2026-01-22 09:14:41,086 | INFO | apscheduler.executors.default | Job "Engine._schedule_job.<locals>.<lambda> (trigger: interval[0:00:20], next run at: 2026-01-22 09:15:00 KST)" executed successfully
2026-01-22 09:15:00,895 | INFO | apscheduler.executors.default | Running job "Engine._schedule_job.<locals>.<lambda> (trigger: interval[0:00:20], next run at: 2026-01-22 09:15:20 KST)" (scheduled at 2026-01-22 09:15:00.885587+09:00)
2026-01-22 09:15:00,909 | INFO | executor | RUN: ['C:/Users/82108/AppData/Local/Programs/Python/Python313/python.exe', 'C:\\access\\mzip\\cccmp_20.py'] | cwd=c:\temp | timeout=60
2026-01-22 09:15:01,093 | INFO | engine | job done: id=4 status=FAIL
2026-01-22 09:15:01,093 | INFO | apscheduler.executors.default | Job "Engine._schedule_job.<locals>.<lambda> (trigger: interval[0:00:20], next run at: 2026-01-22 09:15:20 KST)" executed successfully
2026-01-22 09:15:20,890 | INFO | apscheduler.executors.default | Running job "Engine._schedule_job.<locals>.<lambda> (trigger: interval[0:00:20], next run at: 2026-01-22 09:15:40 KST)" (scheduled at 2026-01-22 09:15:20.885587+09:00)
2026-01-22 09:15:20,919 | INFO | executor | RUN: ['C:/Users/82108/AppData/Local/Programs/Python/Python313/python.exe', 'C:\\access\\mzip\\cccmp_20.py'] | cwd=c:\temp | timeout=60
2026-01-22 09:15:21,093 | INFO | engine | job done: id=4 status=FAIL
2026-01-22 09:15:21,093 | INFO | apscheduler.executors.default | Job "Engine._schedule_job.<locals>.<lambda> (trigger: interval[0:00:20], next run at: 2026-01-22 09:15:40 KST)" executed successfully
2026-01-22 09:15:40,888 | INFO | apscheduler.executors.default | Running job "Engine._schedule_job.<locals>.<lambda> (trigger: interval[0:00:20], next run at: 2026-01-22 09:16:00 KST)" (scheduled at 2026-01-22 09:15:40.885587+09:00)
2026-01-22 09:15:40,902 | INFO | executor | RUN: ['C:/Users/82108/AppData/Local/Programs/Python/Python313/python.exe', 'C:\\access\\mzip\\cccmp_20.py'] | cwd=c:\temp | timeout=60
2026-01-22 09:15:41,079 | INFO | engine | job done: id=4 status=FAIL
2026-01-22 09:15:41,080 | INFO | apscheduler.executors.default | Job "Engine._schedule_job.<locals>.<lambda> (trigger: interval[0:00:20], next run at: 2026-01-22 09:16:00 KST)" executed successfully
2026-01-22 09:16:00,886 | INFO | apscheduler.executors.default | Running job "Engine._schedule_job.<locals>.<lambda> (trigger: interval[0:00:20], next run at: 2026-01-22 09:16:20 KST)" (scheduled at 2026-01-22 09:16:00.885587+09:00)
2026-01-22 09:16:00,899 | INFO | executor | RUN: ['C:/Users/82108/AppData/Local/Programs/Python/Python313/python.exe', 'C:\\access\\mzip\\cccmp_20.py'] | cwd=c:\temp | timeout=60
2026-01-22 09:16:01,063 | INFO | engine | job done: id=4 status=FAIL
2026-01-22 09:16:01,063 | INFO | apscheduler.executors.default | Job "Engine._schedule_job.<locals>.<lambda> (trigger: interval[0:00:20], next run at: 2026-01-22 09:16:20 KST)" executed successfully
2026-01-22 09:16:20,893 | INFO | apscheduler.executors.default | Running job "Engine._schedule_job.<locals>.<lambda> (trigger: interval[0:00:20], next run at: 2026-01-22 09:16:40 KST)" (scheduled at 2026-01-22 09:16:20.885587+09:00)
2026-01-22 09:16:20,902 | INFO | executor | RUN: ['C:/Users/82108/AppData/Local/Programs/Python/Python313/python.exe', 'C:\\access\\mzip\\cccmp_20.py'] | cwd=c:\temp | timeout=60
2026-01-22 09:16:21,059 | INFO | engine | job done: id=4 status=FAIL
2026-01-22 09:16:21,059 | INFO | apscheduler.executors.default | Job "Engine._schedule_job.<locals>.<lambda> (trigger: interval[0:00:20], next run at: 2026-01-22 09:16:40 KST)" executed successfully
2026-01-22 09:16:40,893 | INFO | apscheduler.executors.default | Running job "Engine._schedule_job.<locals>.<lambda> (trigger: interval[0:00:20], next run at: 2026-01-22 09:17:00 KST)" (scheduled at 2026-01-22 09:16:40.885587+09:00)
2026-01-22 09:16:40,912 | INFO | executor | RUN: ['C:/Users/82108/AppData/Local/Programs/Python/Python313/python.exe', 'C:\\access\\mzip\\cccmp_20.py'] | cwd=c:\temp | timeout=60
2026-01-22 09:16:41,077 | INFO | engine | job done: id=4 status=FAIL
2026-01-22 09:16:41,078 | INFO | apscheduler.executors.default | Job "Engine._schedule_job.<locals>.<lambda> (trigger: interval[0:00:20], next run at: 2026-01-22 09:17:00 KST)" executed successfully
2026-01-22 09:17:00,902 | INFO | apscheduler.executors.default | Running job "Engine._schedule_job.<locals>.<lambda> (trigger: interval[0:00:20], next run at: 2026-01-22 09:17:20 KST)" (scheduled at 2026-01-22 09:17:00.885587+09:00)
2026-01-22 09:17:00,926 | INFO | executor | RUN: ['C:/Users/82108/AppData/Local/Programs/Python/Python313/python.exe', 'C:\\access\\mzip\\cccmp_20.py'] | cwd=c:\temp | timeout=60
2026-01-22 09:17:01,093 | INFO | engine | job done: id=4 status=FAIL
2026-01-22 09:17:01,093 | INFO | apscheduler.executors.default | Job "Engine._schedule_job.<locals>.<lambda> (trigger: interval[0:00:20], next run at: 2026-01-22 09:17:20 KST)" executed successfully
2026-01-22 09:17:20,886 | INFO | apscheduler.executors.default | Running job "Engine._schedule_job.<locals>.<lambda> (trigger: interval[0:00:20], next run at: 2026-01-22 09:17:40 KST)" (scheduled at 2026-01-22 09:17:20.885587+09:00)
2026-01-22 09:17:20,905 | INFO | executor | RUN: ['C:/Users/82108/AppData/Local/Programs/Python/Python313/python.exe', 'C:\\access\\mzip\\cccmp_20.py'] | cwd=c:\temp | timeout=60
2026-01-22 09:17:21,063 | INFO | engine | job done: id=4 status=FAIL
2026-01-22 09:17:21,063 | INFO | apscheduler.executors.default | Job "Engine._schedule_job.<locals>.<lambda> (trigger: interval[0:00:20], next run at: 2026-01-22 09:17:40 KST)" executed successfully
2026-01-22 09:17:40,893 | INFO | apscheduler.executors.default | Running job "Engine._schedule_job.<locals>.<lambda> (trigger: interval[0:00:20], next run at: 2026-01-22 09:18:00 KST)" (scheduled at 2026-01-22 09:17:40.885587+09:00)
2026-01-22 09:17:40,894 | INFO | apscheduler.executors.default | Running job "Engine._schedule_job.<locals>.<lambda> (trigger: interval[0:05:00], next run at: 2026-01-22 09:17:40 KST)" (scheduled at 2026-01-22 09:17:40.886736+09:00)
2026-01-22 09:17:40,916 | INFO | executor | RUN: ['C:/Users/82108/AppData/Local/Programs/Python/Python313/python.exe', 'C:\\access\\mzip\\cccmp_20.py'] | cwd=c:\temp | timeout=60
2026-01-22 09:17:40,934 | INFO | executor | RUN: ['C:/Program Files (x86)/HNC/Office 2024/HOffice130/Bin/HCell.exe', 'C:\\Users\\82108\\Downloads\\검토.xlsx'] | cwd=c:\temp | timeout=60
2026-01-22 09:17:41,080 | INFO | engine | job done: id=4 status=FAIL
2026-01-22 09:17:41,081 | INFO | apscheduler.executors.default | Job "Engine._schedule_job.<locals>.<lambda> (trigger: interval[0:00:20], next run at: 2026-01-22 09:18:00 KST)" executed successfully
2026-01-22 09:17:47,688 | INFO | engine | job done: id=1 status=SUCCESS
2026-01-22 09:17:47,688 | INFO | apscheduler.executors.default | Job "Engine._schedule_job.<locals>.<lambda> (trigger: interval[0:05:00], next run at: 2026-01-22 09:22:40 KST)" executed successfully
2026-01-22 09:18:00,902 | INFO | apscheduler.executors.default | Running job "Engine._schedule_job.<locals>.<lambda> (trigger: interval[0:00:20], next run at: 2026-01-22 09:18:20 KST)" (scheduled at 2026-01-22 09:18:00.885587+09:00)
2026-01-22 09:18:00,928 | INFO | executor | RUN: ['C:/Users/82108/AppData/Local/Programs/Python/Python313/python.exe', 'C:\\access\\mzip\\cccmp_20.py'] | cwd=c:\temp | timeout=60
2026-01-22 09:18:01,110 | INFO | engine | job done: id=4 status=FAIL
2026-01-22 09:18:01,110 | INFO | apscheduler.executors.default | Job "Engine._schedule_job.<locals>.<lambda> (trigger: interval[0:00:20], next run at: 2026-01-22 09:18:20 KST)" executed successfully
2026-01-22 09:18:20,891 | INFO | apscheduler.executors.default | Running job "Engine._schedule_job.<locals>.<lambda> (trigger: interval[0:00:20], next run at: 2026-01-22 09:18:40 KST)" (scheduled at 2026-01-22 09:18:20.885587+09:00)
2026-01-22 09:18:20,921 | INFO | executor | RUN: ['C:/Users/82108/AppData/Local/Programs/Python/Python313/python.exe', 'C:\\access\\mzip\\cccmp_20.py'] | cwd=c:\temp | timeout=60
2026-01-22 09:18:21,106 | INFO | engine | job done: id=4 status=FAIL
2026-01-22 09:18:21,106 | INFO | apscheduler.executors.default | Job "Engine._schedule_job.<locals>.<lambda> (trigger: interval[0:00:20], next run at: 2026-01-22 09:18:40 KST)" executed successfully
2026-01-22 09:18:40,901 | INFO | apscheduler.executors.default | Running job "Engine._schedule_job.<locals>.<lambda> (trigger: interval[0:00:20], next run at: 2026-01-22 09:19:00 KST)" (scheduled at 2026-01-22 09:18:40.885587+09:00)
2026-01-22 09:18:40,927 | INFO | executor | RUN: ['C:/Users/82108/AppData/Local/Programs/Python/Python313/python.exe', 'C:\\access\\mzip\\cccmp_20.py'] | cwd=c:\temp | timeout=60
2026-01-22 09:18:41,080 | INFO | engine | job done: id=4 status=FAIL
2026-01-22 09:18:41,080 | INFO | apscheduler.executors.default | Job "Engine._schedule_job.<locals>.<lambda> (trigger: interval[0:00:20], next run at: 2026-01-22 09:19:00 KST)" executed successfully
2026-01-22 09:19:00,893 | INFO | apscheduler.executors.default | Running job "Engine._schedule_job.<locals>.<lambda> (trigger: interval[0:00:20], next run at: 2026-01-22 09:19:20 KST)" (scheduled at 2026-01-22 09:19:00.885587+09:00)
2026-01-22 09:19:00,918 | INFO | executor | RUN: ['C:/Users/82108/AppData/Local/Programs/Python/Python313/python.exe', 'C:\\access\\mzip\\cccmp_20.py'] | cwd=c:\temp | timeout=60
2026-01-22 09:19:01,076 | INFO | engine | job done: id=4 status=FAIL
2026-01-22 09:19:01,077 | INFO | apscheduler.executors.default | Job "Engine._schedule_job.<locals>.<lambda> (trigger: interval[0:00:20], next run at: 2026-01-22 09:19:20 KST)" executed successfully
2026-01-22 09:19:20,891 | INFO | apscheduler.executors.default | Running job "Engine._schedule_job.<locals>.<lambda> (trigger: interval[0:00:20], next run at: 2026-01-22 09:19:40 KST)" (scheduled at 2026-01-22 09:19:20.885587+09:00)
2026-01-22 09:19:20,901 | INFO | executor | RUN: ['C:/Users/82108/AppData/Local/Programs/Python/Python313/python.exe', 'C:\\access\\mzip\\cccmp_20.py'] | cwd=c:\temp | timeout=60
2026-01-22 09:19:21,062 | INFO | engine | job done: id=4 status=FAIL
2026-01-22 09:19:21,062 | INFO | apscheduler.executors.default | Job "Engine._schedule_job.<locals>.<lambda> (trigger: interval[0:00:20], next run at: 2026-01-22 09:19:40 KST)" executed successfully
2026-01-22 09:19:40,891 | INFO | apscheduler.executors.default | Running job "Engine._schedule_job.<locals>.<lambda> (trigger: interval[0:00:20], next run at: 2026-01-22 09:20:00 KST)" (scheduled at 2026-01-22 09:19:40.885587+09:00)
2026-01-22 09:19:40,915 | INFO | executor | RUN: ['C:/Users/82108/AppData/Local/Programs/Python/Python313/python.exe', 'C:\\access\\mzip\\cccmp_20.py'] | cwd=c:\temp | timeout=60
2026-01-22 09:19:41,078 | INFO | engine | job done: id=4 status=FAIL
2026-01-22 09:19:41,079 | INFO | apscheduler.executors.default | Job "Engine._schedule_job.<locals>.<lambda> (trigger: interval[0:00:20], next run at: 2026-01-22 09:20:00 KST)" executed successfully
2026-01-22 09:20:00,888 | INFO | apscheduler.executors.default | Running job "Engine._schedule_job.<locals>.<lambda> (trigger: interval[0:00:20], next run at: 2026-01-22 09:20:20 KST)" (scheduled at 2026-01-22 09:20:00.885587+09:00)
2026-01-22 09:20:00,912 | INFO | executor | RUN: ['C:/Users/82108/AppData/Local/Programs/Python/Python313/python.exe', 'C:\\access\\mzip\\cccmp_20.py'] | cwd=c:\temp | timeout=60
2026-01-22 09:20:01,067 | INFO | engine | job done: id=4 status=FAIL
2026-01-22 09:20:01,067 | INFO | apscheduler.executors.default | Job "Engine._schedule_job.<locals>.<lambda> (trigger: interval[0:00:20], next run at: 2026-01-22 09:20:20 KST)" executed successfully
2026-01-22 09:20:20,893 | INFO | apscheduler.executors.default | Running job "Engine._schedule_job.<locals>.<lambda> (trigger: interval[0:00:20], next run at: 2026-01-22 09:20:40 KST)" (scheduled at 2026-01-22 09:20:20.885587+09:00)
2026-01-22 09:20:20,904 | INFO | executor | RUN: ['C:/Users/82108/AppData/Local/Programs/Python/Python313/python.exe', 'C:\\access\\mzip\\cccmp_20.py'] | cwd=c:\temp | timeout=60
2026-01-22 09:20:21,081 | INFO | engine | job done: id=4 status=FAIL
2026-01-22 09:20:21,081 | INFO | apscheduler.executors.default | Job "Engine._schedule_job.<locals>.<lambda> (trigger: interval[0:00:20], next run at: 2026-01-22 09:20:40 KST)" executed successfully
2026-01-22 09:20:40,897 | INFO | apscheduler.executors.default | Running job "Engine._schedule_job.<locals>.<lambda> (trigger: interval[0:00:20], next run at: 2026-01-22 09:21:00 KST)" (scheduled at 2026-01-22 09:20:40.885587+09:00)
2026-01-22 09:20:40,908 | INFO | executor | RUN: ['C:/Users/82108/AppData/Local/Programs/Python/Python313/python.exe', 'C:\\access\\mzip\\cccmp_20.py'] | cwd=c:\temp | timeout=60
2026-01-22 09:20:41,057 | INFO | engine | job done: id=4 status=FAIL
2026-01-22 09:20:41,058 | INFO | apscheduler.executors.default | Job "Engine._schedule_job.<locals>.<lambda> (trigger: interval[0:00:20], next run at: 2026-01-22 09:21:00 KST)" executed successfully
2026-01-22 09:21:00,886 | INFO | apscheduler.executors.default | Running job "Engine._schedule_job.<locals>.<lambda> (trigger: interval[0:00:20], next run at: 2026-01-22 09:21:20 KST)" (scheduled at 2026-01-22 09:21:00.885587+09:00)
2026-01-22 09:21:00,913 | INFO | executor | RUN: ['C:/Users/82108/AppData/Local/Programs/Python/Python313/python.exe', 'C:\\access\\mzip\\cccmp_20.py'] | cwd=c:\temp | timeout=60
2026-01-22 09:21:01,097 | INFO | engine | job done: id=4 status=FAIL
2026-01-22 09:21:01,097 | INFO | apscheduler.executors.default | Job "Engine._schedule_job.<locals>.<lambda> (trigger: interval[0:00:20], next run at: 2026-01-22 09:21:20 KST)" executed successfully
2026-01-22 09:21:20,891 | INFO | apscheduler.executors.default | Running job "Engine._schedule_job.<locals>.<lambda> (trigger: interval[0:00:20], next run at: 2026-01-22 09:21:40 KST)" (scheduled at 2026-01-22 09:21:20.885587+09:00)
2026-01-22 09:21:20,903 | INFO | executor | RUN: ['C:/Users/82108/AppData/Local/Programs/Python/Python313/python.exe', 'C:\\access\\mzip\\cccmp_20.py'] | cwd=c:\temp | timeout=60
2026-01-22 09:21:21,056 | INFO | engine | job done: id=4 status=FAIL
2026-01-22 09:21:21,057 | INFO | apscheduler.executors.default | Job "Engine._schedule_job.<locals>.<lambda> (trigger: interval[0:00:20], next run at: 2026-01-22 09:21:40 KST)" executed successfully
2026-01-22 09:21:40,888 | INFO | apscheduler.executors.default | Running job "Engine._schedule_job.<locals>.<lambda> (trigger: interval[0:00:20], next run at: 2026-01-22 09:22:00 KST)" (scheduled at 2026-01-22 09:21:40.885587+09:00)
2026-01-22 09:21:40,899 | INFO | executor | RUN: ['C:/Users/82108/AppData/Local/Programs/Python/Python313/python.exe', 'C:\\access\\mzip\\cccmp_20.py'] | cwd=c:\temp | timeout=60
2026-01-22 09:21:41,055 | INFO | engine | job done: id=4 status=FAIL
2026-01-22 09:21:41,055 | INFO | apscheduler.executors.default | Job "Engine._schedule_job.<locals>.<lambda> (trigger: interval[0:00:20], next run at: 2026-01-22 09:22:00 KST)" executed successfully
2026-01-22 09:22:00,886 | INFO | apscheduler.executors.default | Running job "Engine._schedule_job.<locals>.<lambda> (trigger: interval[0:00:20], next run at: 2026-01-22 09:22:20 KST)" (scheduled at 2026-01-22 09:22:00.885587+09:00)
2026-01-22 09:22:00,910 | INFO | executor | RUN: ['C:/Users/82108/AppData/Local/Programs/Python/Python313/python.exe', 'C:\\access\\mzip\\cccmp_20.py'] | cwd=c:\temp | timeout=60
2026-01-22 09:22:01,064 | INFO | engine | job done: id=4 status=FAIL
2026-01-22 09:22:01,065 | INFO | apscheduler.executors.default | Job "Engine._schedule_job.<locals>.<lambda> (trigger: interval[0:00:20], next run at: 2026-01-22 09:22:20 KST)" executed successfully
2026-01-22 09:22:20,901 | INFO | apscheduler.executors.default | Running job "Engine._schedule_job.<locals>.<lambda> (trigger: interval[0:00:20], next run at: 2026-01-22 09:22:40 KST)" (scheduled at 2026-01-22 09:22:20.885587+09:00)
2026-01-22 09:22:20,924 | INFO | executor | RUN: ['C:/Users/82108/AppData/Local/Programs/Python/Python313/python.exe', 'C:\\access\\mzip\\cccmp_20.py'] | cwd=c:\temp | timeout=60
2026-01-22 09:22:21,085 | INFO | engine | job done: id=4 status=FAIL
2026-01-22 09:22:21,085 | INFO | apscheduler.executors.default | Job "Engine._schedule_job.<locals>.<lambda> (trigger: interval[0:00:20], next run at: 2026-01-22 09:22:40 KST)" executed successfully
2026-01-22 09:22:40,892 | INFO | apscheduler.executors.default | Running job "Engine._schedule_job.<locals>.<lambda> (trigger: interval[0:00:20], next run at: 2026-01-22 09:23:00 KST)" (scheduled at 2026-01-22 09:22:40.885587+09:00)
2026-01-22 09:22:40,892 | INFO | apscheduler.executors.default | Running job "Engine._schedule_job.<locals>.<lambda> (trigger: interval[0:05:00], next run at: 2026-01-22 09:27:40 KST)" (scheduled at 2026-01-22 09:22:40.886736+09:00)
2026-01-22 09:22:40,914 | INFO | executor | RUN: ['C:/Program Files (x86)/HNC/Office 2024/HOffice130/Bin/HCell.exe', 'C:\\Users\\82108\\Downloads\\검토.xlsx'] | cwd=c:\temp | timeout=60
2026-01-22 09:22:40,928 | INFO | executor | RUN: ['C:/Users/82108/AppData/Local/Programs/Python/Python313/python.exe', 'C:\\access\\mzip\\cccmp_20.py'] | cwd=c:\temp | timeout=60
2026-01-22 09:22:41,081 | INFO | engine | job done: id=4 status=FAIL
2026-01-22 09:22:41,081 | INFO | apscheduler.executors.default | Job "Engine._schedule_job.<locals>.<lambda> (trigger: interval[0:00:20], next run at: 2026-01-22 09:23:00 KST)" executed successfully
2026-01-22 09:22:50,297 | INFO | engine | job done: id=1 status=SUCCESS
2026-01-22 09:22:50,298 | INFO | apscheduler.executors.default | Job "Engine._schedule_job.<locals>.<lambda> (trigger: interval[0:05:00], next run at: 2026-01-22 09:27:40 KST)" executed successfully
2026-01-22 09:23:00,899 | INFO | apscheduler.executors.default | Running job "Engine._schedule_job.<locals>.<lambda> (trigger: interval[0:00:20], next run at: 2026-01-22 09:23:20 KST)" (scheduled at 2026-01-22 09:23:00.885587+09:00)
2026-01-22 09:23:00,917 | INFO | executor | RUN: ['C:/Users/82108/AppData/Local/Programs/Python/Python313/python.exe', 'C:\\access\\mzip\\cccmp_20.py'] | cwd=c:\temp | timeout=60
2026-01-22 09:23:01,068 | INFO | engine | job done: id=4 status=FAIL
2026-01-22 09:23:01,069 | INFO | apscheduler.executors.default | Job "Engine._schedule_job.<locals>.<lambda> (trigger: interval[0:00:20], next run at: 2026-01-22 09:23:20 KST)" executed successfully
2026-01-22 09:23:20,892 | INFO | apscheduler.executors.default | Running job "Engine._schedule_job.<locals>.<lambda> (trigger: interval[0:00:20], next run at: 2026-01-22 09:23:40 KST)" (scheduled at 2026-01-22 09:23:20.885587+09:00)
2026-01-22 09:23:20,903 | INFO | executor | RUN: ['C:/Users/82108/AppData/Local/Programs/Python/Python313/python.exe', 'C:\\access\\mzip\\cccmp_20.py'] | cwd=c:\temp | timeout=60
2026-01-22 09:23:21,060 | INFO | engine | job done: id=4 status=FAIL
2026-01-22 09:23:21,060 | INFO | apscheduler.executors.default | Job "Engine._schedule_job.<locals>.<lambda> (trigger: interval[0:00:20], next run at: 2026-01-22 09:23:40 KST)" executed successfully
2026-01-22 09:23:40,893 | INFO | apscheduler.executors.default | Running job "Engine._schedule_job.<locals>.<lambda> (trigger: interval[0:00:20], next run at: 2026-01-22 09:24:00 KST)" (scheduled at 2026-01-22 09:23:40.885587+09:00)
2026-01-22 09:23:40,911 | INFO | executor | RUN: ['C:/Users/82108/AppData/Local/Programs/Python/Python313/python.exe', 'C:\\access\\mzip\\cccmp_20.py'] | cwd=c:\temp | timeout=60
2026-01-22 09:23:41,081 | INFO | engine | job done: id=4 status=FAIL
2026-01-22 09:23:41,081 | INFO | apscheduler.executors.default | Job "Engine._schedule_job.<locals>.<lambda> (trigger: interval[0:00:20], next run at: 2026-01-22 09:24:00 KST)" executed successfully
2026-01-22 09:24:00,891 | INFO | apscheduler.executors.default | Running job "Engine._schedule_job.<locals>.<lambda> (trigger: interval[0:00:20], next run at: 2026-01-22 09:24:20 KST)" (scheduled at 2026-01-22 09:24:00.885587+09:00)
2026-01-22 09:24:00,918 | INFO | executor | RUN: ['C:/Users/82108/AppData/Local/Programs/Python/Python313/python.exe', 'C:\\access\\mzip\\cccmp_20.py'] | cwd=c:\temp | timeout=60
2026-01-22 09:24:01,078 | INFO | engine | job done: id=4 status=FAIL
2026-01-22 09:24:01,079 | INFO | apscheduler.executors.default | Job "Engine._schedule_job.<locals>.<lambda> (trigger: interval[0:00:20], next run at: 2026-01-22 09:24:20 KST)" executed successfully
2026-01-22 09:24:20,893 | INFO | apscheduler.executors.default | Running job "Engine._schedule_job.<locals>.<lambda> (trigger: interval[0:00:20], next run at: 2026-01-22 09:24:40 KST)" (scheduled at 2026-01-22 09:24:20.885587+09:00)
2026-01-22 09:24:20,905 | INFO | executor | RUN: ['C:/Users/82108/AppData/Local/Programs/Python/Python313/python.exe', 'C:\\access\\mzip\\cccmp_20.py'] | cwd=c:\temp | timeout=60
2026-01-22 09:24:21,074 | INFO | engine | job done: id=4 status=FAIL
2026-01-22 09:24:21,075 | INFO | apscheduler.executors.default | Job "Engine._schedule_job.<locals>.<lambda> (trigger: interval[0:00:20], next run at: 2026-01-22 09:24:40 KST)" executed successfully
2026-01-22 09:24:40,895 | INFO | apscheduler.executors.default | Running job "Engine._schedule_job.<locals>.<lambda> (trigger: interval[0:00:20], next run at: 2026-01-22 09:25:00 KST)" (scheduled at 2026-01-22 09:24:40.885587+09:00)
2026-01-22 09:24:40,918 | INFO | executor | RUN: ['C:/Users/82108/AppData/Local/Programs/Python/Python313/python.exe', 'C:\\access\\mzip\\cccmp_20.py'] | cwd=c:\temp | timeout=60
2026-01-22 09:24:41,077 | INFO | engine | job done: id=4 status=FAIL
2026-01-22 09:24:41,077 | INFO | apscheduler.executors.default | Job "Engine._schedule_job.<locals>.<lambda> (trigger: interval[0:00:20], next run at: 2026-01-22 09:25:00 KST)" executed successfully
2026-01-22 09:25:00,893 | INFO | apscheduler.executors.default | Running job "Engine._schedule_job.<locals>.<lambda> (trigger: interval[0:00:20], next run at: 2026-01-22 09:25:20 KST)" (scheduled at 2026-01-22 09:25:00.885587+09:00)
2026-01-22 09:25:00,911 | INFO | executor | RUN: ['C:/Users/82108/AppData/Local/Programs/Python/Python313/python.exe', 'C:\\access\\mzip\\cccmp_20.py'] | cwd=c:\temp | timeout=60
2026-01-22 09:25:01,066 | INFO | engine | job done: id=4 status=FAIL
2026-01-22 09:25:01,066 | INFO | apscheduler.executors.default | Job "Engine._schedule_job.<locals>.<lambda> (trigger: interval[0:00:20], next run at: 2026-01-22 09:25:20 KST)" executed successfully
2026-01-22 09:25:20,892 | INFO | apscheduler.executors.default | Running job "Engine._schedule_job.<locals>.<lambda> (trigger: interval[0:00:20], next run at: 2026-01-22 09:25:40 KST)" (scheduled at 2026-01-22 09:25:20.885587+09:00)
2026-01-22 09:25:20,902 | INFO | executor | RUN: ['C:/Users/82108/AppData/Local/Programs/Python/Python313/python.exe', 'C:\\access\\mzip\\cccmp_20.py'] | cwd=c:\temp | timeout=60
2026-01-22 09:25:21,048 | INFO | engine | job done: id=4 status=FAIL
2026-01-22 09:25:21,048 | INFO | apscheduler.executors.default | Job "Engine._schedule_job.<locals>.<lambda> (trigger: interval[0:00:20], next run at: 2026-01-22 09:25:40 KST)" executed successfully
2026-01-22 09:25:40,907 | INFO | apscheduler.executors.default | Running job "Engine._schedule_job.<locals>.<lambda> (trigger: interval[0:00:20], next run at: 2026-01-22 09:26:00 KST)" (scheduled at 2026-01-22 09:25:40.885587+09:00)
2026-01-22 09:25:40,936 | INFO | executor | RUN: ['C:/Users/82108/AppData/Local/Programs/Python/Python313/python.exe', 'C:\\access\\mzip\\cccmp_20.py'] | cwd=c:\temp | timeout=60
2026-01-22 09:25:41,112 | INFO | engine | job done: id=4 status=FAIL
2026-01-22 09:25:41,112 | INFO | apscheduler.executors.default | Job "Engine._schedule_job.<locals>.<lambda> (trigger: interval[0:00:20], next run at: 2026-01-22 09:26:00 KST)" executed successfully
2026-01-22 09:26:00,891 | INFO | apscheduler.executors.default | Running job "Engine._schedule_job.<locals>.<lambda> (trigger: interval[0:00:20], next run at: 2026-01-22 09:26:20 KST)" (scheduled at 2026-01-22 09:26:00.885587+09:00)
2026-01-22 09:26:00,923 | INFO | executor | RUN: ['C:/Users/82108/AppData/Local/Programs/Python/Python313/python.exe', 'C:\\access\\mzip\\cccmp_20.py'] | cwd=c:\temp | timeout=60
2026-01-22 09:26:01,091 | INFO | engine | job done: id=4 status=FAIL
2026-01-22 09:26:01,091 | INFO | apscheduler.executors.default | Job "Engine._schedule_job.<locals>.<lambda> (trigger: interval[0:00:20], next run at: 2026-01-22 09:26:20 KST)" executed successfully
2026-01-22 09:26:20,892 | INFO | apscheduler.executors.default | Running job "Engine._schedule_job.<locals>.<lambda> (trigger: interval[0:00:20], next run at: 2026-01-22 09:26:40 KST)" (scheduled at 2026-01-22 09:26:20.885587+09:00)
2026-01-22 09:26:20,904 | INFO | executor | RUN: ['C:/Users/82108/AppData/Local/Programs/Python/Python313/python.exe', 'C:\\access\\mzip\\cccmp_20.py'] | cwd=c:\temp | timeout=60
2026-01-22 09:26:21,071 | INFO | engine | job done: id=4 status=FAIL
2026-01-22 09:26:21,072 | INFO | apscheduler.executors.default | Job "Engine._schedule_job.<locals>.<lambda> (trigger: interval[0:00:20], next run at: 2026-01-22 09:26:40 KST)" executed successfully
2026-01-22 09:26:40,892 | INFO | apscheduler.executors.default | Running job "Engine._schedule_job.<locals>.<lambda> (trigger: interval[0:00:20], next run at: 2026-01-22 09:27:00 KST)" (scheduled at 2026-01-22 09:26:40.885587+09:00)
2026-01-22 09:26:40,919 | INFO | executor | RUN: ['C:/Users/82108/AppData/Local/Programs/Python/Python313/python.exe', 'C:\\access\\mzip\\cccmp_20.py'] | cwd=c:\temp | timeout=60
2026-01-22 09:26:41,090 | INFO | engine | job done: id=4 status=FAIL
2026-01-22 09:26:41,090 | INFO | apscheduler.executors.default | Job "Engine._schedule_job.<locals>.<lambda> (trigger: interval[0:00:20], next run at: 2026-01-22 09:27:00 KST)" executed successfully
2026-01-22 09:27:00,890 | INFO | apscheduler.executors.default | Running job "Engine._schedule_job.<locals>.<lambda> (trigger: interval[0:00:20], next run at: 2026-01-22 09:27:20 KST)" (scheduled at 2026-01-22 09:27:00.885587+09:00)
2026-01-22 09:27:00,912 | INFO | executor | RUN: ['C:/Users/82108/AppData/Local/Programs/Python/Python313/python.exe', 'C:\\access\\mzip\\cccmp_20.py'] | cwd=c:\temp | timeout=60
2026-01-22 09:27:01,080 | INFO | engine | job done: id=4 status=FAIL
2026-01-22 09:27:01,080 | INFO | apscheduler.executors.default | Job "Engine._schedule_job.<locals>.<lambda> (trigger: interval[0:00:20], next run at: 2026-01-22 09:27:20 KST)" executed successfully
2026-01-22 09:27:20,886 | INFO | apscheduler.executors.default | Running job "Engine._schedule_job.<locals>.<lambda> (trigger: interval[0:00:20], next run at: 2026-01-22 09:27:40 KST)" (scheduled at 2026-01-22 09:27:20.885587+09:00)
2026-01-22 09:27:20,898 | INFO | executor | RUN: ['C:/Users/82108/AppData/Local/Programs/Python/Python313/python.exe', 'C:\\access\\mzip\\cccmp_20.py'] | cwd=c:\temp | timeout=60
2026-01-22 09:27:21,061 | INFO | engine | job done: id=4 status=FAIL
2026-01-22 09:27:21,062 | INFO | apscheduler.executors.default | Job "Engine._schedule_job.<locals>.<lambda> (trigger: interval[0:00:20], next run at: 2026-01-22 09:27:40 KST)" executed successfully
2026-01-22 09:27:40,894 | INFO | apscheduler.executors.default | Running job "Engine._schedule_job.<locals>.<lambda> (trigger: interval[0:00:20], next run at: 2026-01-22 09:28:00 KST)" (scheduled at 2026-01-22 09:27:40.885587+09:00)
2026-01-22 09:27:40,895 | INFO | apscheduler.executors.default | Running job "Engine._schedule_job.<locals>.<lambda> (trigger: interval[0:05:00], next run at: 2026-01-22 09:32:40 KST)" (scheduled at 2026-01-22 09:27:40.886736+09:00)
2026-01-22 09:27:40,921 | INFO | executor | RUN: ['C:/Users/82108/AppData/Local/Programs/Python/Python313/python.exe', 'C:\\access\\mzip\\cccmp_20.py'] | cwd=c:\temp | timeout=60
2026-01-22 09:27:40,935 | INFO | executor | RUN: ['C:/Program Files (x86)/HNC/Office 2024/HOffice130/Bin/HCell.exe', 'C:\\Users\\82108\\Downloads\\검토.xlsx'] | cwd=c:\temp | timeout=60
2026-01-22 09:27:41,093 | INFO | engine | job done: id=4 status=FAIL
2026-01-22 09:27:41,094 | INFO | apscheduler.executors.default | Job "Engine._schedule_job.<locals>.<lambda> (trigger: interval[0:00:20], next run at: 2026-01-22 09:28:00 KST)" executed successfully
2026-01-22 09:27:45,293 | INFO | engine | job done: id=1 status=SUCCESS
2026-01-22 09:27:45,293 | INFO | apscheduler.executors.default | Job "Engine._schedule_job.<locals>.<lambda> (trigger: interval[0:05:00], next run at: 2026-01-22 09:32:40 KST)" executed successfully
2026-01-22 09:28:00,894 | INFO | apscheduler.executors.default | Running job "Engine._schedule_job.<locals>.<lambda> (trigger: interval[0:00:20], next run at: 2026-01-22 09:28:20 KST)" (scheduled at 2026-01-22 09:28:00.885587+09:00)
2026-01-22 09:28:00,918 | INFO | executor | RUN: ['C:/Users/82108/AppData/Local/Programs/Python/Python313/python.exe', 'C:\\access\\mzip\\cccmp_20.py'] | cwd=c:\temp | timeout=60
2026-01-22 09:28:01,093 | INFO | engine | job done: id=4 status=FAIL
2026-01-22 09:28:01,093 | INFO | apscheduler.executors.default | Job "Engine._schedule_job.<locals>.<lambda> (trigger: interval[0:00:20], next run at: 2026-01-22 09:28:20 KST)" executed successfully
2026-01-22 09:28:20,894 | INFO | apscheduler.executors.default | Running job "Engine._schedule_job.<locals>.<lambda> (trigger: interval[0:00:20], next run at: 2026-01-22 09:28:40 KST)" (scheduled at 2026-01-22 09:28:20.885587+09:00)
2026-01-22 09:28:20,918 | INFO | executor | RUN: ['C:/Users/82108/AppData/Local/Programs/Python/Python313/python.exe', 'C:\\access\\mzip\\cccmp_20.py'] | cwd=c:\temp | timeout=60
2026-01-22 09:28:21,081 | INFO | engine | job done: id=4 status=FAIL
2026-01-22 09:28:21,081 | INFO | apscheduler.executors.default | Job "Engine._schedule_job.<locals>.<lambda> (trigger: interval[0:00:20], next run at: 2026-01-22 09:28:40 KST)" executed successfully
2026-01-22 09:28:40,893 | INFO | apscheduler.executors.default | Running job "Engine._schedule_job.<locals>.<lambda> (trigger: interval[0:00:20], next run at: 2026-01-22 09:29:00 KST)" (scheduled at 2026-01-22 09:28:40.885587+09:00)
2026-01-22 09:28:40,916 | INFO | executor | RUN: ['C:/Users/82108/AppData/Local/Programs/Python/Python313/python.exe', 'C:\\access\\mzip\\cccmp_20.py'] | cwd=c:\temp | timeout=60
2026-01-22 09:28:41,087 | INFO | engine | job done: id=4 status=FAIL
2026-01-22 09:28:41,087 | INFO | apscheduler.executors.default | Job "Engine._schedule_job.<locals>.<lambda> (trigger: interval[0:00:20], next run at: 2026-01-22 09:29:00 KST)" executed successfully
2026-01-22 09:29:00,890 | INFO | apscheduler.executors.default | Running job "Engine._schedule_job.<locals>.<lambda> (trigger: interval[0:00:20], next run at: 2026-01-22 09:29:20 KST)" (scheduled at 2026-01-22 09:29:00.885587+09:00)
2026-01-22 09:29:00,897 | INFO | executor | RUN: ['C:/Users/82108/AppData/Local/Programs/Python/Python313/python.exe', 'C:\\access\\mzip\\cccmp_20.py'] | cwd=c:\temp | timeout=60
2026-01-22 09:29:01,064 | INFO | engine | job done: id=4 status=FAIL
2026-01-22 09:29:01,065 | INFO | apscheduler.executors.default | Job "Engine._schedule_job.<locals>.<lambda> (trigger: interval[0:00:20], next run at: 2026-01-22 09:29:20 KST)" executed successfully
2026-01-22 09:29:20,901 | INFO | apscheduler.executors.default | Running job "Engine._schedule_job.<locals>.<lambda> (trigger: interval[0:00:20], next run at: 2026-01-22 09:29:40 KST)" (scheduled at 2026-01-22 09:29:20.885587+09:00)
2026-01-22 09:29:20,912 | INFO | executor | RUN: ['C:/Users/82108/AppData/Local/Programs/Python/Python313/python.exe', 'C:\\access\\mzip\\cccmp_20.py'] | cwd=c:\temp | timeout=60
2026-01-22 09:29:21,062 | INFO | engine | job done: id=4 status=FAIL
2026-01-22 09:29:21,063 | INFO | apscheduler.executors.default | Job "Engine._schedule_job.<locals>.<lambda> (trigger: interval[0:00:20], next run at: 2026-01-22 09:29:40 KST)" executed successfully
2026-01-22 09:29:40,893 | INFO | apscheduler.executors.default | Running job "Engine._schedule_job.<locals>.<lambda> (trigger: interval[0:00:20], next run at: 2026-01-22 09:30:00 KST)" (scheduled at 2026-01-22 09:29:40.885587+09:00)
2026-01-22 09:29:40,900 | INFO | executor | RUN: ['C:/Users/82108/AppData/Local/Programs/Python/Python313/python.exe', 'C:\\access\\mzip\\cccmp_20.py'] | cwd=c:\temp | timeout=60
2026-01-22 09:29:41,059 | INFO | engine | job done: id=4 status=FAIL
2026-01-22 09:29:41,059 | INFO | apscheduler.executors.default | Job "Engine._schedule_job.<locals>.<lambda> (trigger: interval[0:00:20], next run at: 2026-01-22 09:30:00 KST)" executed successfully
2026-01-22 09:30:00,907 | INFO | apscheduler.executors.default | Running job "Engine._schedule_job.<locals>.<lambda> (trigger: interval[0:00:20], next run at: 2026-01-22 09:30:20 KST)" (scheduled at 2026-01-22 09:30:00.885587+09:00)
2026-01-22 09:30:00,936 | INFO | executor | RUN: ['C:/Users/82108/AppData/Local/Programs/Python/Python313/python.exe', 'C:\\access\\mzip\\cccmp_20.py'] | cwd=c:\temp | timeout=60
2026-01-22 09:30:01,121 | INFO | engine | job done: id=4 status=FAIL
2026-01-22 09:30:01,121 | INFO | apscheduler.executors.default | Job "Engine._schedule_job.<locals>.<lambda> (trigger: interval[0:00:20], next run at: 2026-01-22 09:30:20 KST)" executed successfully
2026-01-22 09:30:20,887 | INFO | apscheduler.executors.default | Running job "Engine._schedule_job.<locals>.<lambda> (trigger: interval[0:00:20], next run at: 2026-01-22 09:30:40 KST)" (scheduled at 2026-01-22 09:30:20.885587+09:00)
2026-01-22 09:30:20,896 | INFO | executor | RUN: ['C:/Users/82108/AppData/Local/Programs/Python/Python313/python.exe', 'C:\\access\\mzip\\cccmp_20.py'] | cwd=c:\temp | timeout=60
2026-01-22 09:30:21,052 | INFO | engine | job done: id=4 status=FAIL
2026-01-22 09:30:21,052 | INFO | apscheduler.executors.default | Job "Engine._schedule_job.<locals>.<lambda> (trigger: interval[0:00:20], next run at: 2026-01-22 09:30:40 KST)" executed successfully
2026-01-22 09:30:40,892 | INFO | apscheduler.executors.default | Running job "Engine._schedule_job.<locals>.<lambda> (trigger: interval[0:00:20], next run at: 2026-01-22 09:31:00 KST)" (scheduled at 2026-01-22 09:30:40.885587+09:00)
2026-01-22 09:30:40,916 | INFO | executor | RUN: ['C:/Users/82108/AppData/Local/Programs/Python/Python313/python.exe', 'C:\\access\\mzip\\cccmp_20.py'] | cwd=c:\temp | timeout=60
2026-01-22 09:30:41,080 | INFO | engine | job done: id=4 status=FAIL
2026-01-22 09:30:41,080 | INFO | apscheduler.executors.default | Job "Engine._schedule_job.<locals>.<lambda> (trigger: interval[0:00:20], next run at: 2026-01-22 09:31:00 KST)" executed successfully
2026-01-22 09:31:00,893 | INFO | apscheduler.executors.default | Running job "Engine._schedule_job.<locals>.<lambda> (trigger: interval[0:00:20], next run at: 2026-01-22 09:31:20 KST)" (scheduled at 2026-01-22 09:31:00.885587+09:00)
2026-01-22 09:31:00,922 | INFO | executor | RUN: ['C:/Users/82108/AppData/Local/Programs/Python/Python313/python.exe', 'C:\\access\\mzip\\cccmp_20.py'] | cwd=c:\temp | timeout=60
2026-01-22 09:31:01,094 | INFO | engine | job done: id=4 status=FAIL
2026-01-22 09:31:01,094 | INFO | apscheduler.executors.default | Job "Engine._schedule_job.<locals>.<lambda> (trigger: interval[0:00:20], next run at: 2026-01-22 09:31:20 KST)" executed successfully
2026-01-22 09:31:20,892 | INFO | apscheduler.executors.default | Running job "Engine._schedule_job.<locals>.<lambda> (trigger: interval[0:00:20], next run at: 2026-01-22 09:31:40 KST)" (scheduled at 2026-01-22 09:31:20.885587+09:00)
2026-01-22 09:31:20,905 | INFO | executor | RUN: ['C:/Users/82108/AppData/Local/Programs/Python/Python313/python.exe', 'C:\\access\\mzip\\cccmp_20.py'] | cwd=c:\temp | timeout=60
2026-01-22 09:31:21,075 | INFO | engine | job done: id=4 status=FAIL
2026-01-22 09:31:21,075 | INFO | apscheduler.executors.default | Job "Engine._schedule_job.<locals>.<lambda> (trigger: interval[0:00:20], next run at: 2026-01-22 09:31:40 KST)" executed successfully
2026-01-22 09:31:40,892 | INFO | apscheduler.executors.default | Running job "Engine._schedule_job.<locals>.<lambda> (trigger: interval[0:00:20], next run at: 2026-01-22 09:32:00 KST)" (scheduled at 2026-01-22 09:31:40.885587+09:00)
2026-01-22 09:31:40,919 | INFO | executor | RUN: ['C:/Users/82108/AppData/Local/Programs/Python/Python313/python.exe', 'C:\\access\\mzip\\cccmp_20.py'] | cwd=c:\temp | timeout=60
2026-01-22 09:31:41,072 | INFO | engine | job done: id=4 status=FAIL
2026-01-22 09:31:41,072 | INFO | apscheduler.executors.default | Job "Engine._schedule_job.<locals>.<lambda> (trigger: interval[0:00:20], next run at: 2026-01-22 09:32:00 KST)" executed successfully
2026-01-22 09:32:00,892 | INFO | apscheduler.executors.default | Running job "Engine._schedule_job.<locals>.<lambda> (trigger: interval[0:00:20], next run at: 2026-01-22 09:32:20 KST)" (scheduled at 2026-01-22 09:32:00.885587+09:00)
2026-01-22 09:32:00,921 | INFO | executor | RUN: ['C:/Users/82108/AppData/Local/Programs/Python/Python313/python.exe', 'C:\\access\\mzip\\cccmp_20.py'] | cwd=c:\temp | timeout=60
2026-01-22 09:32:01,087 | INFO | engine | job done: id=4 status=FAIL
2026-01-22 09:32:01,087 | INFO | apscheduler.executors.default | Job "Engine._schedule_job.<locals>.<lambda> (trigger: interval[0:00:20], next run at: 2026-01-22 09:32:20 KST)" executed successfully
2026-01-22 09:32:20,891 | INFO | apscheduler.executors.default | Running job "Engine._schedule_job.<locals>.<lambda> (trigger: interval[0:00:20], next run at: 2026-01-22 09:32:40 KST)" (scheduled at 2026-01-22 09:32:20.885587+09:00)
2026-01-22 09:32:20,902 | INFO | executor | RUN: ['C:/Users/82108/AppData/Local/Programs/Python/Python313/python.exe', 'C:\\access\\mzip\\cccmp_20.py'] | cwd=c:\temp | timeout=60
2026-01-22 09:32:21,065 | INFO | engine | job done: id=4 status=FAIL
2026-01-22 09:32:21,065 | INFO | apscheduler.executors.default | Job "Engine._schedule_job.<locals>.<lambda> (trigger: interval[0:00:20], next run at: 2026-01-22 09:32:40 KST)" executed successfully
2026-01-22 09:32:40,907 | INFO | apscheduler.executors.default | Running job "Engine._schedule_job.<locals>.<lambda> (trigger: interval[0:00:20], next run at: 2026-01-22 09:33:00 KST)" (scheduled at 2026-01-22 09:32:40.885587+09:00)
2026-01-22 09:32:40,907 | INFO | apscheduler.executors.default | Running job "Engine._schedule_job.<locals>.<lambda> (trigger: interval[0:05:00], next run at: 2026-01-22 09:37:40 KST)" (scheduled at 2026-01-22 09:32:40.886736+09:00)
2026-01-22 09:32:40,932 | INFO | executor | RUN: ['C:/Users/82108/AppData/Local/Programs/Python/Python313/python.exe', 'C:\\access\\mzip\\cccmp_20.py'] | cwd=c:\temp | timeout=60
2026-01-22 09:32:40,949 | INFO | executor | RUN: ['C:/Program Files (x86)/HNC/Office 2024/HOffice130/Bin/HCell.exe', 'C:\\Users\\82108\\Downloads\\검토.xlsx'] | cwd=c:\temp | timeout=60
2026-01-22 09:32:41,104 | INFO | engine | job done: id=4 status=FAIL
2026-01-22 09:32:41,104 | INFO | apscheduler.executors.default | Job "Engine._schedule_job.<locals>.<lambda> (trigger: interval[0:00:20], next run at: 2026-01-22 09:33:00 KST)" executed successfully
2026-01-22 09:33:00,377 | INFO | engine | job done: id=1 status=SUCCESS
2026-01-22 09:33:00,377 | INFO | apscheduler.executors.default | Job "Engine._schedule_job.<locals>.<lambda> (trigger: interval[0:05:00], next run at: 2026-01-22 09:37:40 KST)" executed successfully
2026-01-22 09:33:00,889 | INFO | apscheduler.executors.default | Running job "Engine._schedule_job.<locals>.<lambda> (trigger: interval[0:00:20], next run at: 2026-01-22 09:33:20 KST)" (scheduled at 2026-01-22 09:33:00.885587+09:00)
2026-01-22 09:33:00,904 | INFO | executor | RUN: ['C:/Users/82108/AppData/Local/Programs/Python/Python313/python.exe', 'C:\\access\\mzip\\cccmp_20.py'] | cwd=c:\temp | timeout=60
2026-01-22 09:33:01,073 | INFO | engine | job done: id=4 status=FAIL
2026-01-22 09:33:01,074 | INFO | apscheduler.executors.default | Job "Engine._schedule_job.<locals>.<lambda> (trigger: interval[0:00:20], next run at: 2026-01-22 09:33:20 KST)" executed successfully
2026-01-22 09:33:20,898 | INFO | apscheduler.executors.default | Running job "Engine._schedule_job.<locals>.<lambda> (trigger: interval[0:00:20], next run at: 2026-01-22 09:33:40 KST)" (scheduled at 2026-01-22 09:33:20.885587+09:00)
2026-01-22 09:33:20,907 | INFO | executor | RUN: ['C:/Users/82108/AppData/Local/Programs/Python/Python313/python.exe', 'C:\\access\\mzip\\cccmp_20.py'] | cwd=c:\temp | timeout=60
2026-01-22 09:33:21,066 | INFO | engine | job done: id=4 status=FAIL
2026-01-22 09:33:21,068 | INFO | apscheduler.executors.default | Job "Engine._schedule_job.<locals>.<lambda> (trigger: interval[0:00:20], next run at: 2026-01-22 09:33:40 KST)" executed successfully
2026-01-22 09:33:40,892 | INFO | apscheduler.executors.default | Running job "Engine._schedule_job.<locals>.<lambda> (trigger: interval[0:00:20], next run at: 2026-01-22 09:34:00 KST)" (scheduled at 2026-01-22 09:33:40.885587+09:00)
2026-01-22 09:33:40,921 | INFO | executor | RUN: ['C:/Users/82108/AppData/Local/Programs/Python/Python313/python.exe', 'C:\\access\\mzip\\cccmp_20.py'] | cwd=c:\temp | timeout=60
2026-01-22 09:33:41,093 | INFO | engine | job done: id=4 status=FAIL
2026-01-22 09:33:41,094 | INFO | apscheduler.executors.default | Job "Engine._schedule_job.<locals>.<lambda> (trigger: interval[0:00:20], next run at: 2026-01-22 09:34:00 KST)" executed successfully
2026-01-22 09:34:00,889 | INFO | apscheduler.executors.default | Running job "Engine._schedule_job.<locals>.<lambda> (trigger: interval[0:00:20], next run at: 2026-01-22 09:34:20 KST)" (scheduled at 2026-01-22 09:34:00.885587+09:00)
2026-01-22 09:34:00,900 | INFO | executor | RUN: ['C:/Users/82108/AppData/Local/Programs/Python/Python313/python.exe', 'C:\\access\\mzip\\cccmp_20.py'] | cwd=c:\temp | timeout=60
2026-01-22 09:34:01,065 | INFO | engine | job done: id=4 status=FAIL
2026-01-22 09:34:01,065 | INFO | apscheduler.executors.default | Job "Engine._schedule_job.<locals>.<lambda> (trigger: interval[0:00:20], next run at: 2026-01-22 09:34:20 KST)" executed successfully
2026-01-22 09:34:20,900 | INFO | apscheduler.executors.default | Running job "Engine._schedule_job.<locals>.<lambda> (trigger: interval[0:00:20], next run at: 2026-01-22 09:34:40 KST)" (scheduled at 2026-01-22 09:34:20.885587+09:00)
2026-01-22 09:34:20,920 | INFO | executor | RUN: ['C:/Users/82108/AppData/Local/Programs/Python/Python313/python.exe', 'C:\\access\\mzip\\cccmp_20.py'] | cwd=c:\temp | timeout=60
2026-01-22 09:34:21,080 | INFO | engine | job done: id=4 status=FAIL
2026-01-22 09:34:21,081 | INFO | apscheduler.executors.default | Job "Engine._schedule_job.<locals>.<lambda> (trigger: interval[0:00:20], next run at: 2026-01-22 09:34:40 KST)" executed successfully
2026-01-22 09:34:40,891 | INFO | apscheduler.executors.default | Running job "Engine._schedule_job.<locals>.<lambda> (trigger: interval[0:00:20], next run at: 2026-01-22 09:35:00 KST)" (scheduled at 2026-01-22 09:34:40.885587+09:00)
2026-01-22 09:34:40,906 | INFO | executor | RUN: ['C:/Users/82108/AppData/Local/Programs/Python/Python313/python.exe', 'C:\\access\\mzip\\cccmp_20.py'] | cwd=c:\temp | timeout=60
2026-01-22 09:34:41,067 | INFO | engine | job done: id=4 status=FAIL
2026-01-22 09:34:41,068 | INFO | apscheduler.executors.default | Job "Engine._schedule_job.<locals>.<lambda> (trigger: interval[0:00:20], next run at: 2026-01-22 09:35:00 KST)" executed successfully
2026-01-22 09:35:00,891 | INFO | apscheduler.executors.default | Running job "Engine._schedule_job.<locals>.<lambda> (trigger: interval[0:00:20], next run at: 2026-01-22 09:35:20 KST)" (scheduled at 2026-01-22 09:35:00.885587+09:00)
2026-01-22 09:35:00,909 | INFO | executor | RUN: ['C:/Users/82108/AppData/Local/Programs/Python/Python313/python.exe', 'C:\\access\\mzip\\cccmp_20.py'] | cwd=c:\temp | timeout=60
2026-01-22 09:35:01,073 | INFO | engine | job done: id=4 status=FAIL
2026-01-22 09:35:01,073 | INFO | apscheduler.executors.default | Job "Engine._schedule_job.<locals>.<lambda> (trigger: interval[0:00:20], next run at: 2026-01-22 09:35:20 KST)" executed successfully
2026-01-22 09:35:20,892 | INFO | apscheduler.executors.default | Running job "Engine._schedule_job.<locals>.<lambda> (trigger: interval[0:00:20], next run at: 2026-01-22 09:35:40 KST)" (scheduled at 2026-01-22 09:35:20.885587+09:00)
2026-01-22 09:35:20,908 | INFO | executor | RUN: ['C:/Users/82108/AppData/Local/Programs/Python/Python313/python.exe', 'C:\\access\\mzip\\cccmp_20.py'] | cwd=c:\temp | timeout=60
2026-01-22 09:35:21,077 | INFO | engine | job done: id=4 status=FAIL
2026-01-22 09:35:21,077 | INFO | apscheduler.executors.default | Job "Engine._schedule_job.<locals>.<lambda> (trigger: interval[0:00:20], next run at: 2026-01-22 09:35:40 KST)" executed successfully
2026-01-22 09:35:40,907 | INFO | apscheduler.executors.default | Running job "Engine._schedule_job.<locals>.<lambda> (trigger: interval[0:00:20], next run at: 2026-01-22 09:36:00 KST)" (scheduled at 2026-01-22 09:35:40.885587+09:00)
2026-01-22 09:35:40,935 | INFO | executor | RUN: ['C:/Users/82108/AppData/Local/Programs/Python/Python313/python.exe', 'C:\\access\\mzip\\cccmp_20.py'] | cwd=c:\temp | timeout=60
2026-01-22 09:35:41,105 | INFO | engine | job done: id=4 status=FAIL
2026-01-22 09:35:41,106 | INFO | apscheduler.executors.default | Job "Engine._schedule_job.<locals>.<lambda> (trigger: interval[0:00:20], next run at: 2026-01-22 09:36:00 KST)" executed successfully
2026-01-22 09:36:00,888 | INFO | apscheduler.executors.default | Running job "Engine._schedule_job.<locals>.<lambda> (trigger: interval[0:00:20], next run at: 2026-01-22 09:36:20 KST)" (scheduled at 2026-01-22 09:36:00.885587+09:00)
2026-01-22 09:36:00,918 | INFO | executor | RUN: ['C:/Users/82108/AppData/Local/Programs/Python/Python313/python.exe', 'C:\\access\\mzip\\cccmp_20.py'] | cwd=c:\temp | timeout=60
2026-01-22 09:36:01,112 | INFO | engine | job done: id=4 status=FAIL
2026-01-22 09:36:01,113 | INFO | apscheduler.executors.default | Job "Engine._schedule_job.<locals>.<lambda> (trigger: interval[0:00:20], next run at: 2026-01-22 09:36:20 KST)" executed successfully
2026-01-22 09:36:20,893 | INFO | apscheduler.executors.default | Running job "Engine._schedule_job.<locals>.<lambda> (trigger: interval[0:00:20], next run at: 2026-01-22 09:36:40 KST)" (scheduled at 2026-01-22 09:36:20.885587+09:00)
2026-01-22 09:36:20,924 | INFO | executor | RUN: ['C:/Users/82108/AppData/Local/Programs/Python/Python313/python.exe', 'C:\\access\\mzip\\cccmp_20.py'] | cwd=c:\temp | timeout=60
2026-01-22 09:36:21,101 | INFO | engine | job done: id=4 status=FAIL
2026-01-22 09:36:21,102 | INFO | apscheduler.executors.default | Job "Engine._schedule_job.<locals>.<lambda> (trigger: interval[0:00:20], next run at: 2026-01-22 09:36:40 KST)" executed successfully
2026-01-22 09:36:40,893 | INFO | apscheduler.executors.default | Running job "Engine._schedule_job.<locals>.<lambda> (trigger: interval[0:00:20], next run at: 2026-01-22 09:37:00 KST)" (scheduled at 2026-01-22 09:36:40.885587+09:00)
2026-01-22 09:36:40,918 | INFO | executor | RUN: ['C:/Users/82108/AppData/Local/Programs/Python/Python313/python.exe', 'C:\\access\\mzip\\cccmp_20.py'] | cwd=c:\temp | timeout=60
2026-01-22 09:36:41,097 | INFO | engine | job done: id=4 status=FAIL
2026-01-22 09:36:41,097 | INFO | apscheduler.executors.default | Job "Engine._schedule_job.<locals>.<lambda> (trigger: interval[0:00:20], next run at: 2026-01-22 09:37:00 KST)" executed successfully
2026-01-22 09:37:00,888 | INFO | apscheduler.executors.default | Running job "Engine._schedule_job.<locals>.<lambda> (trigger: interval[0:00:20], next run at: 2026-01-22 09:37:20 KST)" (scheduled at 2026-01-22 09:37:00.885587+09:00)
2026-01-22 09:37:00,904 | INFO | executor | RUN: ['C:/Users/82108/AppData/Local/Programs/Python/Python313/python.exe', 'C:\\access\\mzip\\cccmp_20.py'] | cwd=c:\temp | timeout=60
2026-01-22 09:37:01,057 | INFO | engine | job done: id=4 status=FAIL
2026-01-22 09:37:01,057 | INFO | apscheduler.executors.default | Job "Engine._schedule_job.<locals>.<lambda> (trigger: interval[0:00:20], next run at: 2026-01-22 09:37:20 KST)" executed successfully
2026-01-22 09:37:20,891 | INFO | apscheduler.executors.default | Running job "Engine._schedule_job.<locals>.<lambda> (trigger: interval[0:00:20], next run at: 2026-01-22 09:37:40 KST)" (scheduled at 2026-01-22 09:37:20.885587+09:00)
2026-01-22 09:37:20,899 | INFO | executor | RUN: ['C:/Users/82108/AppData/Local/Programs/Python/Python313/python.exe', 'C:\\access\\mzip\\cccmp_20.py'] | cwd=c:\temp | timeout=60
2026-01-22 09:37:21,051 | INFO | engine | job done: id=4 status=FAIL
2026-01-22 09:37:21,052 | INFO | apscheduler.executors.default | Job "Engine._schedule_job.<locals>.<lambda> (trigger: interval[0:00:20], next run at: 2026-01-22 09:37:40 KST)" executed successfully
2026-01-22 09:37:40,890 | INFO | apscheduler.executors.default | Running job "Engine._schedule_job.<locals>.<lambda> (trigger: interval[0:00:20], next run at: 2026-01-22 09:38:00 KST)" (scheduled at 2026-01-22 09:37:40.885587+09:00)
2026-01-22 09:37:40,890 | INFO | apscheduler.executors.default | Running job "Engine._schedule_job.<locals>.<lambda> (trigger: interval[0:05:00], next run at: 2026-01-22 09:42:40 KST)" (scheduled at 2026-01-22 09:37:40.886736+09:00)
2026-01-22 09:37:40,903 | INFO | executor | RUN: ['C:/Users/82108/AppData/Local/Programs/Python/Python313/python.exe', 'C:\\access\\mzip\\cccmp_20.py'] | cwd=c:\temp | timeout=60
2026-01-22 09:37:40,913 | INFO | executor | RUN: ['C:/Program Files (x86)/HNC/Office 2024/HOffice130/Bin/HCell.exe', 'C:\\Users\\82108\\Downloads\\검토.xlsx'] | cwd=c:\temp | timeout=60
2026-01-22 09:37:41,065 | INFO | engine | job done: id=4 status=FAIL
2026-01-22 09:37:41,065 | INFO | apscheduler.executors.default | Job "Engine._schedule_job.<locals>.<lambda> (trigger: interval[0:00:20], next run at: 2026-01-22 09:38:00 KST)" executed successfully
2026-01-22 09:37:53,197 | INFO | engine | job done: id=1 status=SUCCESS
2026-01-22 09:37:53,197 | INFO | apscheduler.executors.default | Job "Engine._schedule_job.<locals>.<lambda> (trigger: interval[0:05:00], next run at: 2026-01-22 09:42:40 KST)" executed successfully
2026-01-22 09:38:00,889 | INFO | apscheduler.executors.default | Running job "Engine._schedule_job.<locals>.<lambda> (trigger: interval[0:00:20], next run at: 2026-01-22 09:38:20 KST)" (scheduled at 2026-01-22 09:38:00.885587+09:00)
2026-01-22 09:38:00,913 | INFO | executor | RUN: ['C:/Users/82108/AppData/Local/Programs/Python/Python313/python.exe', 'C:\\access\\mzip\\cccmp_20.py'] | cwd=c:\temp | timeout=60
2026-01-22 09:38:01,073 | INFO | engine | job done: id=4 status=FAIL
2026-01-22 09:38:01,073 | INFO | apscheduler.executors.default | Job "Engine._schedule_job.<locals>.<lambda> (trigger: interval[0:00:20], next run at: 2026-01-22 09:38:20 KST)" executed successfully
2026-01-22 09:38:04,707 | INFO | apscheduler.scheduler | Scheduler has been shut down
2026-01-22 09:38:04,708 | INFO | engine | scheduler stopped
2026-01-22 09:38:07,134 | INFO | apscheduler.scheduler | Scheduler started
2026-01-22 09:38:07,135 | INFO | engine | scheduler started
2026-01-22 09:38:07,136 | INFO | apscheduler.scheduler | Added job "Engine._schedule_job.<locals>.<lambda>" to job store "default"
2026-01-22 09:38:07,136 | INFO | apscheduler.scheduler | Added job "Engine._schedule_job.<locals>.<lambda>" to job store "default"
2026-01-22 09:38:07,137 | INFO | apscheduler.scheduler | Added job "Engine._schedule_job.<locals>.<lambda>" to job store "default"
2026-01-22 09:38:07,137 | INFO | engine | jobs reloaded: 3
2026-01-22 09:38:59,531 | INFO | apscheduler.scheduler | Scheduler started
2026-01-22 09:38:59,533 | INFO | engine | scheduler started
2026-01-22 09:38:59,533 | INFO | apscheduler.scheduler | Added job "Engine._schedule_job.<locals>.<lambda>" to job store "default"
2026-01-22 09:38:59,534 | INFO | apscheduler.scheduler | Added job "Engine._schedule_job.<locals>.<lambda>" to job store "default"
2026-01-22 09:38:59,534 | INFO | apscheduler.scheduler | Added job "Engine._schedule_job.<locals>.<lambda>" to job store "default"
2026-01-22 09:38:59,534 | INFO | engine | jobs reloaded: 3
2026-01-22 09:39:40,954 | INFO | apscheduler.scheduler | Scheduler started
2026-01-22 09:39:40,955 | INFO | engine | scheduler started
2026-01-22 09:39:40,957 | INFO | apscheduler.scheduler | Added job "Engine._schedule_job.<locals>.<lambda>" to job store "default"
2026-01-22 09:39:40,958 | INFO | apscheduler.scheduler | Added job "Engine._schedule_job.<locals>.<lambda>" to job store "default"
2026-01-22 09:39:40,958 | INFO | apscheduler.scheduler | Added job "Engine._schedule_job.<locals>.<lambda>" to job store "default"
2026-01-22 09:39:40,958 | INFO | engine | jobs reloaded: 3
2026-01-22 09:40:38,762 | INFO | apscheduler.scheduler | Scheduler started
2026-01-22 09:40:38,763 | INFO | engine | scheduler started
2026-01-22 09:40:38,764 | INFO | apscheduler.scheduler | Added job "Engine._schedule_job.<locals>.<lambda>" to job store "default"
2026-01-22 09:40:38,764 | INFO | apscheduler.scheduler | Added job "Engine._schedule_job.<locals>.<lambda>" to job store "default"
2026-01-22 09:40:38,764 | INFO | apscheduler.scheduler | Added job "Engine._schedule_job.<locals>.<lambda>" to job store "default"
2026-01-22 09:40:38,765 | INFO | engine | jobs reloaded: 3
2026-01-22 09:41:59,346 | INFO | apscheduler.scheduler | Scheduler started
2026-01-22 09:41:59,348 | INFO | engine | scheduler started
2026-01-22 09:41:59,349 | INFO | apscheduler.scheduler | Added job "Engine._schedule_job.<locals>.<lambda>" to job store "default"
2026-01-22 09:41:59,349 | INFO | apscheduler.scheduler | Added job "Engine._schedule_job.<locals>.<lambda>" to job store "default"
2026-01-22 09:41:59,350 | INFO | apscheduler.scheduler | Added job "Engine._schedule_job.<locals>.<lambda>" to job store "default"
2026-01-22 09:41:59,350 | INFO | engine | jobs reloaded: 3
2026-01-22 09:43:21,943 | INFO | apscheduler.scheduler | Scheduler started
2026-01-22 09:43:21,944 | INFO | engine | scheduler started
2026-01-22 09:43:21,945 | INFO | apscheduler.scheduler | Added job "Engine._schedule_job.<locals>.<lambda>" to job store "default"
2026-01-22 09:43:21,946 | INFO | apscheduler.scheduler | Added job "Engine._schedule_job.<locals>.<lambda>" to job store "default"
2026-01-22 09:43:21,946 | INFO | apscheduler.scheduler | Added job "Engine._schedule_job.<locals>.<lambda>" to job store "default"
2026-01-22 09:43:21,946 | INFO | engine | jobs reloaded: 3
2026-01-22 13:51:03,016 | INFO | apscheduler.scheduler | Scheduler started
2026-01-22 13:51:03,017 | INFO | engine | scheduler started
2026-01-22 13:51:03,018 | INFO | apscheduler.scheduler | Added job "Engine._schedule_job.<locals>.<lambda>" to job store "default"
2026-01-22 13:51:03,018 | INFO | apscheduler.scheduler | Added job "Engine._schedule_job.<locals>.<lambda>" to job store "default"
2026-01-22 13:51:03,019 | INFO | apscheduler.scheduler | Added job "Engine._schedule_job.<locals>.<lambda>" to job store "default"
2026-01-22 13:51:03,019 | INFO | engine | jobs reloaded: 3
2026-01-22 13:51:03,053 | INFO | apscheduler.scheduler | Added job "Engine._schedule_job.<locals>.<lambda>" to job store "default"
2026-01-22 13:51:03,053 | INFO | apscheduler.scheduler | Added job "Engine._schedule_job.<locals>.<lambda>" to job store "default"
2026-01-22 13:51:03,054 | INFO | apscheduler.scheduler | Added job "Engine._schedule_job.<locals>.<lambda>" to job store "default"
2026-01-22 13:51:03,054 | INFO | engine | jobs reloaded: 3
2026-01-22 13:51:23,054 | INFO | apscheduler.executors.default | Running job "Engine._schedule_job.<locals>.<lambda> (trigger: interval[0:00:20], next run at: 2026-01-22 13:51:23 KST)" (scheduled at 2026-01-22 13:51:23.052976+09:00)
2026-01-22 13:51:23,079 | INFO | executor | RUN: ['C:/Users/82108/AppData/Local/Programs/Python/Python313/python.exe', 'C:\\access\\mzip\\cccmp_20.py'] | cwd=c:\temp | timeout=60
2026-01-22 13:51:23,338 | INFO | engine | job done: id=4 status=FAIL
2026-01-22 13:51:23,339 | INFO | apscheduler.executors.default | Job "Engine._schedule_job.<locals>.<lambda> (trigger: interval[0:00:20], next run at: 2026-01-22 13:51:43 KST)" executed successfully
2026-01-22 13:51:32,289 | INFO | apscheduler.scheduler | Scheduler has been shut down
2026-01-22 13:51:32,290 | INFO | engine | scheduler stopped
2026-01-22 13:51:35,457 | INFO | apscheduler.scheduler | Scheduler started
2026-01-22 13:51:35,460 | INFO | engine | scheduler started
2026-01-22 13:51:35,462 | INFO | apscheduler.scheduler | Added job "Engine._schedule_job.<locals>.<lambda>" to job store "default"
2026-01-22 13:51:35,463 | INFO | apscheduler.scheduler | Added job "Engine._schedule_job.<locals>.<lambda>" to job store "default"
2026-01-22 13:51:35,464 | INFO | apscheduler.scheduler | Added job "Engine._schedule_job.<locals>.<lambda>" to job store "default"
2026-01-22 13:51:35,464 | INFO | engine | jobs reloaded: 3
2026-01-22 13:51:35,506 | INFO | apscheduler.scheduler | Added job "Engine._schedule_job.<locals>.<lambda>" to job store "default"
2026-01-22 13:51:35,507 | INFO | apscheduler.scheduler | Added job "Engine._schedule_job.<locals>.<lambda>" to job store "default"
2026-01-22 13:51:35,507 | INFO | apscheduler.scheduler | Added job "Engine._schedule_job.<locals>.<lambda>" to job store "default"
2026-01-22 13:51:35,508 | INFO | engine | jobs reloaded: 3
2026-01-22 13:51:55,531 | INFO | apscheduler.executors.default | Running job "Engine._schedule_job.<locals>.<lambda> (trigger: interval[0:00:20], next run at: 2026-01-22 13:51:55 KST)" (scheduled at 2026-01-22 13:51:55.506621+09:00)
2026-01-22 13:51:55,548 | INFO | executor | RUN: ['C:/Users/82108/AppData/Local/Programs/Python/Python313/python.exe', 'C:\\access\\mzip\\cccmp_20.py'] | cwd=c:\temp | timeout=60
2026-01-22 13:51:55,735 | INFO | engine | job done: id=4 status=FAIL
2026-01-22 13:51:55,735 | INFO | apscheduler.executors.default | Job "Engine._schedule_job.<locals>.<lambda> (trigger: interval[0:00:20], next run at: 2026-01-22 13:52:15 KST)" executed successfully
2026-01-22 13:52:15,507 | INFO | apscheduler.executors.default | Running job "Engine._schedule_job.<locals>.<lambda> (trigger: interval[0:00:20], next run at: 2026-01-22 13:52:35 KST)" (scheduled at 2026-01-22 13:52:15.506621+09:00)
2026-01-22 13:52:15,567 | INFO | executor | RUN: ['C:/Users/82108/AppData/Local/Programs/Python/Python313/python.exe', 'C:\\access\\mzip\\cccmp_20.py'] | cwd=c:\temp | timeout=60
2026-01-22 13:52:15,776 | INFO | engine | job done: id=4 status=FAIL
2026-01-22 13:52:15,776 | INFO | apscheduler.executors.default | Job "Engine._schedule_job.<locals>.<lambda> (trigger: interval[0:00:20], next run at: 2026-01-22 13:52:35 KST)" executed successfully
2026-01-22 13:52:35,509 | INFO | apscheduler.executors.default | Running job "Engine._schedule_job.<locals>.<lambda> (trigger: interval[0:00:20], next run at: 2026-01-22 13:52:55 KST)" (scheduled at 2026-01-22 13:52:35.506621+09:00)
2026-01-22 13:52:35,567 | INFO | executor | RUN: ['C:/Users/82108/AppData/Local/Programs/Python/Python313/python.exe', 'C:\\access\\mzip\\cccmp_20.py'] | cwd=c:\temp | timeout=60
2026-01-22 13:52:35,755 | INFO | engine | job done: id=4 status=FAIL
2026-01-22 13:52:35,756 | INFO | apscheduler.executors.default | Job "Engine._schedule_job.<locals>.<lambda> (trigger: interval[0:00:20], next run at: 2026-01-22 13:52:55 KST)" executed successfully
2026-01-22 13:52:55,507 | INFO | apscheduler.executors.default | Running job "Engine._schedule_job.<locals>.<lambda> (trigger: interval[0:00:20], next run at: 2026-01-22 13:53:15 KST)" (scheduled at 2026-01-22 13:52:55.506621+09:00)
2026-01-22 13:52:55,528 | INFO | executor | RUN: ['C:/Users/82108/AppData/Local/Programs/Python/Python313/python.exe', 'C:\\access\\mzip\\cccmp_20.py'] | cwd=c:\temp | timeout=60
2026-01-22 13:52:55,756 | INFO | engine | job done: id=4 status=FAIL
2026-01-22 13:52:55,756 | INFO | apscheduler.executors.default | Job "Engine._schedule_job.<locals>.<lambda> (trigger: interval[0:00:20], next run at: 2026-01-22 13:53:15 KST)" executed successfully
2026-01-22 13:53:15,507 | INFO | apscheduler.executors.default | Running job "Engine._schedule_job.<locals>.<lambda> (trigger: interval[0:00:20], next run at: 2026-01-22 13:53:35 KST)" (scheduled at 2026-01-22 13:53:15.506621+09:00)
2026-01-22 13:53:15,518 | INFO | executor | RUN: ['C:/Users/82108/AppData/Local/Programs/Python/Python313/python.exe', 'C:\\access\\mzip\\cccmp_20.py'] | cwd=c:\temp | timeout=60
2026-01-22 13:53:15,730 | INFO | engine | job done: id=4 status=FAIL
2026-01-22 13:53:15,731 | INFO | apscheduler.executors.default | Job "Engine._schedule_job.<locals>.<lambda> (trigger: interval[0:00:20], next run at: 2026-01-22 13:53:35 KST)" executed successfully
2026-01-22 13:53:35,518 | INFO | apscheduler.executors.default | Running job "Engine._schedule_job.<locals>.<lambda> (trigger: interval[0:00:20], next run at: 2026-01-22 13:53:55 KST)" (scheduled at 2026-01-22 13:53:35.506621+09:00)
2026-01-22 13:53:35,540 | INFO | executor | RUN: ['C:/Users/82108/AppData/Local/Programs/Python/Python313/python.exe', 'C:\\access\\mzip\\cccmp_20.py'] | cwd=c:\temp | timeout=60
2026-01-22 13:53:35,747 | INFO | engine | job done: id=4 status=FAIL
2026-01-22 13:53:35,747 | INFO | apscheduler.executors.default | Job "Engine._schedule_job.<locals>.<lambda> (trigger: interval[0:00:20], next run at: 2026-01-22 13:53:55 KST)" executed successfully
2026-01-22 13:53:55,515 | INFO | apscheduler.executors.default | Running job "Engine._schedule_job.<locals>.<lambda> (trigger: interval[0:00:20], next run at: 2026-01-22 13:54:15 KST)" (scheduled at 2026-01-22 13:53:55.506621+09:00)
2026-01-22 13:53:55,536 | INFO | executor | RUN: ['C:/Users/82108/AppData/Local/Programs/Python/Python313/python.exe', 'C:\\access\\mzip\\cccmp_20.py'] | cwd=c:\temp | timeout=60
2026-01-22 13:53:55,756 | INFO | engine | job done: id=4 status=FAIL
2026-01-22 13:53:55,757 | INFO | apscheduler.executors.default | Job "Engine._schedule_job.<locals>.<lambda> (trigger: interval[0:00:20], next run at: 2026-01-22 13:54:15 KST)" executed successfully
2026-01-22 13:54:15,512 | INFO | apscheduler.executors.default | Running job "Engine._schedule_job.<locals>.<lambda> (trigger: interval[0:00:20], next run at: 2026-01-22 13:54:35 KST)" (scheduled at 2026-01-22 13:54:15.506621+09:00)
2026-01-22 13:54:15,550 | INFO | executor | RUN: ['C:/Users/82108/AppData/Local/Programs/Python/Python313/python.exe', 'C:\\access\\mzip\\cccmp_20.py'] | cwd=c:\temp | timeout=60
2026-01-22 13:54:15,781 | INFO | engine | job done: id=4 status=FAIL
2026-01-22 13:54:15,781 | INFO | apscheduler.executors.default | Job "Engine._schedule_job.<locals>.<lambda> (trigger: interval[0:00:20], next run at: 2026-01-22 13:54:35 KST)" executed successfully
2026-01-22 13:54:35,512 | INFO | apscheduler.executors.default | Running job "Engine._schedule_job.<locals>.<lambda> (trigger: interval[0:00:20], next run at: 2026-01-22 13:54:55 KST)" (scheduled at 2026-01-22 13:54:35.506621+09:00)
2026-01-22 13:54:35,534 | INFO | executor | RUN: ['C:/Users/82108/AppData/Local/Programs/Python/Python313/python.exe', 'C:\\access\\mzip\\cccmp_20.py'] | cwd=c:\temp | timeout=60
2026-01-22 13:54:35,740 | INFO | engine | job done: id=4 status=FAIL
2026-01-22 13:54:35,740 | INFO | apscheduler.executors.default | Job "Engine._schedule_job.<locals>.<lambda> (trigger: interval[0:00:20], next run at: 2026-01-22 13:54:55 KST)" executed successfully
2026-01-22 13:54:55,510 | INFO | apscheduler.executors.default | Running job "Engine._schedule_job.<locals>.<lambda> (trigger: interval[0:00:20], next run at: 2026-01-22 13:55:15 KST)" (scheduled at 2026-01-22 13:54:55.506621+09:00)
2026-01-22 13:54:55,532 | INFO | executor | RUN: ['C:/Users/82108/AppData/Local/Programs/Python/Python313/python.exe', 'C:\\access\\mzip\\cccmp_20.py'] | cwd=c:\temp | timeout=60
2026-01-22 13:54:55,736 | INFO | engine | job done: id=4 status=FAIL
2026-01-22 13:54:55,737 | INFO | apscheduler.executors.default | Job "Engine._schedule_job.<locals>.<lambda> (trigger: interval[0:00:20], next run at: 2026-01-22 13:55:15 KST)" executed successfully
2026-01-22 13:55:15,511 | INFO | apscheduler.executors.default | Running job "Engine._schedule_job.<locals>.<lambda> (trigger: interval[0:00:20], next run at: 2026-01-22 13:55:35 KST)" (scheduled at 2026-01-22 13:55:15.506621+09:00)
2026-01-22 13:55:15,556 | INFO | executor | RUN: ['C:/Users/82108/AppData/Local/Programs/Python/Python313/python.exe', 'C:\\access\\mzip\\cccmp_20.py'] | cwd=c:\temp | timeout=60
2026-01-22 13:55:15,763 | INFO | engine | job done: id=4 status=FAIL
2026-01-22 13:55:15,763 | INFO | apscheduler.executors.default | Job "Engine._schedule_job.<locals>.<lambda> (trigger: interval[0:00:20], next run at: 2026-01-22 13:55:35 KST)" executed successfully
2026-01-22 13:55:35,513 | INFO | apscheduler.executors.default | Running job "Engine._schedule_job.<locals>.<lambda> (trigger: interval[0:00:20], next run at: 2026-01-22 13:55:55 KST)" (scheduled at 2026-01-22 13:55:35.506621+09:00)
2026-01-22 13:55:35,534 | INFO | executor | RUN: ['C:/Users/82108/AppData/Local/Programs/Python/Python313/python.exe', 'C:\\access\\mzip\\cccmp_20.py'] | cwd=c:\temp | timeout=60
2026-01-22 13:55:35,739 | INFO | engine | job done: id=4 status=FAIL
2026-01-22 13:55:35,740 | INFO | apscheduler.executors.default | Job "Engine._schedule_job.<locals>.<lambda> (trigger: interval[0:00:20], next run at: 2026-01-22 13:55:55 KST)" executed successfully
2026-01-22 13:55:55,507 | INFO | apscheduler.executors.default | Running job "Engine._schedule_job.<locals>.<lambda> (trigger: interval[0:00:20], next run at: 2026-01-22 13:56:15 KST)" (scheduled at 2026-01-22 13:55:55.506621+09:00)
2026-01-22 13:55:55,531 | INFO | executor | RUN: ['C:/Users/82108/AppData/Local/Programs/Python/Python313/python.exe', 'C:\\access\\mzip\\cccmp_20.py'] | cwd=c:\temp | timeout=60
2026-01-22 13:55:55,733 | INFO | engine | job done: id=4 status=FAIL
2026-01-22 13:55:55,734 | INFO | apscheduler.executors.default | Job "Engine._schedule_job.<locals>.<lambda> (trigger: interval[0:00:20], next run at: 2026-01-22 13:56:15 KST)" executed successfully
2026-01-22 13:56:15,508 | INFO | apscheduler.executors.default | Running job "Engine._schedule_job.<locals>.<lambda> (trigger: interval[0:00:20], next run at: 2026-01-22 13:56:35 KST)" (scheduled at 2026-01-22 13:56:15.506621+09:00)
2026-01-22 13:56:15,519 | INFO | executor | RUN: ['C:/Users/82108/AppData/Local/Programs/Python/Python313/python.exe', 'C:\\access\\mzip\\cccmp_20.py'] | cwd=c:\temp | timeout=60
2026-01-22 13:56:15,746 | INFO | engine | job done: id=4 status=FAIL
2026-01-22 13:56:15,747 | INFO | apscheduler.executors.default | Job "Engine._schedule_job.<locals>.<lambda> (trigger: interval[0:00:20], next run at: 2026-01-22 13:56:35 KST)" executed successfully
2026-01-22 13:56:35,521 | INFO | apscheduler.executors.default | Running job "Engine._schedule_job.<locals>.<lambda> (trigger: interval[0:00:20], next run at: 2026-01-22 13:56:55 KST)" (scheduled at 2026-01-22 13:56:35.506621+09:00)
2026-01-22 13:56:35,521 | INFO | apscheduler.executors.default | Running job "Engine._schedule_job.<locals>.<lambda> (trigger: interval[0:05:00], next run at: 2026-01-22 14:01:35 KST)" (scheduled at 2026-01-22 13:56:35.507764+09:00)
2026-01-22 13:56:35,541 | INFO | executor | RUN: ['C:/Users/82108/AppData/Local/Programs/Python/Python313/python.exe', 'C:\\access\\mzip\\cccmp_20.py'] | cwd=c:\temp | timeout=60
2026-01-22 13:56:35,560 | INFO | executor | RUN: ['C:/Program Files (x86)/HNC/Office 2024/HOffice130/Bin/HCell.exe', 'C:\\Users\\82108\\Downloads\\검토.xlsx'] | cwd=c:\temp | timeout=60
2026-01-22 13:56:35,723 | INFO | engine | job done: id=4 status=FAIL
2026-01-22 13:56:35,723 | INFO | apscheduler.executors.default | Job "Engine._schedule_job.<locals>.<lambda> (trigger: interval[0:00:20], next run at: 2026-01-22 13:56:55 KST)" executed successfully
2026-01-22 13:56:55,509 | INFO | apscheduler.executors.default | Running job "Engine._schedule_job.<locals>.<lambda> (trigger: interval[0:00:20], next run at: 2026-01-22 13:57:15 KST)" (scheduled at 2026-01-22 13:56:55.506621+09:00)
2026-01-22 13:56:55,518 | INFO | executor | RUN: ['C:/Users/82108/AppData/Local/Programs/Python/Python313/python.exe', 'C:\\access\\mzip\\cccmp_20.py'] | cwd=c:\temp | timeout=60
2026-01-22 13:56:55,737 | INFO | engine | job done: id=4 status=FAIL
2026-01-22 13:56:55,738 | INFO | apscheduler.executors.default | Job "Engine._schedule_job.<locals>.<lambda> (trigger: interval[0:00:20], next run at: 2026-01-22 13:57:15 KST)" executed successfully
2026-01-22 13:56:59,184 | INFO | engine | job done: id=1 status=SUCCESS
2026-01-22 13:56:59,185 | INFO | apscheduler.executors.default | Job "Engine._schedule_job.<locals>.<lambda> (trigger: interval[0:05:00], next run at: 2026-01-22 14:01:35 KST)" executed successfully
2026-01-22 13:57:15,513 | INFO | apscheduler.executors.default | Running job "Engine._schedule_job.<locals>.<lambda> (trigger: interval[0:00:20], next run at: 2026-01-22 13:57:35 KST)" (scheduled at 2026-01-22 13:57:15.506621+09:00)
2026-01-22 13:57:15,524 | INFO | executor | RUN: ['C:/Users/82108/AppData/Local/Programs/Python/Python313/python.exe', 'C:\\access\\mzip\\cccmp_20.py'] | cwd=c:\temp | timeout=60
2026-01-22 13:57:15,743 | INFO | engine | job done: id=4 status=FAIL
2026-01-22 13:57:15,743 | INFO | apscheduler.executors.default | Job "Engine._schedule_job.<locals>.<lambda> (trigger: interval[0:00:20], next run at: 2026-01-22 13:57:35 KST)" executed successfully
2026-01-22 13:57:35,511 | INFO | apscheduler.executors.default | Running job "Engine._schedule_job.<locals>.<lambda> (trigger: interval[0:00:20], next run at: 2026-01-22 13:57:55 KST)" (scheduled at 2026-01-22 13:57:35.506621+09:00)
2026-01-22 13:57:35,521 | INFO | executor | RUN: ['C:/Users/82108/AppData/Local/Programs/Python/Python313/python.exe', 'C:\\access\\mzip\\cccmp_20.py'] | cwd=c:\temp | timeout=60
2026-01-22 13:57:35,760 | INFO | engine | job done: id=4 status=FAIL
2026-01-22 13:57:35,760 | INFO | apscheduler.executors.default | Job "Engine._schedule_job.<locals>.<lambda> (trigger: interval[0:00:20], next run at: 2026-01-22 13:57:55 KST)" executed successfully
2026-01-22 13:57:52,274 | INFO | apscheduler.scheduler | Scheduler has been shut down
2026-01-22 13:57:52,274 | INFO | engine | scheduler stopped
2026-01-22 13:57:52,621 | INFO | apscheduler.scheduler | Scheduler started
2026-01-22 13:57:52,623 | INFO | engine | scheduler started
2026-01-22 13:57:52,624 | INFO | apscheduler.scheduler | Added job "Engine._schedule_job.<locals>.<lambda>" to job store "default"
2026-01-22 13:57:52,625 | INFO | apscheduler.scheduler | Added job "Engine._schedule_job.<locals>.<lambda>" to job store "default"
2026-01-22 13:57:52,625 | INFO | apscheduler.scheduler | Added job "Engine._schedule_job.<locals>.<lambda>" to job store "default"
2026-01-22 13:57:52,626 | INFO | engine | jobs reloaded: 3
2026-01-22 13:57:52,663 | INFO | apscheduler.scheduler | Added job "Engine._schedule_job.<locals>.<lambda>" to job store "default"
2026-01-22 13:57:52,665 | INFO | apscheduler.scheduler | Added job "Engine._schedule_job.<locals>.<lambda>" to job store "default"
2026-01-22 13:57:52,665 | INFO | apscheduler.scheduler | Added job "Engine._schedule_job.<locals>.<lambda>" to job store "default"
2026-01-22 13:57:52,665 | INFO | engine | jobs reloaded: 3
2026-01-22 13:57:57,861 | INFO | apscheduler.scheduler | Scheduler has been shut down
2026-01-22 13:57:57,862 | INFO | engine | scheduler stopped
2026-01-22 14:01:49,289 | INFO | apscheduler.scheduler | Scheduler started
2026-01-22 14:01:49,290 | INFO | engine | scheduler started
2026-01-22 14:01:49,292 | INFO | apscheduler.scheduler | Added job "Engine._schedule_job.<locals>.<lambda>" to job store "default"
2026-01-22 14:01:49,292 | INFO | apscheduler.scheduler | Added job "Engine._schedule_job.<locals>.<lambda>" to job store "default"
2026-01-22 14:01:49,293 | INFO | apscheduler.scheduler | Added job "Engine._schedule_job.<locals>.<lambda>" to job store "default"
2026-01-22 14:01:49,293 | INFO | engine | jobs reloaded: 3
2026-01-22 14:01:49,335 | INFO | apscheduler.scheduler | Added job "Engine._schedule_job.<locals>.<lambda>" to job store "default"
2026-01-22 14:01:49,336 | INFO | apscheduler.scheduler | Added job "Engine._schedule_job.<locals>.<lambda>" to job store "default"
2026-01-22 14:01:49,336 | INFO | apscheduler.scheduler | Added job "Engine._schedule_job.<locals>.<lambda>" to job store "default"
2026-01-22 14:01:49,337 | INFO | engine | jobs reloaded: 3
2026-01-22 14:02:09,352 | INFO | apscheduler.executors.default | Running job "Engine._schedule_job.<locals>.<lambda> (trigger: interval[0:00:20], next run at: 2026-01-22 14:02:09 KST)" (scheduled at 2026-01-22 14:02:09.335670+09:00)
2026-01-22 14:02:09,362 | INFO | executor | RUN: ['C:/Users/82108/AppData/Local/Programs/Python/Python313/python.exe', 'C:\\access\\mzip\\cccmp_20.py'] | cwd=c:\temp | timeout=60
2026-01-22 14:02:09,675 | INFO | engine | job done: id=4 status=FAIL
2026-01-22 14:02:09,675 | INFO | apscheduler.executors.default | Job "Engine._schedule_job.<locals>.<lambda> (trigger: interval[0:00:20], next run at: 2026-01-22 14:02:29 KST)" executed successfully
2026-01-22 14:02:29,368 | INFO | apscheduler.executors.default | Running job "Engine._schedule_job.<locals>.<lambda> (trigger: interval[0:00:20], next run at: 2026-01-22 14:02:49 KST)" (scheduled at 2026-01-22 14:02:29.335670+09:00)
2026-01-22 14:02:29,387 | INFO | executor | RUN: ['C:/Users/82108/AppData/Local/Programs/Python/Python313/python.exe', 'C:\\access\\mzip\\cccmp_20.py'] | cwd=c:\temp | timeout=60
2026-01-22 14:02:29,599 | INFO | engine | job done: id=4 status=FAIL
2026-01-22 14:02:29,600 | INFO | apscheduler.executors.default | Job "Engine._schedule_job.<locals>.<lambda> (trigger: interval[0:00:20], next run at: 2026-01-22 14:02:49 KST)" executed successfully
2026-01-22 14:02:49,359 | INFO | apscheduler.executors.default | Running job "Engine._schedule_job.<locals>.<lambda> (trigger: interval[0:00:20], next run at: 2026-01-22 14:03:09 KST)" (scheduled at 2026-01-22 14:02:49.335670+09:00)
2026-01-22 14:02:49,377 | INFO | executor | RUN: ['C:/Users/82108/AppData/Local/Programs/Python/Python313/python.exe', 'C:\\access\\mzip\\cccmp_20.py'] | cwd=c:\temp | timeout=60
2026-01-22 14:02:49,566 | INFO | engine | job done: id=4 status=FAIL
2026-01-22 14:02:49,566 | INFO | apscheduler.executors.default | Job "Engine._schedule_job.<locals>.<lambda> (trigger: interval[0:00:20], next run at: 2026-01-22 14:03:09 KST)" executed successfully
2026-01-22 14:03:09,361 | INFO | apscheduler.executors.default | Running job "Engine._schedule_job.<locals>.<lambda> (trigger: interval[0:00:20], next run at: 2026-01-22 14:03:29 KST)" (scheduled at 2026-01-22 14:03:09.335670+09:00)
2026-01-22 14:03:09,371 | INFO | executor | RUN: ['C:/Users/82108/AppData/Local/Programs/Python/Python313/python.exe', 'C:\\access\\mzip\\cccmp_20.py'] | cwd=c:\temp | timeout=60
2026-01-22 14:03:09,580 | INFO | engine | job done: id=4 status=FAIL
2026-01-22 14:03:09,581 | INFO | apscheduler.executors.default | Job "Engine._schedule_job.<locals>.<lambda> (trigger: interval[0:00:20], next run at: 2026-01-22 14:03:29 KST)" executed successfully
2026-01-22 14:03:29,391 | INFO | apscheduler.executors.default | Running job "Engine._schedule_job.<locals>.<lambda> (trigger: interval[0:00:20], next run at: 2026-01-22 14:03:49 KST)" (scheduled at 2026-01-22 14:03:29.335670+09:00)
2026-01-22 14:03:29,411 | INFO | executor | RUN: ['C:/Users/82108/AppData/Local/Programs/Python/Python313/python.exe', 'C:\\access\\mzip\\cccmp_20.py'] | cwd=c:\temp | timeout=60
2026-01-22 14:03:29,622 | INFO | engine | job done: id=4 status=FAIL
2026-01-22 14:03:29,623 | INFO | apscheduler.executors.default | Job "Engine._schedule_job.<locals>.<lambda> (trigger: interval[0:00:20], next run at: 2026-01-22 14:03:49 KST)" executed successfully
2026-01-22 14:03:49,388 | INFO | apscheduler.executors.default | Running job "Engine._schedule_job.<locals>.<lambda> (trigger: interval[0:00:20], next run at: 2026-01-22 14:04:09 KST)" (scheduled at 2026-01-22 14:03:49.335670+09:00)
2026-01-22 14:03:49,414 | INFO | executor | RUN: ['C:/Users/82108/AppData/Local/Programs/Python/Python313/python.exe', 'C:\\access\\mzip\\cccmp_20.py'] | cwd=c:\temp | timeout=60
2026-01-22 14:03:49,623 | INFO | engine | job done: id=4 status=FAIL
2026-01-22 14:03:49,624 | INFO | apscheduler.executors.default | Job "Engine._schedule_job.<locals>.<lambda> (trigger: interval[0:00:20], next run at: 2026-01-22 14:04:09 KST)" executed successfully
2026-01-22 14:04:09,420 | INFO | apscheduler.executors.default | Running job "Engine._schedule_job.<locals>.<lambda> (trigger: interval[0:00:20], next run at: 2026-01-22 14:04:29 KST)" (scheduled at 2026-01-22 14:04:09.335670+09:00)
2026-01-22 14:04:09,444 | INFO | executor | RUN: ['C:/Users/82108/AppData/Local/Programs/Python/Python313/python.exe', 'C:\\access\\mzip\\cccmp_20.py'] | cwd=c:\temp | timeout=60
2026-01-22 14:04:09,641 | INFO | engine | job done: id=4 status=FAIL
2026-01-22 14:04:09,642 | INFO | apscheduler.executors.default | Job "Engine._schedule_job.<locals>.<lambda> (trigger: interval[0:00:20], next run at: 2026-01-22 14:04:29 KST)" executed successfully
2026-01-22 14:04:29,394 | INFO | apscheduler.executors.default | Running job "Engine._schedule_job.<locals>.<lambda> (trigger: interval[0:00:20], next run at: 2026-01-22 14:04:49 KST)" (scheduled at 2026-01-22 14:04:29.335670+09:00)
2026-01-22 14:04:29,414 | INFO | executor | RUN: ['C:/Users/82108/AppData/Local/Programs/Python/Python313/python.exe', 'C:\\access\\mzip\\cccmp_20.py'] | cwd=c:\temp | timeout=60
2026-01-22 14:04:29,610 | INFO | engine | job done: id=4 status=FAIL
2026-01-22 14:04:29,611 | INFO | apscheduler.executors.default | Job "Engine._schedule_job.<locals>.<lambda> (trigger: interval[0:00:20], next run at: 2026-01-22 14:04:49 KST)" executed successfully
2026-01-22 14:04:49,409 | INFO | apscheduler.executors.default | Running job "Engine._schedule_job.<locals>.<lambda> (trigger: interval[0:00:20], next run at: 2026-01-22 14:05:09 KST)" (scheduled at 2026-01-22 14:04:49.335670+09:00)
2026-01-22 14:04:49,431 | INFO | executor | RUN: ['C:/Users/82108/AppData/Local/Programs/Python/Python313/python.exe', 'C:\\access\\mzip\\cccmp_20.py'] | cwd=c:\temp | timeout=60
2026-01-22 14:04:49,646 | INFO | engine | job done: id=4 status=FAIL
2026-01-22 14:04:49,647 | INFO | apscheduler.executors.default | Job "Engine._schedule_job.<locals>.<lambda> (trigger: interval[0:00:20], next run at: 2026-01-22 14:05:09 KST)" executed successfully
2026-01-22 14:05:09,366 | INFO | apscheduler.executors.default | Running job "Engine._schedule_job.<locals>.<lambda> (trigger: interval[0:00:20], next run at: 2026-01-22 14:05:29 KST)" (scheduled at 2026-01-22 14:05:09.335670+09:00)
2026-01-22 14:05:09,388 | INFO | executor | RUN: ['C:/Users/82108/AppData/Local/Programs/Python/Python313/python.exe', 'C:\\access\\mzip\\cccmp_20.py'] | cwd=c:\temp | timeout=60
2026-01-22 14:05:09,594 | INFO | engine | job done: id=4 status=FAIL
2026-01-22 14:05:09,594 | INFO | apscheduler.executors.default | Job "Engine._schedule_job.<locals>.<lambda> (trigger: interval[0:00:20], next run at: 2026-01-22 14:05:29 KST)" executed successfully
2026-01-22 14:05:29,396 | INFO | apscheduler.executors.default | Running job "Engine._schedule_job.<locals>.<lambda> (trigger: interval[0:00:20], next run at: 2026-01-22 14:05:49 KST)" (scheduled at 2026-01-22 14:05:29.335670+09:00)
2026-01-22 14:05:29,419 | INFO | executor | RUN: ['C:/Users/82108/AppData/Local/Programs/Python/Python313/python.exe', 'C:\\access\\mzip\\cccmp_20.py'] | cwd=c:\temp | timeout=60
2026-01-22 14:05:29,616 | INFO | engine | job done: id=4 status=FAIL
2026-01-22 14:05:29,617 | INFO | apscheduler.executors.default | Job "Engine._schedule_job.<locals>.<lambda> (trigger: interval[0:00:20], next run at: 2026-01-22 14:05:49 KST)" executed successfully
2026-01-22 14:05:49,367 | INFO | apscheduler.executors.default | Running job "Engine._schedule_job.<locals>.<lambda> (trigger: interval[0:00:20], next run at: 2026-01-22 14:06:09 KST)" (scheduled at 2026-01-22 14:05:49.335670+09:00)
2026-01-22 14:05:49,387 | INFO | executor | RUN: ['C:/Users/82108/AppData/Local/Programs/Python/Python313/python.exe', 'C:\\access\\mzip\\cccmp_20.py'] | cwd=c:\temp | timeout=60
2026-01-22 14:05:49,596 | INFO | engine | job done: id=4 status=FAIL
2026-01-22 14:05:49,597 | INFO | apscheduler.executors.default | Job "Engine._schedule_job.<locals>.<lambda> (trigger: interval[0:00:20], next run at: 2026-01-22 14:06:09 KST)" executed successfully
2026-01-22 14:06:09,348 | INFO | apscheduler.executors.default | Running job "Engine._schedule_job.<locals>.<lambda> (trigger: interval[0:00:20], next run at: 2026-01-22 14:06:29 KST)" (scheduled at 2026-01-22 14:06:09.335670+09:00)
2026-01-22 14:06:09,366 | INFO | executor | RUN: ['C:/Users/82108/AppData/Local/Programs/Python/Python313/python.exe', 'C:\\access\\mzip\\cccmp_20.py'] | cwd=c:\temp | timeout=60
2026-01-22 14:06:09,548 | INFO | engine | job done: id=4 status=FAIL
2026-01-22 14:06:09,549 | INFO | apscheduler.executors.default | Job "Engine._schedule_job.<locals>.<lambda> (trigger: interval[0:00:20], next run at: 2026-01-22 14:06:29 KST)" executed successfully
2026-01-22 14:06:29,404 | INFO | apscheduler.executors.default | Running job "Engine._schedule_job.<locals>.<lambda> (trigger: interval[0:00:20], next run at: 2026-01-22 14:06:49 KST)" (scheduled at 2026-01-22 14:06:29.335670+09:00)
2026-01-22 14:06:29,417 | INFO | executor | RUN: ['C:/Users/82108/AppData/Local/Programs/Python/Python313/python.exe', 'C:\\access\\mzip\\cccmp_20.py'] | cwd=c:\temp | timeout=60
2026-01-22 14:06:29,623 | INFO | engine | job done: id=4 status=FAIL
2026-01-22 14:06:29,624 | INFO | apscheduler.executors.default | Job "Engine._schedule_job.<locals>.<lambda> (trigger: interval[0:00:20], next run at: 2026-01-22 14:06:49 KST)" executed successfully
2026-01-22 14:06:49,376 | INFO | apscheduler.executors.default | Running job "Engine._schedule_job.<locals>.<lambda> (trigger: interval[0:00:20], next run at: 2026-01-22 14:07:09 KST)" (scheduled at 2026-01-22 14:06:49.335670+09:00)
2026-01-22 14:06:49,377 | INFO | apscheduler.executors.default | Running job "Engine._schedule_job.<locals>.<lambda> (trigger: interval[0:05:00], next run at: 2026-01-22 14:11:49 KST)" (scheduled at 2026-01-22 14:06:49.336619+09:00)
2026-01-22 14:06:49,398 | INFO | executor | RUN: ['C:/Program Files (x86)/HNC/Office 2024/HOffice130/Bin/HCell.exe', 'C:\\Users\\82108\\Downloads\\검토.xlsx'] | cwd=c:\temp | timeout=60
2026-01-22 14:06:49,409 | INFO | executor | RUN: ['C:/Users/82108/AppData/Local/Programs/Python/Python313/python.exe', 'C:\\access\\mzip\\cccmp_20.py'] | cwd=c:\temp | timeout=60
2026-01-22 14:06:49,593 | INFO | engine | job done: id=4 status=FAIL
2026-01-22 14:06:49,593 | INFO | apscheduler.executors.default | Job "Engine._schedule_job.<locals>.<lambda> (trigger: interval[0:00:20], next run at: 2026-01-22 14:07:09 KST)" executed successfully
2026-01-22 14:07:09,387 | INFO | apscheduler.executors.default | Running job "Engine._schedule_job.<locals>.<lambda> (trigger: interval[0:00:20], next run at: 2026-01-22 14:07:29 KST)" (scheduled at 2026-01-22 14:07:09.335670+09:00)
2026-01-22 14:07:09,408 | INFO | executor | RUN: ['C:/Users/82108/AppData/Local/Programs/Python/Python313/python.exe', 'C:\\access\\mzip\\cccmp_20.py'] | cwd=c:\temp | timeout=60
2026-01-22 14:07:09,588 | INFO | engine | job done: id=4 status=FAIL
2026-01-22 14:07:09,588 | INFO | apscheduler.executors.default | Job "Engine._schedule_job.<locals>.<lambda> (trigger: interval[0:00:20], next run at: 2026-01-22 14:07:29 KST)" executed successfully
2026-01-22 14:07:29,372 | INFO | apscheduler.executors.default | Running job "Engine._schedule_job.<locals>.<lambda> (trigger: interval[0:00:20], next run at: 2026-01-22 14:07:49 KST)" (scheduled at 2026-01-22 14:07:29.335670+09:00)
2026-01-22 14:07:29,392 | INFO | executor | RUN: ['C:/Users/82108/AppData/Local/Programs/Python/Python313/python.exe', 'C:\\access\\mzip\\cccmp_20.py'] | cwd=c:\temp | timeout=60
2026-01-22 14:07:29,584 | INFO | engine | job done: id=4 status=FAIL
2026-01-22 14:07:29,584 | INFO | apscheduler.executors.default | Job "Engine._schedule_job.<locals>.<lambda> (trigger: interval[0:00:20], next run at: 2026-01-22 14:07:49 KST)" executed successfully
2026-01-22 14:07:49,388 | INFO | apscheduler.executors.default | Running job "Engine._schedule_job.<locals>.<lambda> (trigger: interval[0:00:20], next run at: 2026-01-22 14:08:09 KST)" (scheduled at 2026-01-22 14:07:49.335670+09:00)
2026-01-22 14:07:49,411 | INFO | executor | RUN: ['C:/Users/82108/AppData/Local/Programs/Python/Python313/python.exe', 'C:\\access\\mzip\\cccmp_20.py'] | cwd=c:\temp | timeout=60
2026-01-22 14:07:49,519 | INFO | engine | job done: id=1 status=TIMEOUT
2026-01-22 14:07:49,519 | INFO | apscheduler.executors.default | Job "Engine._schedule_job.<locals>.<lambda> (trigger: interval[0:05:00], next run at: 2026-01-22 14:11:49 KST)" executed successfully
2026-01-22 14:07:49,594 | INFO | engine | job done: id=4 status=FAIL
2026-01-22 14:07:49,594 | INFO | apscheduler.executors.default | Job "Engine._schedule_job.<locals>.<lambda> (trigger: interval[0:00:20], next run at: 2026-01-22 14:08:09 KST)" executed successfully
2026-01-22 14:08:09,378 | INFO | apscheduler.executors.default | Running job "Engine._schedule_job.<locals>.<lambda> (trigger: interval[0:00:20], next run at: 2026-01-22 14:08:29 KST)" (scheduled at 2026-01-22 14:08:09.335670+09:00)
2026-01-22 14:08:09,400 | INFO | executor | RUN: ['C:/Users/82108/AppData/Local/Programs/Python/Python313/python.exe', 'C:\\access\\mzip\\cccmp_20.py'] | cwd=c:\temp | timeout=60
2026-01-22 14:08:09,636 | INFO | engine | job done: id=4 status=FAIL
2026-01-22 14:08:09,637 | INFO | apscheduler.executors.default | Job "Engine._schedule_job.<locals>.<lambda> (trigger: interval[0:00:20], next run at: 2026-01-22 14:08:29 KST)" executed successfully
2026-01-22 14:08:29,373 | INFO | apscheduler.executors.default | Running job "Engine._schedule_job.<locals>.<lambda> (trigger: interval[0:00:20], next run at: 2026-01-22 14:08:49 KST)" (scheduled at 2026-01-22 14:08:29.335670+09:00)
2026-01-22 14:08:29,393 | INFO | executor | RUN: ['C:/Users/82108/AppData/Local/Programs/Python/Python313/python.exe', 'C:\\access\\mzip\\cccmp_20.py'] | cwd=c:\temp | timeout=60
2026-01-22 14:08:29,577 | INFO | engine | job done: id=4 status=FAIL
2026-01-22 14:08:29,578 | INFO | apscheduler.executors.default | Job "Engine._schedule_job.<locals>.<lambda> (trigger: interval[0:00:20], next run at: 2026-01-22 14:08:49 KST)" executed successfully
2026-01-22 14:08:49,386 | INFO | apscheduler.executors.default | Running job "Engine._schedule_job.<locals>.<lambda> (trigger: interval[0:00:20], next run at: 2026-01-22 14:09:09 KST)" (scheduled at 2026-01-22 14:08:49.335670+09:00)
2026-01-22 14:08:49,397 | INFO | executor | RUN: ['C:/Users/82108/AppData/Local/Programs/Python/Python313/python.exe', 'C:\\access\\mzip\\cccmp_20.py'] | cwd=c:\temp | timeout=60
2026-01-22 14:08:49,583 | INFO | engine | job done: id=4 status=FAIL
2026-01-22 14:08:49,584 | INFO | apscheduler.executors.default | Job "Engine._schedule_job.<locals>.<lambda> (trigger: interval[0:00:20], next run at: 2026-01-22 14:09:09 KST)" executed successfully
2026-01-22 14:09:09,398 | INFO | apscheduler.executors.default | Running job "Engine._schedule_job.<locals>.<lambda> (trigger: interval[0:00:20], next run at: 2026-01-22 14:09:29 KST)" (scheduled at 2026-01-22 14:09:09.335670+09:00)
2026-01-22 14:09:09,409 | INFO | executor | RUN: ['C:/Users/82108/AppData/Local/Programs/Python/Python313/python.exe', 'C:\\access\\mzip\\cccmp_20.py'] | cwd=c:\temp | timeout=60
2026-01-22 14:09:09,621 | INFO | engine | job done: id=4 status=FAIL
2026-01-22 14:09:09,621 | INFO | apscheduler.executors.default | Job "Engine._schedule_job.<locals>.<lambda> (trigger: interval[0:00:20], next run at: 2026-01-22 14:09:29 KST)" executed successfully
2026-01-22 14:09:29,372 | INFO | apscheduler.executors.default | Running job "Engine._schedule_job.<locals>.<lambda> (trigger: interval[0:00:20], next run at: 2026-01-22 14:09:49 KST)" (scheduled at 2026-01-22 14:09:29.335670+09:00)
2026-01-22 14:09:29,395 | INFO | executor | RUN: ['C:/Users/82108/AppData/Local/Programs/Python/Python313/python.exe', 'C:\\access\\mzip\\cccmp_20.py'] | cwd=c:\temp | timeout=60
2026-01-22 14:09:29,598 | INFO | engine | job done: id=4 status=FAIL
2026-01-22 14:09:29,599 | INFO | apscheduler.executors.default | Job "Engine._schedule_job.<locals>.<lambda> (trigger: interval[0:00:20], next run at: 2026-01-22 14:09:49 KST)" executed successfully
2026-01-22 14:09:49,355 | INFO | apscheduler.executors.default | Running job "Engine._schedule_job.<locals>.<lambda> (trigger: interval[0:00:20], next run at: 2026-01-22 14:10:09 KST)" (scheduled at 2026-01-22 14:09:49.335670+09:00)
2026-01-22 14:09:49,374 | INFO | executor | RUN: ['C:/Users/82108/AppData/Local/Programs/Python/Python313/python.exe', 'C:\\access\\mzip\\cccmp_20.py'] | cwd=c:\temp | timeout=60
2026-01-22 14:09:49,575 | INFO | engine | job done: id=4 status=FAIL
2026-01-22 14:09:49,575 | INFO | apscheduler.executors.default | Job "Engine._schedule_job.<locals>.<lambda> (trigger: interval[0:00:20], next run at: 2026-01-22 14:10:09 KST)" executed successfully
2026-01-22 14:10:09,371 | INFO | apscheduler.executors.default | Running job "Engine._schedule_job.<locals>.<lambda> (trigger: interval[0:00:20], next run at: 2026-01-22 14:10:29 KST)" (scheduled at 2026-01-22 14:10:09.335670+09:00)
2026-01-22 14:10:09,388 | INFO | executor | RUN: ['C:/Users/82108/AppData/Local/Programs/Python/Python313/python.exe', 'C:\\access\\mzip\\cccmp_20.py'] | cwd=c:\temp | timeout=60
2026-01-22 14:10:09,576 | INFO | engine | job done: id=4 status=FAIL
2026-01-22 14:10:09,576 | INFO | apscheduler.executors.default | Job "Engine._schedule_job.<locals>.<lambda> (trigger: interval[0:00:20], next run at: 2026-01-22 14:10:29 KST)" executed successfully
2026-01-22 14:10:29,397 | INFO | apscheduler.executors.default | Running job "Engine._schedule_job.<locals>.<lambda> (trigger: interval[0:00:20], next run at: 2026-01-22 14:10:49 KST)" (scheduled at 2026-01-22 14:10:29.335670+09:00)
2026-01-22 14:10:29,420 | INFO | executor | RUN: ['C:/Users/82108/AppData/Local/Programs/Python/Python313/python.exe', 'C:\\access\\mzip\\cccmp_20.py'] | cwd=c:\temp | timeout=60
2026-01-22 14:10:29,616 | INFO | engine | job done: id=4 status=FAIL
2026-01-22 14:10:29,617 | INFO | apscheduler.executors.default | Job "Engine._schedule_job.<locals>.<lambda> (trigger: interval[0:00:20], next run at: 2026-01-22 14:10:49 KST)" executed successfully
2026-01-22 14:10:49,407 | INFO | apscheduler.executors.default | Running job "Engine._schedule_job.<locals>.<lambda> (trigger: interval[0:00:20], next run at: 2026-01-22 14:11:09 KST)" (scheduled at 2026-01-22 14:10:49.335670+09:00)
2026-01-22 14:10:49,421 | INFO | executor | RUN: ['C:/Users/82108/AppData/Local/Programs/Python/Python313/python.exe', 'C:\\access\\mzip\\cccmp_20.py'] | cwd=c:\temp | timeout=60
2026-01-22 14:10:49,616 | INFO | engine | job done: id=4 status=FAIL
2026-01-22 14:10:49,617 | INFO | apscheduler.executors.default | Job "Engine._schedule_job.<locals>.<lambda> (trigger: interval[0:00:20], next run at: 2026-01-22 14:11:09 KST)" executed successfully
2026-01-22 14:11:09,398 | INFO | apscheduler.executors.default | Running job "Engine._schedule_job.<locals>.<lambda> (trigger: interval[0:00:20], next run at: 2026-01-22 14:11:29 KST)" (scheduled at 2026-01-22 14:11:09.335670+09:00)
2026-01-22 14:11:09,416 | INFO | executor | RUN: ['C:/Users/82108/AppData/Local/Programs/Python/Python313/python.exe', 'C:\\access\\mzip\\cccmp_20.py'] | cwd=c:\temp | timeout=60
2026-01-22 14:11:09,629 | INFO | engine | job done: id=4 status=FAIL
2026-01-22 14:11:09,630 | INFO | apscheduler.executors.default | Job "Engine._schedule_job.<locals>.<lambda> (trigger: interval[0:00:20], next run at: 2026-01-22 14:11:29 KST)" executed successfully
2026-01-22 14:11:29,385 | INFO | apscheduler.executors.default | Running job "Engine._schedule_job.<locals>.<lambda> (trigger: interval[0:00:20], next run at: 2026-01-22 14:11:49 KST)" (scheduled at 2026-01-22 14:11:29.335670+09:00)
2026-01-22 14:11:29,409 | INFO | executor | RUN: ['C:/Users/82108/AppData/Local/Programs/Python/Python313/python.exe', 'C:\\access\\mzip\\cccmp_20.py'] | cwd=c:\temp | timeout=60
2026-01-22 14:11:29,619 | INFO | engine | job done: id=4 status=FAIL
2026-01-22 14:11:29,619 | INFO | apscheduler.executors.default | Job "Engine._schedule_job.<locals>.<lambda> (trigger: interval[0:00:20], next run at: 2026-01-22 14:11:49 KST)" executed successfully
2026-01-22 14:11:49,365 | INFO | apscheduler.executors.default | Running job "Engine._schedule_job.<locals>.<lambda> (trigger: interval[0:00:20], next run at: 2026-01-22 14:12:09 KST)" (scheduled at 2026-01-22 14:11:49.335670+09:00)
2026-01-22 14:11:49,365 | INFO | apscheduler.executors.default | Running job "Engine._schedule_job.<locals>.<lambda> (trigger: interval[0:05:00], next run at: 2026-01-22 14:16:49 KST)" (scheduled at 2026-01-22 14:11:49.336619+09:00)
2026-01-22 14:11:49,384 | INFO | executor | RUN: ['C:/Users/82108/AppData/Local/Programs/Python/Python313/python.exe', 'C:\\access\\mzip\\cccmp_20.py'] | cwd=c:\temp | timeout=60
2026-01-22 14:11:49,400 | INFO | executor | RUN: ['C:/Program Files (x86)/HNC/Office 2024/HOffice130/Bin/HCell.exe', 'C:\\Users\\82108\\Downloads\\검토.xlsx'] | cwd=c:\temp | timeout=60
2026-01-22 14:11:49,568 | INFO | engine | job done: id=4 status=FAIL
2026-01-22 14:11:49,569 | INFO | apscheduler.executors.default | Job "Engine._schedule_job.<locals>.<lambda> (trigger: interval[0:00:20], next run at: 2026-01-22 14:12:09 KST)" executed successfully
2026-01-22 14:11:57,268 | INFO | engine | job done: id=1 status=SUCCESS
2026-01-22 14:11:57,269 | INFO | apscheduler.executors.default | Job "Engine._schedule_job.<locals>.<lambda> (trigger: interval[0:05:00], next run at: 2026-01-22 14:16:49 KST)" executed successfully
2026-01-22 14:12:09,362 | INFO | apscheduler.executors.default | Running job "Engine._schedule_job.<locals>.<lambda> (trigger: interval[0:00:20], next run at: 2026-01-22 14:12:29 KST)" (scheduled at 2026-01-22 14:12:09.335670+09:00)
2026-01-22 14:12:09,377 | INFO | executor | RUN: ['C:/Users/82108/AppData/Local/Programs/Python/Python313/python.exe', 'C:\\access\\mzip\\cccmp_20.py'] | cwd=c:\temp | timeout=60
2026-01-22 14:12:09,573 | INFO | engine | job done: id=4 status=FAIL
2026-01-22 14:12:09,574 | INFO | apscheduler.executors.default | Job "Engine._schedule_job.<locals>.<lambda> (trigger: interval[0:00:20], next run at: 2026-01-22 14:12:29 KST)" executed successfully
2026-01-22 14:12:29,366 | INFO | apscheduler.executors.default | Running job "Engine._schedule_job.<locals>.<lambda> (trigger: interval[0:00:20], next run at: 2026-01-22 14:12:49 KST)" (scheduled at 2026-01-22 14:12:29.335670+09:00)
2026-01-22 14:12:29,377 | INFO | executor | RUN: ['C:/Users/82108/AppData/Local/Programs/Python/Python313/python.exe', 'C:\\access\\mzip\\cccmp_20.py'] | cwd=c:\temp | timeout=60
2026-01-22 14:12:29,551 | INFO | engine | job done: id=4 status=FAIL
2026-01-22 14:12:29,552 | INFO | apscheduler.executors.default | Job "Engine._schedule_job.<locals>.<lambda> (trigger: interval[0:00:20], next run at: 2026-01-22 14:12:49 KST)" executed successfully
2026-01-22 14:12:49,383 | INFO | apscheduler.executors.default | Running job "Engine._schedule_job.<locals>.<lambda> (trigger: interval[0:00:20], next run at: 2026-01-22 14:13:09 KST)" (scheduled at 2026-01-22 14:12:49.335670+09:00)
2026-01-22 14:12:49,404 | INFO | executor | RUN: ['C:/Users/82108/AppData/Local/Programs/Python/Python313/python.exe', 'C:\\access\\mzip\\cccmp_20.py'] | cwd=c:\temp | timeout=60
2026-01-22 14:12:49,608 | INFO | engine | job done: id=4 status=FAIL
2026-01-22 14:12:49,609 | INFO | apscheduler.executors.default | Job "Engine._schedule_job.<locals>.<lambda> (trigger: interval[0:00:20], next run at: 2026-01-22 14:13:09 KST)" executed successfully
2026-01-22 14:13:09,373 | INFO | apscheduler.executors.default | Running job "Engine._schedule_job.<locals>.<lambda> (trigger: interval[0:00:20], next run at: 2026-01-22 14:13:29 KST)" (scheduled at 2026-01-22 14:13:09.335670+09:00)
2026-01-22 14:13:09,395 | INFO | executor | RUN: ['C:/Users/82108/AppData/Local/Programs/Python/Python313/python.exe', 'C:\\access\\mzip\\cccmp_20.py'] | cwd=c:\temp | timeout=60
2026-01-22 14:13:09,605 | INFO | engine | job done: id=4 status=FAIL
2026-01-22 14:13:09,605 | INFO | apscheduler.executors.default | Job "Engine._schedule_job.<locals>.<lambda> (trigger: interval[0:00:20], next run at: 2026-01-22 14:13:29 KST)" executed successfully
2026-01-22 14:13:29,358 | INFO | apscheduler.executors.default | Running job "Engine._schedule_job.<locals>.<lambda> (trigger: interval[0:00:20], next run at: 2026-01-22 14:13:49 KST)" (scheduled at 2026-01-22 14:13:29.335670+09:00)
2026-01-22 14:13:29,378 | INFO | executor | RUN: ['C:/Users/82108/AppData/Local/Programs/Python/Python313/python.exe', 'C:\\access\\mzip\\cccmp_20.py'] | cwd=c:\temp | timeout=60
2026-01-22 14:13:29,580 | INFO | engine | job done: id=4 status=FAIL
2026-01-22 14:13:29,580 | INFO | apscheduler.executors.default | Job "Engine._schedule_job.<locals>.<lambda> (trigger: interval[0:00:20], next run at: 2026-01-22 14:13:49 KST)" executed successfully
2026-01-22 14:13:49,377 | INFO | apscheduler.executors.default | Running job "Engine._schedule_job.<locals>.<lambda> (trigger: interval[0:00:20], next run at: 2026-01-22 14:14:09 KST)" (scheduled at 2026-01-22 14:13:49.335670+09:00)
2026-01-22 14:13:49,401 | INFO | executor | RUN: ['C:/Users/82108/AppData/Local/Programs/Python/Python313/python.exe', 'C:\\access\\mzip\\cccmp_20.py'] | cwd=c:\temp | timeout=60
2026-01-22 14:13:49,583 | INFO | engine | job done: id=4 status=FAIL
2026-01-22 14:13:49,584 | INFO | apscheduler.executors.default | Job "Engine._schedule_job.<locals>.<lambda> (trigger: interval[0:00:20], next run at: 2026-01-22 14:14:09 KST)" executed successfully
2026-01-22 14:14:09,361 | INFO | apscheduler.executors.default | Running job "Engine._schedule_job.<locals>.<lambda> (trigger: interval[0:00:20], next run at: 2026-01-22 14:14:29 KST)" (scheduled at 2026-01-22 14:14:09.335670+09:00)
2026-01-22 14:14:09,380 | INFO | executor | RUN: ['C:/Users/82108/AppData/Local/Programs/Python/Python313/python.exe', 'C:\\access\\mzip\\cccmp_20.py'] | cwd=c:\temp | timeout=60
2026-01-22 14:14:09,564 | INFO | engine | job done: id=4 status=FAIL
2026-01-22 14:14:09,564 | INFO | apscheduler.executors.default | Job "Engine._schedule_job.<locals>.<lambda> (trigger: interval[0:00:20], next run at: 2026-01-22 14:14:29 KST)" executed successfully
2026-01-22 14:14:29,375 | INFO | apscheduler.executors.default | Running job "Engine._schedule_job.<locals>.<lambda> (trigger: interval[0:00:20], next run at: 2026-01-22 14:14:49 KST)" (scheduled at 2026-01-22 14:14:29.335670+09:00)
2026-01-22 14:14:29,394 | INFO | executor | RUN: ['C:/Users/82108/AppData/Local/Programs/Python/Python313/python.exe', 'C:\\access\\mzip\\cccmp_20.py'] | cwd=c:\temp | timeout=60
2026-01-22 14:14:29,603 | INFO | engine | job done: id=4 status=FAIL
2026-01-22 14:14:29,603 | INFO | apscheduler.executors.default | Job "Engine._schedule_job.<locals>.<lambda> (trigger: interval[0:00:20], next run at: 2026-01-22 14:14:49 KST)" executed successfully
2026-01-22 14:14:49,359 | INFO | apscheduler.executors.default | Running job "Engine._schedule_job.<locals>.<lambda> (trigger: interval[0:00:20], next run at: 2026-01-22 14:15:09 KST)" (scheduled at 2026-01-22 14:14:49.335670+09:00)
2026-01-22 14:14:49,381 | INFO | executor | RUN: ['C:/Users/82108/AppData/Local/Programs/Python/Python313/python.exe', 'C:\\access\\mzip\\cccmp_20.py'] | cwd=c:\temp | timeout=60
2026-01-22 14:14:49,627 | INFO | engine | job done: id=4 status=FAIL
2026-01-22 14:14:49,627 | INFO | apscheduler.executors.default | Job "Engine._schedule_job.<locals>.<lambda> (trigger: interval[0:00:20], next run at: 2026-01-22 14:15:09 KST)" executed successfully
2026-01-22 14:15:09,358 | INFO | apscheduler.executors.default | Running job "Engine._schedule_job.<locals>.<lambda> (trigger: interval[0:00:20], next run at: 2026-01-22 14:15:29 KST)" (scheduled at 2026-01-22 14:15:09.335670+09:00)
2026-01-22 14:15:09,373 | INFO | executor | RUN: ['C:/Users/82108/AppData/Local/Programs/Python/Python313/python.exe', 'C:\\access\\mzip\\cccmp_20.py'] | cwd=c:\temp | timeout=60
2026-01-22 14:15:09,561 | INFO | engine | job done: id=4 status=FAIL
2026-01-22 14:15:09,561 | INFO | apscheduler.executors.default | Job "Engine._schedule_job.<locals>.<lambda> (trigger: interval[0:00:20], next run at: 2026-01-22 14:15:29 KST)" executed successfully
2026-01-22 14:15:29,385 | INFO | apscheduler.executors.default | Running job "Engine._schedule_job.<locals>.<lambda> (trigger: interval[0:00:20], next run at: 2026-01-22 14:15:49 KST)" (scheduled at 2026-01-22 14:15:29.335670+09:00)
2026-01-22 14:15:29,397 | INFO | executor | RUN: ['C:/Users/82108/AppData/Local/Programs/Python/Python313/python.exe', 'C:\\access\\mzip\\cccmp_20.py'] | cwd=c:\temp | timeout=60
2026-01-22 14:15:29,645 | INFO | engine | job done: id=4 status=FAIL
2026-01-22 14:15:29,645 | INFO | apscheduler.executors.default | Job "Engine._schedule_job.<locals>.<lambda> (trigger: interval[0:00:20], next run at: 2026-01-22 14:15:49 KST)" executed successfully
2026-01-22 14:15:49,371 | INFO | apscheduler.executors.default | Running job "Engine._schedule_job.<locals>.<lambda> (trigger: interval[0:00:20], next run at: 2026-01-22 14:16:09 KST)" (scheduled at 2026-01-22 14:15:49.335670+09:00)
2026-01-22 14:15:49,390 | INFO | executor | RUN: ['C:/Users/82108/AppData/Local/Programs/Python/Python313/python.exe', 'C:\\access\\mzip\\cccmp_20.py'] | cwd=c:\temp | timeout=60
2026-01-22 14:15:49,597 | INFO | engine | job done: id=4 status=FAIL
2026-01-22 14:15:49,597 | INFO | apscheduler.executors.default | Job "Engine._schedule_job.<locals>.<lambda> (trigger: interval[0:00:20], next run at: 2026-01-22 14:16:09 KST)" executed successfully
2026-01-22 14:16:09,371 | INFO | apscheduler.executors.default | Running job "Engine._schedule_job.<locals>.<lambda> (trigger: interval[0:00:20], next run at: 2026-01-22 14:16:29 KST)" (scheduled at 2026-01-22 14:16:09.335670+09:00)
2026-01-22 14:16:09,391 | INFO | executor | RUN: ['C:/Users/82108/AppData/Local/Programs/Python/Python313/python.exe', 'C:\\access\\mzip\\cccmp_20.py'] | cwd=c:\temp | timeout=60
2026-01-22 14:16:09,576 | INFO | engine | job done: id=4 status=FAIL
2026-01-22 14:16:09,576 | INFO | apscheduler.executors.default | Job "Engine._schedule_job.<locals>.<lambda> (trigger: interval[0:00:20], next run at: 2026-01-22 14:16:29 KST)" executed successfully
2026-01-22 14:16:29,354 | INFO | apscheduler.executors.default | Running job "Engine._schedule_job.<locals>.<lambda> (trigger: interval[0:00:20], next run at: 2026-01-22 14:16:49 KST)" (scheduled at 2026-01-22 14:16:29.335670+09:00)
2026-01-22 14:16:29,397 | INFO | executor | RUN: ['C:/Users/82108/AppData/Local/Programs/Python/Python313/python.exe', 'C:\\access\\mzip\\cccmp_20.py'] | cwd=c:\temp | timeout=60
2026-01-22 14:16:29,617 | INFO | engine | job done: id=4 status=FAIL
2026-01-22 14:16:29,617 | INFO | apscheduler.executors.default | Job "Engine._schedule_job.<locals>.<lambda> (trigger: interval[0:00:20], next run at: 2026-01-22 14:16:49 KST)" executed successfully
2026-01-22 14:16:49,360 | INFO | apscheduler.executors.default | Running job "Engine._schedule_job.<locals>.<lambda> (trigger: interval[0:00:20], next run at: 2026-01-22 14:17:09 KST)" (scheduled at 2026-01-22 14:16:49.335670+09:00)
2026-01-22 14:16:49,360 | INFO | apscheduler.executors.default | Running job "Engine._schedule_job.<locals>.<lambda> (trigger: interval[0:05:00], next run at: 2026-01-22 14:21:49 KST)" (scheduled at 2026-01-22 14:16:49.336619+09:00)
2026-01-22 14:16:49,378 | INFO | executor | RUN: ['C:/Users/82108/AppData/Local/Programs/Python/Python313/python.exe', 'C:\\access\\mzip\\cccmp_20.py'] | cwd=c:\temp | timeout=60
2026-01-22 14:16:49,389 | INFO | executor | RUN: ['C:/Program Files (x86)/HNC/Office 2024/HOffice130/Bin/HCell.exe', 'C:\\Users\\82108\\Downloads\\검토.xlsx'] | cwd=c:\temp | timeout=60
2026-01-22 14:16:49,557 | INFO | engine | job done: id=4 status=FAIL
2026-01-22 14:16:49,557 | INFO | apscheduler.executors.default | Job "Engine._schedule_job.<locals>.<lambda> (trigger: interval[0:00:20], next run at: 2026-01-22 14:17:09 KST)" executed successfully
2026-01-22 14:16:49,615 | INFO | engine | job done: id=1 status=SUCCESS
2026-01-22 14:16:49,615 | INFO | apscheduler.executors.default | Job "Engine._schedule_job.<locals>.<lambda> (trigger: interval[0:05:00], next run at: 2026-01-22 14:21:49 KST)" executed successfully
2026-01-22 14:17:09,358 | INFO | apscheduler.executors.default | Running job "Engine._schedule_job.<locals>.<lambda> (trigger: interval[0:00:20], next run at: 2026-01-22 14:17:29 KST)" (scheduled at 2026-01-22 14:17:09.335670+09:00)
2026-01-22 14:17:09,375 | INFO | executor | RUN: ['C:/Users/82108/AppData/Local/Programs/Python/Python313/python.exe', 'C:\\access\\mzip\\cccmp_20.py'] | cwd=c:\temp | timeout=60
2026-01-22 14:17:09,565 | INFO | engine | job done: id=4 status=FAIL
2026-01-22 14:17:09,565 | INFO | apscheduler.executors.default | Job "Engine._schedule_job.<locals>.<lambda> (trigger: interval[0:00:20], next run at: 2026-01-22 14:17:29 KST)" executed successfully
2026-01-22 14:17:12,796 | INFO | apscheduler.scheduler | Added job "Engine._schedule_job.<locals>.<lambda>" to job store "default"
2026-01-22 14:17:12,796 | INFO | apscheduler.scheduler | Added job "Engine._schedule_job.<locals>.<lambda>" to job store "default"
2026-01-22 14:17:12,797 | INFO | apscheduler.scheduler | Added job "Engine._schedule_job.<locals>.<lambda>" to job store "default"
2026-01-22 14:17:12,797 | INFO | engine | jobs reloaded: 3
2026-01-22 14:18:52,801 | INFO | apscheduler.executors.default | Running job "Engine._schedule_job.<locals>.<lambda> (trigger: interval[0:01:40], next run at: 2026-01-22 14:20:32 KST)" (scheduled at 2026-01-22 14:18:52.795974+09:00)
2026-01-22 14:18:52,822 | INFO | executor | RUN: ['C:/Users/82108/AppData/Local/Programs/Python/Python313/python.exe', 'C:\\access\\mzip\\cccmp_20.py'] | cwd=c:\temp | timeout=60
2026-01-22 14:18:53,126 | INFO | engine | job done: id=4 status=FAIL
2026-01-22 14:18:53,127 | INFO | apscheduler.executors.default | Job "Engine._schedule_job.<locals>.<lambda> (trigger: interval[0:01:40], next run at: 2026-01-22 14:20:32 KST)" executed successfully
2026-01-22 14:20:32,803 | INFO | apscheduler.executors.default | Running job "Engine._schedule_job.<locals>.<lambda> (trigger: interval[0:01:40], next run at: 2026-01-22 14:22:12 KST)" (scheduled at 2026-01-22 14:20:32.795974+09:00)
2026-01-22 14:20:32,814 | INFO | executor | RUN: ['C:/Users/82108/AppData/Local/Programs/Python/Python313/python.exe', 'C:\\access\\mzip\\cccmp_20.py'] | cwd=c:\temp | timeout=60
2026-01-22 14:20:33,123 | INFO | engine | job done: id=4 status=FAIL
2026-01-22 14:20:33,123 | INFO | apscheduler.executors.default | Job "Engine._schedule_job.<locals>.<lambda> (trigger: interval[0:01:40], next run at: 2026-01-22 14:22:12 KST)" executed successfully
2026-01-22 14:22:12,809 | INFO | apscheduler.executors.default | Running job "Engine._schedule_job.<locals>.<lambda> (trigger: interval[0:01:40], next run at: 2026-01-22 14:23:52 KST)" (scheduled at 2026-01-22 14:22:12.795974+09:00)
2026-01-22 14:22:12,810 | INFO | apscheduler.executors.default | Running job "Engine._schedule_job.<locals>.<lambda> (trigger: interval[0:05:00], next run at: 2026-01-22 14:27:12 KST)" (scheduled at 2026-01-22 14:22:12.797057+09:00)
2026-01-22 14:22:12,829 | INFO | executor | RUN: ['C:/Program Files (x86)/HNC/Office 2024/HOffice130/Bin/HCell.exe', 'C:\\Users\\82108\\Downloads\\검토.xlsx'] | cwd=c:\temp | timeout=60
2026-01-22 14:22:12,844 | INFO | executor | RUN: ['C:/Users/82108/AppData/Local/Programs/Python/Python313/python.exe', 'C:\\access\\mzip\\cccmp_20.py'] | cwd=c:\temp | timeout=60
2026-01-22 14:22:13,055 | INFO | engine | job done: id=1 status=SUCCESS
2026-01-22 14:22:13,056 | INFO | apscheduler.executors.default | Job "Engine._schedule_job.<locals>.<lambda> (trigger: interval[0:05:00], next run at: 2026-01-22 14:27:12 KST)" executed successfully
2026-01-22 14:22:13,141 | INFO | engine | job done: id=4 status=FAIL
2026-01-22 14:22:13,142 | INFO | apscheduler.executors.default | Job "Engine._schedule_job.<locals>.<lambda> (trigger: interval[0:01:40], next run at: 2026-01-22 14:23:52 KST)" executed successfully
2026-01-22 14:23:52,799 | INFO | apscheduler.executors.default | Running job "Engine._schedule_job.<locals>.<lambda> (trigger: interval[0:01:40], next run at: 2026-01-22 14:25:32 KST)" (scheduled at 2026-01-22 14:23:52.795974+09:00)
2026-01-22 14:23:52,810 | INFO | executor | RUN: ['C:/Users/82108/AppData/Local/Programs/Python/Python313/python.exe', 'C:\\access\\mzip\\cccmp_20.py'] | cwd=c:\temp | timeout=60
2026-01-22 14:23:53,150 | INFO | engine | job done: id=4 status=FAIL
2026-01-22 14:23:53,151 | INFO | apscheduler.executors.default | Job "Engine._schedule_job.<locals>.<lambda> (trigger: interval[0:01:40], next run at: 2026-01-22 14:25:32 KST)" executed successfully
2026-01-22 14:25:32,798 | INFO | apscheduler.executors.default | Running job "Engine._schedule_job.<locals>.<lambda> (trigger: interval[0:01:40], next run at: 2026-01-22 14:27:12 KST)" (scheduled at 2026-01-22 14:25:32.795974+09:00)
2026-01-22 14:25:32,811 | INFO | executor | RUN: ['C:/Users/82108/AppData/Local/Programs/Python/Python313/python.exe', 'C:\\access\\mzip\\cccmp_20.py'] | cwd=c:\temp | timeout=60
2026-01-22 14:25:33,168 | INFO | engine | job done: id=4 status=FAIL
2026-01-22 14:25:33,168 | INFO | apscheduler.executors.default | Job "Engine._schedule_job.<locals>.<lambda> (trigger: interval[0:01:40], next run at: 2026-01-22 14:27:12 KST)" executed successfully
2026-01-22 14:27:12,797 | INFO | apscheduler.executors.default | Running job "Engine._schedule_job.<locals>.<lambda> (trigger: interval[0:01:40], next run at: 2026-01-22 14:28:52 KST)" (scheduled at 2026-01-22 14:27:12.795974+09:00)
2026-01-22 14:27:12,798 | INFO | apscheduler.executors.default | Running job "Engine._schedule_job.<locals>.<lambda> (trigger: interval[0:05:00], next run at: 2026-01-22 14:32:12 KST)" (scheduled at 2026-01-22 14:27:12.797057+09:00)
2026-01-22 14:27:12,819 | INFO | executor | RUN: ['C:/Users/82108/AppData/Local/Programs/Python/Python313/python.exe', 'C:\\access\\mzip\\cccmp_20.py'] | cwd=c:\temp | timeout=60
2026-01-22 14:27:12,837 | INFO | executor | RUN: ['C:/Program Files (x86)/HNC/Office 2024/HOffice130/Bin/HCell.exe', 'C:\\Users\\82108\\Downloads\\검토.xlsx'] | cwd=c:\temp | timeout=60
2026-01-22 14:27:13,058 | INFO | engine | job done: id=1 status=SUCCESS
2026-01-22 14:27:13,059 | INFO | apscheduler.executors.default | Job "Engine._schedule_job.<locals>.<lambda> (trigger: interval[0:05:00], next run at: 2026-01-22 14:32:12 KST)" executed successfully
2026-01-22 14:27:13,114 | INFO | engine | job done: id=4 status=FAIL
2026-01-22 14:27:13,114 | INFO | apscheduler.executors.default | Job "Engine._schedule_job.<locals>.<lambda> (trigger: interval[0:01:40], next run at: 2026-01-22 14:28:52 KST)" executed successfully
2026-01-22 14:28:52,809 | INFO | apscheduler.executors.default | Running job "Engine._schedule_job.<locals>.<lambda> (trigger: interval[0:01:40], next run at: 2026-01-22 14:30:32 KST)" (scheduled at 2026-01-22 14:28:52.795974+09:00)
2026-01-22 14:28:52,826 | INFO | executor | RUN: ['C:/Users/82108/AppData/Local/Programs/Python/Python313/python.exe', 'C:\\access\\mzip\\cccmp_20.py'] | cwd=c:\temp | timeout=60
2026-01-22 14:28:53,018 | INFO | engine | job done: id=4 status=FAIL
2026-01-22 14:28:53,018 | INFO | apscheduler.executors.default | Job "Engine._schedule_job.<locals>.<lambda> (trigger: interval[0:01:40], next run at: 2026-01-22 14:30:32 KST)" executed successfully
2026-01-22 14:30:32,802 | INFO | apscheduler.executors.default | Running job "Engine._schedule_job.<locals>.<lambda> (trigger: interval[0:01:40], next run at: 2026-01-22 14:32:12 KST)" (scheduled at 2026-01-22 14:30:32.795974+09:00)
2026-01-22 14:30:32,824 | INFO | executor | RUN: ['C:/Users/82108/AppData/Local/Programs/Python/Python313/python.exe', 'C:\\access\\mzip\\cccmp_20.py'] | cwd=c:\temp | timeout=60
2026-01-22 14:30:33,143 | INFO | engine | job done: id=4 status=FAIL
2026-01-22 14:30:33,143 | INFO | apscheduler.executors.default | Job "Engine._schedule_job.<locals>.<lambda> (trigger: interval[0:01:40], next run at: 2026-01-22 14:32:12 KST)" executed successfully
2026-01-22 14:32:12,797 | INFO | apscheduler.executors.default | Running job "Engine._schedule_job.<locals>.<lambda> (trigger: interval[0:01:40], next run at: 2026-01-22 14:33:52 KST)" (scheduled at 2026-01-22 14:32:12.795974+09:00)
2026-01-22 14:32:12,798 | INFO | apscheduler.executors.default | Running job "Engine._schedule_job.<locals>.<lambda> (trigger: interval[0:05:00], next run at: 2026-01-22 14:37:12 KST)" (scheduled at 2026-01-22 14:32:12.797057+09:00)
2026-01-22 14:32:12,834 | INFO | executor | RUN: ['C:/Users/82108/AppData/Local/Programs/Python/Python313/python.exe', 'C:\\access\\mzip\\cccmp_20.py'] | cwd=c:\temp | timeout=60
2026-01-22 14:32:12,849 | INFO | executor | RUN: ['C:/Program Files (x86)/HNC/Office 2024/HOffice130/Bin/HCell.exe', 'C:\\Users\\82108\\Downloads\\검토.xlsx'] | cwd=c:\temp | timeout=60
2026-01-22 14:32:13,077 | INFO | engine | job done: id=1 status=SUCCESS
2026-01-22 14:32:13,077 | INFO | apscheduler.executors.default | Job "Engine._schedule_job.<locals>.<lambda> (trigger: interval[0:05:00], next run at: 2026-01-22 14:37:12 KST)" executed successfully
2026-01-22 14:32:13,157 | INFO | engine | job done: id=4 status=FAIL
2026-01-22 14:32:13,157 | INFO | apscheduler.executors.default | Job "Engine._schedule_job.<locals>.<lambda> (trigger: interval[0:01:40], next run at: 2026-01-22 14:33:52 KST)" executed successfully
2026-01-22 14:33:52,809 | INFO | apscheduler.executors.default | Running job "Engine._schedule_job.<locals>.<lambda> (trigger: interval[0:01:40], next run at: 2026-01-22 14:35:32 KST)" (scheduled at 2026-01-22 14:33:52.795974+09:00)
2026-01-22 14:33:52,826 | INFO | executor | RUN: ['C:/Users/82108/AppData/Local/Programs/Python/Python313/python.exe', 'C:\\access\\mzip\\cccmp_20.py'] | cwd=c:\temp | timeout=60
2026-01-22 14:33:53,105 | INFO | engine | job done: id=4 status=FAIL
2026-01-22 14:33:53,105 | INFO | apscheduler.executors.default | Job "Engine._schedule_job.<locals>.<lambda> (trigger: interval[0:01:40], next run at: 2026-01-22 14:35:32 KST)" executed successfully
2026-01-22 14:35:32,801 | INFO | apscheduler.executors.default | Running job "Engine._schedule_job.<locals>.<lambda> (trigger: interval[0:01:40], next run at: 2026-01-22 14:37:12 KST)" (scheduled at 2026-01-22 14:35:32.795974+09:00)
2026-01-22 14:35:32,823 | INFO | executor | RUN: ['C:/Users/82108/AppData/Local/Programs/Python/Python313/python.exe', 'C:\\access\\mzip\\cccmp_20.py'] | cwd=c:\temp | timeout=60
2026-01-22 14:35:33,131 | INFO | engine | job done: id=4 status=FAIL
2026-01-22 14:35:33,132 | INFO | apscheduler.executors.default | Job "Engine._schedule_job.<locals>.<lambda> (trigger: interval[0:01:40], next run at: 2026-01-22 14:37:12 KST)" executed successfully
2026-01-22 14:37:12,810 | INFO | apscheduler.executors.default | Running job "Engine._schedule_job.<locals>.<lambda> (trigger: interval[0:01:40], next run at: 2026-01-22 14:38:52 KST)" (scheduled at 2026-01-22 14:37:12.795974+09:00)
2026-01-22 14:37:12,811 | INFO | apscheduler.executors.default | Running job "Engine._schedule_job.<locals>.<lambda> (trigger: interval[0:05:00], next run at: 2026-01-22 14:42:12 KST)" (scheduled at 2026-01-22 14:37:12.797057+09:00)
2026-01-22 14:37:12,831 | INFO | executor | RUN: ['C:/Users/82108/AppData/Local/Programs/Python/Python313/python.exe', 'C:\\access\\mzip\\cccmp_20.py'] | cwd=c:\temp | timeout=60
2026-01-22 14:37:12,849 | INFO | executor | RUN: ['C:/Program Files (x86)/HNC/Office 2024/HOffice130/Bin/HCell.exe', 'C:\\Users\\82108\\Downloads\\검토.xlsx'] | cwd=c:\temp | timeout=60
2026-01-22 14:37:13,069 | INFO | engine | job done: id=1 status=SUCCESS
2026-01-22 14:37:13,070 | INFO | apscheduler.executors.default | Job "Engine._schedule_job.<locals>.<lambda> (trigger: interval[0:05:00], next run at: 2026-01-22 14:42:12 KST)" executed successfully
2026-01-22 14:37:13,139 | INFO | engine | job done: id=4 status=FAIL
2026-01-22 14:37:13,140 | INFO | apscheduler.executors.default | Job "Engine._schedule_job.<locals>.<lambda> (trigger: interval[0:01:40], next run at: 2026-01-22 14:38:52 KST)" executed successfully
2026-01-22 14:38:52,810 | INFO | apscheduler.executors.default | Running job "Engine._schedule_job.<locals>.<lambda> (trigger: interval[0:01:40], next run at: 2026-01-22 14:40:32 KST)" (scheduled at 2026-01-22 14:38:52.795974+09:00)
2026-01-22 14:38:52,818 | INFO | executor | RUN: ['C:/Users/82108/AppData/Local/Programs/Python/Python313/python.exe', 'C:\\access\\mzip\\cccmp_20.py'] | cwd=c:\temp | timeout=60
2026-01-22 14:38:53,132 | INFO | engine | job done: id=4 status=FAIL
2026-01-22 14:38:53,133 | INFO | apscheduler.executors.default | Job "Engine._schedule_job.<locals>.<lambda> (trigger: interval[0:01:40], next run at: 2026-01-22 14:40:32 KST)" executed successfully
2026-01-22 14:40:32,805 | INFO | apscheduler.executors.default | Running job "Engine._schedule_job.<locals>.<lambda> (trigger: interval[0:01:40], next run at: 2026-01-22 14:42:12 KST)" (scheduled at 2026-01-22 14:40:32.795974+09:00)
2026-01-22 14:40:32,813 | INFO | executor | RUN: ['C:/Users/82108/AppData/Local/Programs/Python/Python313/python.exe', 'C:\\access\\mzip\\cccmp_20.py'] | cwd=c:\temp | timeout=60
2026-01-22 14:40:33,121 | INFO | engine | job done: id=4 status=FAIL
2026-01-22 14:40:33,122 | INFO | apscheduler.executors.default | Job "Engine._schedule_job.<locals>.<lambda> (trigger: interval[0:01:40], next run at: 2026-01-22 14:42:12 KST)" executed successfully
2026-01-22 14:42:12,812 | INFO | apscheduler.executors.default | Running job "Engine._schedule_job.<locals>.<lambda> (trigger: interval[0:01:40], next run at: 2026-01-22 14:43:52 KST)" (scheduled at 2026-01-22 14:42:12.795974+09:00)
2026-01-22 14:42:12,812 | INFO | apscheduler.executors.default | Running job "Engine._schedule_job.<locals>.<lambda> (trigger: interval[0:05:00], next run at: 2026-01-22 14:47:12 KST)" (scheduled at 2026-01-22 14:42:12.797057+09:00)
2026-01-22 14:42:12,847 | INFO | executor | RUN: ['C:/Users/82108/AppData/Local/Programs/Python/Python313/python.exe', 'C:\\access\\mzip\\cccmp_20.py'] | cwd=c:\temp | timeout=60
2026-01-22 14:42:12,862 | INFO | executor | RUN: ['C:/Program Files (x86)/HNC/Office 2024/HOffice130/Bin/HCell.exe', 'C:\\Users\\82108\\Downloads\\검토.xlsx'] | cwd=c:\temp | timeout=60
2026-01-22 14:42:13,078 | INFO | engine | job done: id=1 status=SUCCESS
2026-01-22 14:42:13,078 | INFO | apscheduler.executors.default | Job "Engine._schedule_job.<locals>.<lambda> (trigger: interval[0:05:00], next run at: 2026-01-22 14:47:12 KST)" executed successfully
2026-01-22 14:42:13,145 | INFO | engine | job done: id=4 status=FAIL
2026-01-22 14:42:13,145 | INFO | apscheduler.executors.default | Job "Engine._schedule_job.<locals>.<lambda> (trigger: interval[0:01:40], next run at: 2026-01-22 14:43:52 KST)" executed successfully
2026-01-22 14:43:52,808 | INFO | apscheduler.executors.default | Running job "Engine._schedule_job.<locals>.<lambda> (trigger: interval[0:01:40], next run at: 2026-01-22 14:45:32 KST)" (scheduled at 2026-01-22 14:43:52.795974+09:00)
2026-01-22 14:43:52,827 | INFO | executor | RUN: ['C:/Users/82108/AppData/Local/Programs/Python/Python313/python.exe', 'C:\\access\\mzip\\cccmp_20.py'] | cwd=c:\temp | timeout=60
2026-01-22 14:43:53,121 | INFO | engine | job done: id=4 status=FAIL
2026-01-22 14:43:53,122 | INFO | apscheduler.executors.default | Job "Engine._schedule_job.<locals>.<lambda> (trigger: interval[0:01:40], next run at: 2026-01-22 14:45:32 KST)" executed successfully
2026-01-22 14:45:32,810 | INFO | apscheduler.executors.default | Running job "Engine._schedule_job.<locals>.<lambda> (trigger: interval[0:01:40], next run at: 2026-01-22 14:47:12 KST)" (scheduled at 2026-01-22 14:45:32.795974+09:00)
2026-01-22 14:45:32,818 | INFO | executor | RUN: ['C:/Users/82108/AppData/Local/Programs/Python/Python313/python.exe', 'C:\\access\\mzip\\cccmp_20.py'] | cwd=c:\temp | timeout=60
2026-01-22 14:45:33,137 | INFO | engine | job done: id=4 status=FAIL
2026-01-22 14:45:33,137 | INFO | apscheduler.executors.default | Job "Engine._schedule_job.<locals>.<lambda> (trigger: interval[0:01:40], next run at: 2026-01-22 14:47:12 KST)" executed successfully
2026-01-22 14:46:23,270 | INFO | apscheduler.scheduler | Scheduler has been shut down
2026-01-22 14:46:23,271 | INFO | engine | scheduler stopped
2026-01-22 15:04:43,973 | INFO | apscheduler.scheduler | Scheduler started
2026-01-22 15:04:43,974 | INFO | engine | scheduler started
2026-01-22 15:04:43,976 | INFO | apscheduler.scheduler | Added job "Engine._schedule_job.<locals>.<lambda>" to job store "default"
2026-01-22 15:04:43,977 | INFO | apscheduler.scheduler | Added job "Engine._schedule_job.<locals>.<lambda>" to job store "default"
2026-01-22 15:04:43,978 | INFO | apscheduler.scheduler | Added job "Engine._schedule_job.<locals>.<lambda>" to job store "default"
2026-01-22 15:04:43,978 | INFO | engine | jobs reloaded: 3
2026-01-22 15:04:44,012 | INFO | apscheduler.scheduler | Added job "Engine._schedule_job.<locals>.<lambda>" to job store "default"
2026-01-22 15:04:44,012 | INFO | apscheduler.scheduler | Added job "Engine._schedule_job.<locals>.<lambda>" to job store "default"
2026-01-22 15:04:44,012 | INFO | apscheduler.scheduler | Added job "Engine._schedule_job.<locals>.<lambda>" to job store "default"
2026-01-22 15:04:44,013 | INFO | engine | jobs reloaded: 3
2026-01-22 15:06:24,020 | INFO | apscheduler.executors.default | Running job "Engine._schedule_job.<locals>.<lambda> (trigger: interval[0:01:40], next run at: 2026-01-22 15:08:04 KST)" (scheduled at 2026-01-22 15:06:24.011988+09:00)
2026-01-22 15:06:35,093 | ERROR | apscheduler.executors.default | Job "Engine._schedule_job.<locals>.<lambda> (trigger: interval[0:01:40], next run at: 2026-01-22 15:08:04 KST)" raised an exception
Traceback (most recent call last):
  File "C:\access\rpa\scheduler_engine.py", line 130, in _try_run
    run_id = self.store.insert_run(job_id, status="RUNNING", message="started")
  File "C:\access\rpa\store.py", line 106, in insert_run
    cur.execute("""
    ~~~~~~~~~~~^^^^
        INSERT INTO runs(job_id, started_at, status, message)
        ^^^^^^^^^^^^^^^^^^^^^^^^^^^^^^^^^^^^^^^^^^^^^^^^^^^^^
        VALUES(?,?,?,?)
        ^^^^^^^^^^^^^^^
    """, (job_id, started, status, message))
    ^^^^^^^^^^^^^^^^^^^^^^^^^^^^^^^^^^^^^^^^
sqlite3.OperationalError: database is locked

During handling of the above exception, another exception occurred:

Traceback (most recent call last):
  File "C:\Users\82108\AppData\Local\Programs\Python\Python313\Lib\site-packages\apscheduler\executors\base.py", line 131, in run_job
    retval = job.func(*job.args, **job.kwargs)
  File "C:\access\rpa\scheduler_engine.py", line 80, in <lambda>
    lambda j=job: self._try_run(j),
                  ~~~~~~~~~~~~~^^^
  File "C:\access\rpa\scheduler_engine.py", line 149, in _try_run
    self.store.insert_run(job_id, status="FAIL", message=f"engine_exception: {e}")
    ~~~~~~~~~~~~~~~~~~~~~^^^^^^^^^^^^^^^^^^^^^^^^^^^^^^^^^^^^^^^^^^^^^^^^^^^^^^^^^
  File "C:\access\rpa\store.py", line 106, in insert_run
    cur.execute("""
    ~~~~~~~~~~~^^^^
        INSERT INTO runs(job_id, started_at, status, message)
        ^^^^^^^^^^^^^^^^^^^^^^^^^^^^^^^^^^^^^^^^^^^^^^^^^^^^^
        VALUES(?,?,?,?)
        ^^^^^^^^^^^^^^^
    """, (job_id, started, status, message))
    ^^^^^^^^^^^^^^^^^^^^^^^^^^^^^^^^^^^^^^^^
sqlite3.OperationalError: database is locked
2026-01-22 15:08:04,014 | INFO | apscheduler.executors.default | Running job "Engine._schedule_job.<locals>.<lambda> (trigger: interval[0:01:40], next run at: 2026-01-22 15:09:44 KST)" (scheduled at 2026-01-22 15:08:04.011988+09:00)
2026-01-22 15:08:14,875 | ERROR | apscheduler.executors.default | Job "Engine._schedule_job.<locals>.<lambda> (trigger: interval[0:01:40], next run at: 2026-01-22 15:09:44 KST)" raised an exception
Traceback (most recent call last):
  File "C:\access\rpa\scheduler_engine.py", line 130, in _try_run
    run_id = self.store.insert_run(job_id, status="RUNNING", message="started")
  File "C:\access\rpa\store.py", line 106, in insert_run
    with self._conn() as conn:
        ^^^^^^^^^^^^^^^^^^^^^^
    ...<2 lines>...
            INSERT INTO runs(job_id, started_at, status, message)
            ^^^^^^^^^^^^^^^^^^^^^^^^^^^^^^^^^^^^
sqlite3.OperationalError: database is locked

During handling of the above exception, another exception occurred:

Traceback (most recent call last):
  File "C:\Users\82108\AppData\Local\Programs\Python\Python313\Lib\site-packages\apscheduler\executors\base.py", line 131, in run_job
    retval = job.func(*job.args, **job.kwargs)
  File "C:\access\rpa\scheduler_engine.py", line 80, in <lambda>
    lambda j=job: self._try_run(j),
                  ~~~~~~~~~~~~~^^^
  File "C:\access\rpa\scheduler_engine.py", line 149, in _try_run
    self.store.insert_run(job_id, status="FAIL", message=f"engine_exception: {e}")
    ~~~~~~~~~~~~~~~~~~~~~^^^^^^^^^^^^^^^^^^^^^^^^^^^^^^^^^^^^^^^^^^^^^^^^^^^^^^^^^
  File "C:\access\rpa\store.py", line 106, in insert_run
    with self._conn() as conn:
        ^^^^^^^^^^^^^^^^^^^^^^
    ...<2 lines>...
            INSERT INTO runs(job_id, started_at, status, message)
            ^^^^^^^^^^^^^^^^^^^^^^^^^^^^^^^^^^^^
sqlite3.OperationalError: database is locked
2026-01-22 15:09:44,022 | INFO | apscheduler.executors.default | Running job "Engine._schedule_job.<locals>.<lambda> (trigger: interval[0:01:40], next run at: 2026-01-22 15:11:24 KST)" (scheduled at 2026-01-22 15:09:44.011988+09:00)
2026-01-22 15:09:44,024 | INFO | apscheduler.executors.default | Running job "Engine._schedule_job.<locals>.<lambda> (trigger: interval[0:05:00], next run at: 2026-01-22 15:14:44 KST)" (scheduled at 2026-01-22 15:09:44.012738+09:00)
2026-01-22 15:09:54,902 | ERROR | apscheduler.executors.default | Job "Engine._schedule_job.<locals>.<lambda> (trigger: interval[0:05:00], next run at: 2026-01-22 15:14:44 KST)" raised an exception
Traceback (most recent call last):
  File "C:\access\rpa\scheduler_engine.py", line 130, in _try_run
    run_id = self.store.insert_run(job_id, status="RUNNING", message="started")
  File "C:\access\rpa\store.py", line 106, in insert_run
    with self._conn() as conn:
        ^^^^^^^^^^^^^^^^^^^^^^
    ...<2 lines>...
            INSERT INTO runs(job_id, started_at, status, message)
            ^^^^^^^^^^^^^^^^^^^^^^^^^^^^^^^^^^^^
sqlite3.OperationalError: database is locked

During handling of the above exception, another exception occurred:

Traceback (most recent call last):
  File "C:\Users\82108\AppData\Local\Programs\Python\Python313\Lib\site-packages\apscheduler\executors\base.py", line 131, in run_job
    retval = job.func(*job.args, **job.kwargs)
  File "C:\access\rpa\scheduler_engine.py", line 80, in <lambda>
    lambda j=job: self._try_run(j),
                  ~~~~~~~~~~~~~^^^
  File "C:\access\rpa\scheduler_engine.py", line 149, in _try_run
    self.store.insert_run(job_id, status="FAIL", message=f"engine_exception: {e}")
    ~~~~~~~~~~~~~~~~~~~~~^^^^^^^^^^^^^^^^^^^^^^^^^^^^^^^^^^^^^^^^^^^^^^^^^^^^^^^^^
  File "C:\access\rpa\store.py", line 106, in insert_run
    with self._conn() as conn:
        ^^^^^^^^^^^^^^^^^^^^^^
    ...<2 lines>...
            INSERT INTO runs(job_id, started_at, status, message)
            ^^^^^^^^^^^^^^^^^^^^^^^^^^^^^^^^^^^^
sqlite3.OperationalError: database is locked
2026-01-22 15:09:54,957 | ERROR | apscheduler.executors.default | Job "Engine._schedule_job.<locals>.<lambda> (trigger: interval[0:01:40], next run at: 2026-01-22 15:11:24 KST)" raised an exception
Traceback (most recent call last):
  File "C:\access\rpa\scheduler_engine.py", line 130, in _try_run
    run_id = self.store.insert_run(job_id, status="RUNNING", message="started")
  File "C:\access\rpa\store.py", line 106, in insert_run
    with self._conn() as conn:
        ^^^^^^^^^^^^^^^^^^^^^^
    ...<2 lines>...
            INSERT INTO runs(job_id, started_at, status, message)
            ^^^^^^^^^^^^^^^^^^^^^^^^^^^^^^^^^^^^
sqlite3.OperationalError: database is locked

During handling of the above exception, another exception occurred:

Traceback (most recent call last):
  File "C:\Users\82108\AppData\Local\Programs\Python\Python313\Lib\site-packages\apscheduler\executors\base.py", line 131, in run_job
    retval = job.func(*job.args, **job.kwargs)
  File "C:\access\rpa\scheduler_engine.py", line 80, in <lambda>
    lambda j=job: self._try_run(j),
                  ~~~~~~~~~~~~~^^^
  File "C:\access\rpa\scheduler_engine.py", line 149, in _try_run
    self.store.insert_run(job_id, status="FAIL", message=f"engine_exception: {e}")
    ~~~~~~~~~~~~~~~~~~~~~^^^^^^^^^^^^^^^^^^^^^^^^^^^^^^^^^^^^^^^^^^^^^^^^^^^^^^^^^
  File "C:\access\rpa\store.py", line 106, in insert_run
    with self._conn() as conn:
        ^^^^^^^^^^^^^^^^^^^^^^
    ...<2 lines>...
            INSERT INTO runs(job_id, started_at, status, message)
            ^^^^^^^^^^^^^^^^^^^^^^^^^^^^^^^^^^^^
sqlite3.OperationalError: database is locked
2026-01-22 15:11:24,018 | INFO | apscheduler.executors.default | Running job "Engine._schedule_job.<locals>.<lambda> (trigger: interval[0:01:40], next run at: 2026-01-22 15:13:04 KST)" (scheduled at 2026-01-22 15:11:24.011988+09:00)
2026-01-22 15:11:35,144 | ERROR | apscheduler.executors.default | Job "Engine._schedule_job.<locals>.<lambda> (trigger: interval[0:01:40], next run at: 2026-01-22 15:13:04 KST)" raised an exception
Traceback (most recent call last):
  File "C:\access\rpa\scheduler_engine.py", line 130, in _try_run
    run_id = self.store.insert_run(job_id, status="RUNNING", message="started")
  File "C:\access\rpa\store.py", line 106, in insert_run
    with self._conn() as conn:
        ^^^^^^^^^^^^^^^^^^^^^^
    ...<2 lines>...
            INSERT INTO runs(job_id, started_at, status, message)
            ^^^^^^^^^^^^^^^^^^^^^^^^^^^^^^^^^^^^
sqlite3.OperationalError: database is locked

During handling of the above exception, another exception occurred:

Traceback (most recent call last):
  File "C:\Users\82108\AppData\Local\Programs\Python\Python313\Lib\site-packages\apscheduler\executors\base.py", line 131, in run_job
    retval = job.func(*job.args, **job.kwargs)
  File "C:\access\rpa\scheduler_engine.py", line 80, in <lambda>
    lambda j=job: self._try_run(j),
                  ~~~~~~~~~~~~~^^^
  File "C:\access\rpa\scheduler_engine.py", line 149, in _try_run
    self.store.insert_run(job_id, status="FAIL", message=f"engine_exception: {e}")
    ~~~~~~~~~~~~~~~~~~~~~^^^^^^^^^^^^^^^^^^^^^^^^^^^^^^^^^^^^^^^^^^^^^^^^^^^^^^^^^
  File "C:\access\rpa\store.py", line 106, in insert_run
    with self._conn() as conn:
        ^^^^^^^^^^^^^^^^^^^^^^
    ...<2 lines>...
            INSERT INTO runs(job_id, started_at, status, message)
            ^^^^^^^^^^^^^^^^^^^^^^^^^^^^^^^^^^^^
sqlite3.OperationalError: database is locked
2026-01-22 15:13:04,017 | INFO | apscheduler.executors.default | Running job "Engine._schedule_job.<locals>.<lambda> (trigger: interval[0:01:40], next run at: 2026-01-22 15:14:44 KST)" (scheduled at 2026-01-22 15:13:04.011988+09:00)
2026-01-22 15:13:15,190 | ERROR | apscheduler.executors.default | Job "Engine._schedule_job.<locals>.<lambda> (trigger: interval[0:01:40], next run at: 2026-01-22 15:14:44 KST)" raised an exception
Traceback (most recent call last):
  File "C:\access\rpa\scheduler_engine.py", line 130, in _try_run
    run_id = self.store.insert_run(job_id, status="RUNNING", message="started")
  File "C:\access\rpa\store.py", line 106, in insert_run
    with self._conn() as conn:
        ^^^^^^^^^^^^^^^^^^^^^^
    ...<2 lines>...
            INSERT INTO runs(job_id, started_at, status, message)
            ^^^^^^^^^^^^^^^^^^^^^^^^^^^^^^^^^^^^
sqlite3.OperationalError: database is locked

During handling of the above exception, another exception occurred:

Traceback (most recent call last):
  File "C:\Users\82108\AppData\Local\Programs\Python\Python313\Lib\site-packages\apscheduler\executors\base.py", line 131, in run_job
    retval = job.func(*job.args, **job.kwargs)
  File "C:\access\rpa\scheduler_engine.py", line 80, in <lambda>
    lambda j=job: self._try_run(j),
                  ~~~~~~~~~~~~~^^^
  File "C:\access\rpa\scheduler_engine.py", line 149, in _try_run
    self.store.insert_run(job_id, status="FAIL", message=f"engine_exception: {e}")
    ~~~~~~~~~~~~~~~~~~~~~^^^^^^^^^^^^^^^^^^^^^^^^^^^^^^^^^^^^^^^^^^^^^^^^^^^^^^^^^
  File "C:\access\rpa\store.py", line 106, in insert_run
    with self._conn() as conn:
        ^^^^^^^^^^^^^^^^^^^^^^
    ...<2 lines>...
            INSERT INTO runs(job_id, started_at, status, message)
            ^^^^^^^^^^^^^^^^^^^^^^^^^^^^^^^^^^^^
sqlite3.OperationalError: database is locked
2026-01-22 15:14:44,019 | INFO | apscheduler.executors.default | Running job "Engine._schedule_job.<locals>.<lambda> (trigger: interval[0:01:40], next run at: 2026-01-22 15:16:24 KST)" (scheduled at 2026-01-22 15:14:44.011988+09:00)
2026-01-22 15:14:44,020 | INFO | apscheduler.executors.default | Running job "Engine._schedule_job.<locals>.<lambda> (trigger: interval[0:05:00], next run at: 2026-01-22 15:19:44 KST)" (scheduled at 2026-01-22 15:14:44.012738+09:00)
2026-01-22 15:14:55,177 | ERROR | apscheduler.executors.default | Job "Engine._schedule_job.<locals>.<lambda> (trigger: interval[0:05:00], next run at: 2026-01-22 15:19:44 KST)" raised an exception
Traceback (most recent call last):
  File "C:\access\rpa\scheduler_engine.py", line 130, in _try_run
    run_id = self.store.insert_run(job_id, status="RUNNING", message="started")
  File "C:\access\rpa\store.py", line 106, in insert_run
    with self._conn() as conn:
        ^^^^^^^^^^^^^^^^^^^^^^
    ...<2 lines>...
            INSERT INTO runs(job_id, started_at, status, message)
            ^^^^^^^^^^^^^^^^^^^^^^^^^^^^^^^^^^^^
sqlite3.OperationalError: database is locked

During handling of the above exception, another exception occurred:

Traceback (most recent call last):
  File "C:\Users\82108\AppData\Local\Programs\Python\Python313\Lib\site-packages\apscheduler\executors\base.py", line 131, in run_job
    retval = job.func(*job.args, **job.kwargs)
  File "C:\access\rpa\scheduler_engine.py", line 80, in <lambda>
    lambda j=job: self._try_run(j),
                  ~~~~~~~~~~~~~^^^
  File "C:\access\rpa\scheduler_engine.py", line 149, in _try_run
    self.store.insert_run(job_id, status="FAIL", message=f"engine_exception: {e}")
    ~~~~~~~~~~~~~~~~~~~~~^^^^^^^^^^^^^^^^^^^^^^^^^^^^^^^^^^^^^^^^^^^^^^^^^^^^^^^^^
  File "C:\access\rpa\store.py", line 106, in insert_run
    with self._conn() as conn:
        ^^^^^^^^^^^^^^^^^^^^^^
    ...<2 lines>...
            INSERT INTO runs(job_id, started_at, status, message)
            ^^^^^^^^^^^^^^^^^^^^^^^^^^^^^^^^^^^^
sqlite3.OperationalError: database is locked
2026-01-22 15:14:55,264 | ERROR | apscheduler.executors.default | Job "Engine._schedule_job.<locals>.<lambda> (trigger: interval[0:01:40], next run at: 2026-01-22 15:16:24 KST)" raised an exception
Traceback (most recent call last):
  File "C:\access\rpa\scheduler_engine.py", line 130, in _try_run
    run_id = self.store.insert_run(job_id, status="RUNNING", message="started")
  File "C:\access\rpa\store.py", line 106, in insert_run
    with self._conn() as conn:
        ^^^^^^^^^^^^^^^^^^^^^^
    ...<2 lines>...
            INSERT INTO runs(job_id, started_at, status, message)
            ^^^^^^^^^^^^^^^^^^^^^^^^^^^^^^^^^^^^
sqlite3.OperationalError: database is locked

During handling of the above exception, another exception occurred:

Traceback (most recent call last):
  File "C:\Users\82108\AppData\Local\Programs\Python\Python313\Lib\site-packages\apscheduler\executors\base.py", line 131, in run_job
    retval = job.func(*job.args, **job.kwargs)
  File "C:\access\rpa\scheduler_engine.py", line 80, in <lambda>
    lambda j=job: self._try_run(j),
                  ~~~~~~~~~~~~~^^^
  File "C:\access\rpa\scheduler_engine.py", line 149, in _try_run
    self.store.insert_run(job_id, status="FAIL", message=f"engine_exception: {e}")
    ~~~~~~~~~~~~~~~~~~~~~^^^^^^^^^^^^^^^^^^^^^^^^^^^^^^^^^^^^^^^^^^^^^^^^^^^^^^^^^
  File "C:\access\rpa\store.py", line 106, in insert_run
    with self._conn() as conn:
        ^^^^^^^^^^^^^^^^^^^^^^
    ...<2 lines>...
            INSERT INTO runs(job_id, started_at, status, message)
            ^^^^^^^^^^^^^^^^^^^^^^^^^^^^^^^^^^^^
sqlite3.OperationalError: database is locked
2026-01-22 15:16:24,021 | INFO | apscheduler.executors.default | Running job "Engine._schedule_job.<locals>.<lambda> (trigger: interval[0:01:40], next run at: 2026-01-22 15:18:04 KST)" (scheduled at 2026-01-22 15:16:24.011988+09:00)
2026-01-22 15:16:35,160 | ERROR | apscheduler.executors.default | Job "Engine._schedule_job.<locals>.<lambda> (trigger: interval[0:01:40], next run at: 2026-01-22 15:18:04 KST)" raised an exception
Traceback (most recent call last):
  File "C:\access\rpa\scheduler_engine.py", line 130, in _try_run
    run_id = self.store.insert_run(job_id, status="RUNNING", message="started")
  File "C:\access\rpa\store.py", line 106, in insert_run
    with self._conn() as conn:
        ^^^^^^^^^^^^^^^^^^^^^^
    ...<2 lines>...
            INSERT INTO runs(job_id, started_at, status, message)
            ^^^^^^^^^^^^^^^^^^^^^^^^^^^^^^^^^^^^
sqlite3.OperationalError: database is locked

During handling of the above exception, another exception occurred:

Traceback (most recent call last):
  File "C:\Users\82108\AppData\Local\Programs\Python\Python313\Lib\site-packages\apscheduler\executors\base.py", line 131, in run_job
    retval = job.func(*job.args, **job.kwargs)
  File "C:\access\rpa\scheduler_engine.py", line 80, in <lambda>
    lambda j=job: self._try_run(j),
                  ~~~~~~~~~~~~~^^^
  File "C:\access\rpa\scheduler_engine.py", line 149, in _try_run
    self.store.insert_run(job_id, status="FAIL", message=f"engine_exception: {e}")
    ~~~~~~~~~~~~~~~~~~~~~^^^^^^^^^^^^^^^^^^^^^^^^^^^^^^^^^^^^^^^^^^^^^^^^^^^^^^^^^
  File "C:\access\rpa\store.py", line 106, in insert_run
    with self._conn() as conn:
        ^^^^^^^^^^^^^^^^^^^^^^
    ...<2 lines>...
            INSERT INTO runs(job_id, started_at, status, message)
            ^^^^^^^^^^^^^^^^^^^^^^^^^^^^^^^^^^^^
sqlite3.OperationalError: database is locked
2026-01-22 15:18:04,016 | INFO | apscheduler.executors.default | Running job "Engine._schedule_job.<locals>.<lambda> (trigger: interval[0:01:40], next run at: 2026-01-22 15:19:44 KST)" (scheduled at 2026-01-22 15:18:04.011988+09:00)
2026-01-22 15:18:15,120 | ERROR | apscheduler.executors.default | Job "Engine._schedule_job.<locals>.<lambda> (trigger: interval[0:01:40], next run at: 2026-01-22 15:19:44 KST)" raised an exception
Traceback (most recent call last):
  File "C:\access\rpa\scheduler_engine.py", line 130, in _try_run
    run_id = self.store.insert_run(job_id, status="RUNNING", message="started")
  File "C:\access\rpa\store.py", line 106, in insert_run
    with self._conn() as conn:
        ^^^^^^^^^^^^^^^^^^^^^^
    ...<2 lines>...
            INSERT INTO runs(job_id, started_at, status, message)
            ^^^^^^^^^^^^^^^^^^^^^^^^^^^^^^^^^^^^
sqlite3.OperationalError: database is locked

During handling of the above exception, another exception occurred:

Traceback (most recent call last):
  File "C:\Users\82108\AppData\Local\Programs\Python\Python313\Lib\site-packages\apscheduler\executors\base.py", line 131, in run_job
    retval = job.func(*job.args, **job.kwargs)
  File "C:\access\rpa\scheduler_engine.py", line 80, in <lambda>
    lambda j=job: self._try_run(j),
                  ~~~~~~~~~~~~~^^^
  File "C:\access\rpa\scheduler_engine.py", line 149, in _try_run
    self.store.insert_run(job_id, status="FAIL", message=f"engine_exception: {e}")
    ~~~~~~~~~~~~~~~~~~~~~^^^^^^^^^^^^^^^^^^^^^^^^^^^^^^^^^^^^^^^^^^^^^^^^^^^^^^^^^
  File "C:\access\rpa\store.py", line 106, in insert_run
    with self._conn() as conn:
        ^^^^^^^^^^^^^^^^^^^^^^
    ...<2 lines>...
            INSERT INTO runs(job_id, started_at, status, message)
            ^^^^^^^^^^^^^^^^^^^^^^^^^^^^^^^^^^^^
sqlite3.OperationalError: database is locked
2026-01-22 15:18:49,328 | INFO | apscheduler.scheduler | Scheduler has been shut down
2026-01-22 15:18:49,329 | INFO | engine | scheduler stopped
2026-01-22 15:18:52,340 | INFO | apscheduler.scheduler | Scheduler started
2026-01-22 15:18:52,342 | INFO | engine | scheduler started
2026-01-22 15:18:52,343 | INFO | apscheduler.scheduler | Added job "Engine._schedule_job.<locals>.<lambda>" to job store "default"
2026-01-22 15:18:52,344 | INFO | apscheduler.scheduler | Added job "Engine._schedule_job.<locals>.<lambda>" to job store "default"
2026-01-22 15:18:52,344 | INFO | apscheduler.scheduler | Added job "Engine._schedule_job.<locals>.<lambda>" to job store "default"
2026-01-22 15:18:52,344 | INFO | engine | jobs reloaded: 3
2026-01-22 15:18:52,385 | INFO | apscheduler.scheduler | Added job "Engine._schedule_job.<locals>.<lambda>" to job store "default"
2026-01-22 15:18:52,386 | INFO | apscheduler.scheduler | Added job "Engine._schedule_job.<locals>.<lambda>" to job store "default"
2026-01-22 15:18:52,386 | INFO | apscheduler.scheduler | Added job "Engine._schedule_job.<locals>.<lambda>" to job store "default"
2026-01-22 15:18:52,386 | INFO | engine | jobs reloaded: 3
2026-01-22 15:20:32,395 | INFO | apscheduler.executors.default | Running job "Engine._schedule_job.<locals>.<lambda> (trigger: interval[0:01:40], next run at: 2026-01-22 15:22:12 KST)" (scheduled at 2026-01-22 15:20:32.385560+09:00)
2026-01-22 15:20:32,524 | INFO | executor | RUN: ['C:/Users/82108/AppData/Local/Programs/Python/Python313/python.exe', 'C:\\access\\mzip\\cccmp_20.py'] | cwd=c:\temp | timeout=60
2026-01-22 15:20:32,841 | INFO | engine | job done: id=4 status=FAIL
2026-01-22 15:20:32,842 | INFO | apscheduler.executors.default | Job "Engine._schedule_job.<locals>.<lambda> (trigger: interval[0:01:40], next run at: 2026-01-22 15:22:12 KST)" executed successfully
2026-01-22 15:22:12,391 | INFO | apscheduler.executors.default | Running job "Engine._schedule_job.<locals>.<lambda> (trigger: interval[0:01:40], next run at: 2026-01-22 15:23:52 KST)" (scheduled at 2026-01-22 15:22:12.385560+09:00)
2026-01-22 15:22:12,409 | INFO | executor | RUN: ['C:/Users/82108/AppData/Local/Programs/Python/Python313/python.exe', 'C:\\access\\mzip\\cccmp_20.py'] | cwd=c:\temp | timeout=60
2026-01-22 15:22:12,689 | INFO | engine | job done: id=4 status=FAIL
2026-01-22 15:22:12,690 | INFO | apscheduler.executors.default | Job "Engine._schedule_job.<locals>.<lambda> (trigger: interval[0:01:40], next run at: 2026-01-22 15:23:52 KST)" executed successfully
2026-01-22 15:23:52,389 | INFO | apscheduler.executors.default | Running job "Engine._schedule_job.<locals>.<lambda> (trigger: interval[0:01:40], next run at: 2026-01-22 15:25:32 KST)" (scheduled at 2026-01-22 15:23:52.385560+09:00)
2026-01-22 15:23:52,390 | INFO | apscheduler.executors.default | Running job "Engine._schedule_job.<locals>.<lambda> (trigger: interval[0:05:00], next run at: 2026-01-22 15:23:52 KST)" (scheduled at 2026-01-22 15:23:52.386482+09:00)
2026-01-22 15:23:52,409 | INFO | executor | RUN: ['C:/Program Files (x86)/HNC/Office 2024/HOffice130/Bin/HCell.exe', 'C:\\Users\\82108\\Downloads\\검토.xlsx'] | cwd=c:\temp | timeout=60
2026-01-22 15:23:52,416 | INFO | executor | RUN: ['C:/Users/82108/AppData/Local/Programs/Python/Python313/python.exe', 'C:\\access\\mzip\\cccmp_20.py'] | cwd=c:\temp | timeout=60
2026-01-22 15:23:52,700 | INFO | engine | job done: id=4 status=FAIL
2026-01-22 15:23:52,700 | INFO | apscheduler.executors.default | Job "Engine._schedule_job.<locals>.<lambda> (trigger: interval[0:01:40], next run at: 2026-01-22 15:25:32 KST)" executed successfully
2026-01-22 15:24:02,426 | INFO | engine | job done: id=1 status=SUCCESS
2026-01-22 15:24:02,426 | INFO | apscheduler.executors.default | Job "Engine._schedule_job.<locals>.<lambda> (trigger: interval[0:05:00], next run at: 2026-01-22 15:28:52 KST)" executed successfully
2026-01-22 15:25:32,393 | INFO | apscheduler.executors.default | Running job "Engine._schedule_job.<locals>.<lambda> (trigger: interval[0:01:40], next run at: 2026-01-22 15:27:12 KST)" (scheduled at 2026-01-22 15:25:32.385560+09:00)
2026-01-22 15:25:32,407 | INFO | executor | RUN: ['C:/Users/82108/AppData/Local/Programs/Python/Python313/python.exe', 'C:\\access\\mzip\\cccmp_20.py'] | cwd=c:\temp | timeout=60
2026-01-22 15:25:32,752 | INFO | engine | job done: id=4 status=FAIL
2026-01-22 15:25:32,753 | INFO | apscheduler.executors.default | Job "Engine._schedule_job.<locals>.<lambda> (trigger: interval[0:01:40], next run at: 2026-01-22 15:27:12 KST)" executed successfully
2026-01-22 15:27:12,398 | INFO | apscheduler.executors.default | Running job "Engine._schedule_job.<locals>.<lambda> (trigger: interval[0:01:40], next run at: 2026-01-22 15:28:52 KST)" (scheduled at 2026-01-22 15:27:12.385560+09:00)
2026-01-22 15:27:12,417 | INFO | executor | RUN: ['C:/Users/82108/AppData/Local/Programs/Python/Python313/python.exe', 'C:\\access\\mzip\\cccmp_20.py'] | cwd=c:\temp | timeout=60
2026-01-22 15:27:12,739 | INFO | engine | job done: id=4 status=FAIL
2026-01-22 15:27:12,740 | INFO | apscheduler.executors.default | Job "Engine._schedule_job.<locals>.<lambda> (trigger: interval[0:01:40], next run at: 2026-01-22 15:28:52 KST)" executed successfully
2026-01-22 15:28:52,397 | INFO | apscheduler.executors.default | Running job "Engine._schedule_job.<locals>.<lambda> (trigger: interval[0:01:40], next run at: 2026-01-22 15:30:32 KST)" (scheduled at 2026-01-22 15:28:52.385560+09:00)
2026-01-22 15:28:52,397 | INFO | apscheduler.executors.default | Running job "Engine._schedule_job.<locals>.<lambda> (trigger: interval[0:05:00], next run at: 2026-01-22 15:33:52 KST)" (scheduled at 2026-01-22 15:28:52.386482+09:00)
2026-01-22 15:28:52,417 | INFO | executor | RUN: ['C:/Users/82108/AppData/Local/Programs/Python/Python313/python.exe', 'C:\\access\\mzip\\cccmp_20.py'] | cwd=c:\temp | timeout=60
2026-01-22 15:28:52,437 | INFO | executor | RUN: ['C:/Program Files (x86)/HNC/Office 2024/HOffice130/Bin/HCell.exe', 'C:\\Users\\82108\\Downloads\\검토.xlsx'] | cwd=c:\temp | timeout=60
2026-01-22 15:28:52,608 | INFO | engine | job done: id=4 status=FAIL
2026-01-22 15:28:52,608 | INFO | apscheduler.executors.default | Job "Engine._schedule_job.<locals>.<lambda> (trigger: interval[0:01:40], next run at: 2026-01-22 15:30:32 KST)" executed successfully
2026-01-22 15:29:02,121 | INFO | engine | job done: id=1 status=SUCCESS
2026-01-22 15:29:02,122 | INFO | apscheduler.executors.default | Job "Engine._schedule_job.<locals>.<lambda> (trigger: interval[0:05:00], next run at: 2026-01-22 15:33:52 KST)" executed successfully
2026-01-22 15:30:32,391 | INFO | apscheduler.executors.default | Running job "Engine._schedule_job.<locals>.<lambda> (trigger: interval[0:01:40], next run at: 2026-01-22 15:32:12 KST)" (scheduled at 2026-01-22 15:30:32.385560+09:00)
2026-01-22 15:30:32,420 | INFO | executor | RUN: ['C:/Users/82108/AppData/Local/Programs/Python/Python313/python.exe', 'C:\\access\\mzip\\cccmp_20.py'] | cwd=c:\temp | timeout=60
2026-01-22 15:30:32,730 | INFO | engine | job done: id=4 status=FAIL
2026-01-22 15:30:32,731 | INFO | apscheduler.executors.default | Job "Engine._schedule_job.<locals>.<lambda> (trigger: interval[0:01:40], next run at: 2026-01-22 15:32:12 KST)" executed successfully
2026-01-22 15:32:12,396 | INFO | apscheduler.executors.default | Running job "Engine._schedule_job.<locals>.<lambda> (trigger: interval[0:01:40], next run at: 2026-01-22 15:33:52 KST)" (scheduled at 2026-01-22 15:32:12.385560+09:00)
2026-01-22 15:32:12,421 | INFO | executor | RUN: ['C:/Users/82108/AppData/Local/Programs/Python/Python313/python.exe', 'C:\\access\\mzip\\cccmp_20.py'] | cwd=c:\temp | timeout=60
2026-01-22 15:32:12,703 | INFO | engine | job done: id=4 status=FAIL
2026-01-22 15:32:12,704 | INFO | apscheduler.executors.default | Job "Engine._schedule_job.<locals>.<lambda> (trigger: interval[0:01:40], next run at: 2026-01-22 15:33:52 KST)" executed successfully
2026-01-22 15:32:34,544 | INFO | apscheduler.scheduler | Scheduler has been shut down
2026-01-22 15:32:34,545 | INFO | engine | scheduler stopped
2026-01-22 15:32:38,333 | INFO | apscheduler.scheduler | Scheduler started
2026-01-22 15:32:38,334 | INFO | engine | scheduler started
2026-01-22 15:32:38,335 | INFO | apscheduler.scheduler | Added job "Engine._schedule_job.<locals>.<lambda>" to job store "default"
2026-01-22 15:32:38,336 | INFO | apscheduler.scheduler | Added job "Engine._schedule_job.<locals>.<lambda>" to job store "default"
2026-01-22 15:32:38,336 | INFO | apscheduler.scheduler | Added job "Engine._schedule_job.<locals>.<lambda>" to job store "default"
2026-01-22 15:32:38,337 | INFO | engine | jobs reloaded: 3
2026-01-22 15:32:38,374 | INFO | apscheduler.scheduler | Added job "Engine._schedule_job.<locals>.<lambda>" to job store "default"
2026-01-22 15:32:38,375 | INFO | apscheduler.scheduler | Added job "Engine._schedule_job.<locals>.<lambda>" to job store "default"
2026-01-22 15:32:38,375 | INFO | apscheduler.scheduler | Added job "Engine._schedule_job.<locals>.<lambda>" to job store "default"
2026-01-22 15:32:38,375 | INFO | engine | jobs reloaded: 3
2026-01-22 15:34:18,378 | INFO | apscheduler.executors.default | Running job "Engine._schedule_job.<locals>.<lambda> (trigger: interval[0:01:40], next run at: 2026-01-22 15:34:18 KST)" (scheduled at 2026-01-22 15:34:18.374722+09:00)
2026-01-22 15:34:18,411 | INFO | executor | RUN: ['C:/Users/82108/AppData/Local/Programs/Python/Python313/python.exe', 'C:\\access\\mzip\\cccmp_20.py'] | cwd=c:\temp | timeout=60
2026-01-22 15:34:18,659 | INFO | engine | job done: id=4 status=FAIL
2026-01-22 15:34:18,659 | INFO | apscheduler.executors.default | Job "Engine._schedule_job.<locals>.<lambda> (trigger: interval[0:01:40], next run at: 2026-01-22 15:35:58 KST)" executed successfully
2026-01-22 15:35:58,377 | INFO | apscheduler.executors.default | Running job "Engine._schedule_job.<locals>.<lambda> (trigger: interval[0:01:40], next run at: 2026-01-22 15:37:38 KST)" (scheduled at 2026-01-22 15:35:58.374722+09:00)
2026-01-22 15:35:58,409 | INFO | executor | RUN: ['C:/Users/82108/AppData/Local/Programs/Python/Python313/python.exe', 'C:\\access\\mzip\\cccmp_20.py'] | cwd=c:\temp | timeout=60
2026-01-22 15:35:58,726 | INFO | engine | job done: id=4 status=FAIL
2026-01-22 15:35:58,727 | INFO | apscheduler.executors.default | Job "Engine._schedule_job.<locals>.<lambda> (trigger: interval[0:01:40], next run at: 2026-01-22 15:37:38 KST)" executed successfully
2026-01-22 15:37:38,376 | INFO | apscheduler.executors.default | Running job "Engine._schedule_job.<locals>.<lambda> (trigger: interval[0:01:40], next run at: 2026-01-22 15:39:18 KST)" (scheduled at 2026-01-22 15:37:38.374722+09:00)
2026-01-22 15:37:38,376 | INFO | apscheduler.executors.default | Running job "Engine._schedule_job.<locals>.<lambda> (trigger: interval[0:05:00], next run at: 2026-01-22 15:42:38 KST)" (scheduled at 2026-01-22 15:37:38.375565+09:00)
2026-01-22 15:37:38,397 | INFO | executor | RUN: ['C:/Users/82108/AppData/Local/Programs/Python/Python313/python.exe', 'C:\\access\\mzip\\cccmp_20.py'] | cwd=c:\temp | timeout=60
2026-01-22 15:37:38,406 | INFO | executor | RUN: ['C:/Program Files (x86)/HNC/Office 2024/HOffice130/Bin/HCell.exe', 'C:\\Users\\82108\\Downloads\\검토.xlsx'] | cwd=c:\temp | timeout=60
2026-01-22 15:37:38,707 | INFO | engine | job done: id=4 status=FAIL
2026-01-22 15:37:38,711 | INFO | apscheduler.executors.default | Job "Engine._schedule_job.<locals>.<lambda> (trigger: interval[0:01:40], next run at: 2026-01-22 15:39:18 KST)" executed successfully
2026-01-22 15:37:53,036 | INFO | engine | job done: id=1 status=SUCCESS
2026-01-22 15:37:53,037 | INFO | apscheduler.executors.default | Job "Engine._schedule_job.<locals>.<lambda> (trigger: interval[0:05:00], next run at: 2026-01-22 15:42:38 KST)" executed successfully
2026-01-22 15:39:18,381 | INFO | apscheduler.executors.default | Running job "Engine._schedule_job.<locals>.<lambda> (trigger: interval[0:01:40], next run at: 2026-01-22 15:40:58 KST)" (scheduled at 2026-01-22 15:39:18.374722+09:00)
2026-01-22 15:39:18,393 | INFO | executor | RUN: ['C:/Users/82108/AppData/Local/Programs/Python/Python313/python.exe', 'C:\\access\\mzip\\cccmp_20.py'] | cwd=c:\temp | timeout=60
2026-01-22 15:39:18,745 | INFO | engine | job done: id=4 status=FAIL
2026-01-22 15:39:18,745 | INFO | apscheduler.executors.default | Job "Engine._schedule_job.<locals>.<lambda> (trigger: interval[0:01:40], next run at: 2026-01-22 15:40:58 KST)" executed successfully
2026-01-22 15:40:58,382 | INFO | apscheduler.executors.default | Running job "Engine._schedule_job.<locals>.<lambda> (trigger: interval[0:01:40], next run at: 2026-01-22 15:42:38 KST)" (scheduled at 2026-01-22 15:40:58.374722+09:00)
2026-01-22 15:40:58,395 | INFO | executor | RUN: ['C:/Users/82108/AppData/Local/Programs/Python/Python313/python.exe', 'C:\\access\\mzip\\cccmp_20.py'] | cwd=c:\temp | timeout=60
2026-01-22 15:40:58,700 | INFO | engine | job done: id=4 status=FAIL
2026-01-22 15:40:58,701 | INFO | apscheduler.executors.default | Job "Engine._schedule_job.<locals>.<lambda> (trigger: interval[0:01:40], next run at: 2026-01-22 15:42:38 KST)" executed successfully
2026-01-22 15:42:38,391 | INFO | apscheduler.executors.default | Running job "Engine._schedule_job.<locals>.<lambda> (trigger: interval[0:01:40], next run at: 2026-01-22 15:44:18 KST)" (scheduled at 2026-01-22 15:42:38.374722+09:00)
2026-01-22 15:42:38,391 | INFO | apscheduler.executors.default | Running job "Engine._schedule_job.<locals>.<lambda> (trigger: interval[0:05:00], next run at: 2026-01-22 15:47:38 KST)" (scheduled at 2026-01-22 15:42:38.375565+09:00)
2026-01-22 15:42:38,412 | INFO | executor | RUN: ['C:/Users/82108/AppData/Local/Programs/Python/Python313/python.exe', 'C:\\access\\mzip\\cccmp_20.py'] | cwd=c:\temp | timeout=60
2026-01-22 15:42:38,424 | INFO | executor | RUN: ['C:/Program Files (x86)/HNC/Office 2024/HOffice130/Bin/HCell.exe', 'C:\\Users\\82108\\Downloads\\검토.xlsx'] | cwd=c:\temp | timeout=60
2026-01-22 15:42:38,597 | INFO | engine | job done: id=4 status=FAIL
2026-01-22 15:42:38,597 | INFO | apscheduler.executors.default | Job "Engine._schedule_job.<locals>.<lambda> (trigger: interval[0:01:40], next run at: 2026-01-22 15:44:18 KST)" executed successfully
2026-01-22 15:42:43,182 | INFO | engine | job done: id=1 status=SUCCESS
2026-01-22 15:42:43,182 | INFO | apscheduler.executors.default | Job "Engine._schedule_job.<locals>.<lambda> (trigger: interval[0:05:00], next run at: 2026-01-22 15:47:38 KST)" executed successfully
2026-01-22 15:44:18,382 | INFO | apscheduler.executors.default | Running job "Engine._schedule_job.<locals>.<lambda> (trigger: interval[0:01:40], next run at: 2026-01-22 15:45:58 KST)" (scheduled at 2026-01-22 15:44:18.374722+09:00)
2026-01-22 15:44:18,393 | INFO | executor | RUN: ['C:/Users/82108/AppData/Local/Programs/Python/Python313/python.exe', 'C:\\access\\mzip\\cccmp_20.py'] | cwd=c:\temp | timeout=60
2026-01-22 15:44:18,717 | INFO | engine | job done: id=4 status=FAIL
2026-01-22 15:44:18,718 | INFO | apscheduler.executors.default | Job "Engine._schedule_job.<locals>.<lambda> (trigger: interval[0:01:40], next run at: 2026-01-22 15:45:58 KST)" executed successfully
2026-01-22 15:45:58,380 | INFO | apscheduler.executors.default | Running job "Engine._schedule_job.<locals>.<lambda> (trigger: interval[0:01:40], next run at: 2026-01-22 15:47:38 KST)" (scheduled at 2026-01-22 15:45:58.374722+09:00)
2026-01-22 15:45:58,403 | INFO | executor | RUN: ['C:/Users/82108/AppData/Local/Programs/Python/Python313/python.exe', 'C:\\access\\mzip\\cccmp_20.py'] | cwd=c:\temp | timeout=60
2026-01-22 15:45:58,767 | INFO | engine | job done: id=4 status=FAIL
2026-01-22 15:45:58,768 | INFO | apscheduler.executors.default | Job "Engine._schedule_job.<locals>.<lambda> (trigger: interval[0:01:40], next run at: 2026-01-22 15:47:38 KST)" executed successfully
2026-01-22 15:47:38,378 | INFO | apscheduler.executors.default | Running job "Engine._schedule_job.<locals>.<lambda> (trigger: interval[0:01:40], next run at: 2026-01-22 15:49:18 KST)" (scheduled at 2026-01-22 15:47:38.374722+09:00)
2026-01-22 15:47:38,378 | INFO | apscheduler.executors.default | Running job "Engine._schedule_job.<locals>.<lambda> (trigger: interval[0:05:00], next run at: 2026-01-22 15:52:38 KST)" (scheduled at 2026-01-22 15:47:38.375565+09:00)
2026-01-22 15:47:38,402 | INFO | executor | RUN: ['C:/Users/82108/AppData/Local/Programs/Python/Python313/python.exe', 'C:\\access\\mzip\\cccmp_20.py'] | cwd=c:\temp | timeout=60
2026-01-22 15:47:38,415 | INFO | executor | RUN: ['C:/Program Files (x86)/HNC/Office 2024/HOffice130/Bin/HCell.exe', 'C:\\Users\\82108\\Downloads\\검토.xlsx'] | cwd=c:\temp | timeout=60
2026-01-22 15:47:38,719 | INFO | engine | job done: id=4 status=FAIL
2026-01-22 15:47:38,720 | INFO | apscheduler.executors.default | Job "Engine._schedule_job.<locals>.<lambda> (trigger: interval[0:01:40], next run at: 2026-01-22 15:49:18 KST)" executed successfully
2026-01-22 15:47:43,259 | INFO | engine | job done: id=1 status=SUCCESS
2026-01-22 15:47:43,260 | INFO | apscheduler.executors.default | Job "Engine._schedule_job.<locals>.<lambda> (trigger: interval[0:05:00], next run at: 2026-01-22 15:52:38 KST)" executed successfully
2026-01-22 15:49:18,379 | INFO | apscheduler.executors.default | Running job "Engine._schedule_job.<locals>.<lambda> (trigger: interval[0:01:40], next run at: 2026-01-22 15:50:58 KST)" (scheduled at 2026-01-22 15:49:18.374722+09:00)
2026-01-22 15:49:18,388 | INFO | executor | RUN: ['C:/Users/82108/AppData/Local/Programs/Python/Python313/python.exe', 'C:\\access\\mzip\\cccmp_20.py'] | cwd=c:\temp | timeout=60
2026-01-22 15:49:18,702 | INFO | engine | job done: id=4 status=FAIL
2026-01-22 15:49:18,703 | INFO | apscheduler.executors.default | Job "Engine._schedule_job.<locals>.<lambda> (trigger: interval[0:01:40], next run at: 2026-01-22 15:50:58 KST)" executed successfully
2026-01-22 15:50:58,379 | INFO | apscheduler.executors.default | Running job "Engine._schedule_job.<locals>.<lambda> (trigger: interval[0:01:40], next run at: 2026-01-22 15:52:38 KST)" (scheduled at 2026-01-22 15:50:58.374722+09:00)
2026-01-22 15:50:58,400 | INFO | executor | RUN: ['C:/Users/82108/AppData/Local/Programs/Python/Python313/python.exe', 'C:\\access\\mzip\\cccmp_20.py'] | cwd=c:\temp | timeout=60
2026-01-22 15:50:58,735 | INFO | engine | job done: id=4 status=FAIL
2026-01-22 15:50:58,736 | INFO | apscheduler.executors.default | Job "Engine._schedule_job.<locals>.<lambda> (trigger: interval[0:01:40], next run at: 2026-01-22 15:52:38 KST)" executed successfully
2026-01-22 15:52:38,381 | INFO | apscheduler.executors.default | Running job "Engine._schedule_job.<locals>.<lambda> (trigger: interval[0:01:40], next run at: 2026-01-22 15:54:18 KST)" (scheduled at 2026-01-22 15:52:38.374722+09:00)
2026-01-22 15:52:38,382 | INFO | apscheduler.executors.default | Running job "Engine._schedule_job.<locals>.<lambda> (trigger: interval[0:05:00], next run at: 2026-01-22 15:57:38 KST)" (scheduled at 2026-01-22 15:52:38.375565+09:00)
2026-01-22 15:52:38,420 | INFO | executor | RUN: ['C:/Users/82108/AppData/Local/Programs/Python/Python313/python.exe', 'C:\\access\\mzip\\cccmp_20.py'] | cwd=c:\temp | timeout=60
2026-01-22 15:52:38,451 | INFO | executor | RUN: ['C:/Program Files (x86)/HNC/Office 2024/HOffice130/Bin/HCell.exe', 'C:\\Users\\82108\\Downloads\\검토.xlsx'] | cwd=c:\temp | timeout=60
2026-01-22 15:52:38,741 | INFO | engine | job done: id=4 status=FAIL
2026-01-22 15:52:38,742 | INFO | apscheduler.executors.default | Job "Engine._schedule_job.<locals>.<lambda> (trigger: interval[0:01:40], next run at: 2026-01-22 15:54:18 KST)" executed successfully
2026-01-22 15:52:59,123 | INFO | engine | job done: id=1 status=SUCCESS
2026-01-22 15:52:59,123 | INFO | apscheduler.executors.default | Job "Engine._schedule_job.<locals>.<lambda> (trigger: interval[0:05:00], next run at: 2026-01-22 15:57:38 KST)" executed successfully
2026-01-22 15:54:18,376 | INFO | apscheduler.executors.default | Running job "Engine._schedule_job.<locals>.<lambda> (trigger: interval[0:01:40], next run at: 2026-01-22 15:55:58 KST)" (scheduled at 2026-01-22 15:54:18.374722+09:00)
2026-01-22 15:54:18,392 | INFO | executor | RUN: ['C:/Users/82108/AppData/Local/Programs/Python/Python313/python.exe', 'C:\\access\\mzip\\cccmp_20.py'] | cwd=c:\temp | timeout=60
2026-01-22 15:54:18,752 | INFO | engine | job done: id=4 status=FAIL
2026-01-22 15:54:18,752 | INFO | apscheduler.executors.default | Job "Engine._schedule_job.<locals>.<lambda> (trigger: interval[0:01:40], next run at: 2026-01-22 15:55:58 KST)" executed successfully
2026-01-22 15:55:58,377 | INFO | apscheduler.executors.default | Running job "Engine._schedule_job.<locals>.<lambda> (trigger: interval[0:01:40], next run at: 2026-01-22 15:57:38 KST)" (scheduled at 2026-01-22 15:55:58.374722+09:00)
2026-01-22 15:55:58,400 | INFO | executor | RUN: ['C:/Users/82108/AppData/Local/Programs/Python/Python313/python.exe', 'C:\\access\\mzip\\cccmp_20.py'] | cwd=c:\temp | timeout=60
2026-01-22 15:55:58,729 | INFO | engine | job done: id=4 status=FAIL
2026-01-22 15:55:58,729 | INFO | apscheduler.executors.default | Job "Engine._schedule_job.<locals>.<lambda> (trigger: interval[0:01:40], next run at: 2026-01-22 15:57:38 KST)" executed successfully
2026-01-22 15:57:38,386 | INFO | apscheduler.executors.default | Running job "Engine._schedule_job.<locals>.<lambda> (trigger: interval[0:01:40], next run at: 2026-01-22 15:59:18 KST)" (scheduled at 2026-01-22 15:57:38.374722+09:00)
2026-01-22 15:57:38,386 | INFO | apscheduler.executors.default | Running job "Engine._schedule_job.<locals>.<lambda> (trigger: interval[0:05:00], next run at: 2026-01-22 16:02:38 KST)" (scheduled at 2026-01-22 15:57:38.375565+09:00)
2026-01-22 15:57:38,411 | INFO | executor | RUN: ['C:/Users/82108/AppData/Local/Programs/Python/Python313/python.exe', 'C:\\access\\mzip\\cccmp_20.py'] | cwd=c:\temp | timeout=60
2026-01-22 15:57:38,420 | INFO | executor | RUN: ['C:/Program Files (x86)/HNC/Office 2024/HOffice130/Bin/HCell.exe', 'C:\\Users\\82108\\Downloads\\검토.xlsx'] | cwd=c:\temp | timeout=60
2026-01-22 15:57:38,719 | INFO | engine | job done: id=4 status=FAIL
2026-01-22 15:57:38,720 | INFO | apscheduler.executors.default | Job "Engine._schedule_job.<locals>.<lambda> (trigger: interval[0:01:40], next run at: 2026-01-22 15:59:18 KST)" executed successfully
2026-01-22 15:57:44,072 | INFO | engine | job done: id=1 status=SUCCESS
2026-01-22 15:57:44,072 | INFO | apscheduler.executors.default | Job "Engine._schedule_job.<locals>.<lambda> (trigger: interval[0:05:00], next run at: 2026-01-22 16:02:38 KST)" executed successfully
2026-01-22 15:59:18,378 | INFO | apscheduler.executors.default | Running job "Engine._schedule_job.<locals>.<lambda> (trigger: interval[0:01:40], next run at: 2026-01-22 16:00:58 KST)" (scheduled at 2026-01-22 15:59:18.374722+09:00)
2026-01-22 15:59:18,397 | INFO | executor | RUN: ['C:/Users/82108/AppData/Local/Programs/Python/Python313/python.exe', 'C:\\access\\mzip\\cccmp_20.py'] | cwd=c:\temp | timeout=60
2026-01-22 15:59:18,691 | INFO | engine | job done: id=4 status=FAIL
2026-01-22 15:59:18,692 | INFO | apscheduler.executors.default | Job "Engine._schedule_job.<locals>.<lambda> (trigger: interval[0:01:40], next run at: 2026-01-22 16:00:58 KST)" executed successfully
2026-01-22 16:00:58,390 | INFO | apscheduler.executors.default | Running job "Engine._schedule_job.<locals>.<lambda> (trigger: interval[0:01:40], next run at: 2026-01-22 16:02:38 KST)" (scheduled at 2026-01-22 16:00:58.374722+09:00)
2026-01-22 16:00:58,405 | INFO | executor | RUN: ['C:/Users/82108/AppData/Local/Programs/Python/Python313/python.exe', 'C:\\access\\mzip\\cccmp_20.py'] | cwd=c:\temp | timeout=60
2026-01-22 16:00:58,734 | INFO | engine | job done: id=4 status=FAIL
2026-01-22 16:00:58,734 | INFO | apscheduler.executors.default | Job "Engine._schedule_job.<locals>.<lambda> (trigger: interval[0:01:40], next run at: 2026-01-22 16:02:38 KST)" executed successfully
2026-01-22 16:02:38,377 | INFO | apscheduler.executors.default | Running job "Engine._schedule_job.<locals>.<lambda> (trigger: interval[0:01:40], next run at: 2026-01-22 16:04:18 KST)" (scheduled at 2026-01-22 16:02:38.374722+09:00)
2026-01-22 16:02:38,377 | INFO | apscheduler.executors.default | Running job "Engine._schedule_job.<locals>.<lambda> (trigger: interval[0:05:00], next run at: 2026-01-22 16:07:38 KST)" (scheduled at 2026-01-22 16:02:38.375565+09:00)
2026-01-22 16:02:38,403 | INFO | executor | RUN: ['C:/Users/82108/AppData/Local/Programs/Python/Python313/python.exe', 'C:\\access\\mzip\\cccmp_20.py'] | cwd=c:\temp | timeout=60
2026-01-22 16:02:38,418 | INFO | executor | RUN: ['C:/Program Files (x86)/HNC/Office 2024/HOffice130/Bin/HCell.exe', 'C:\\Users\\82108\\Downloads\\검토.xlsx'] | cwd=c:\temp | timeout=60
2026-01-22 16:02:38,724 | INFO | engine | job done: id=4 status=FAIL
2026-01-22 16:02:38,725 | INFO | apscheduler.executors.default | Job "Engine._schedule_job.<locals>.<lambda> (trigger: interval[0:01:40], next run at: 2026-01-22 16:04:18 KST)" executed successfully
2026-01-22 16:02:45,546 | INFO | engine | job done: id=1 status=SUCCESS
2026-01-22 16:02:45,547 | INFO | apscheduler.executors.default | Job "Engine._schedule_job.<locals>.<lambda> (trigger: interval[0:05:00], next run at: 2026-01-22 16:07:38 KST)" executed successfully
2026-01-22 16:04:18,375 | INFO | apscheduler.executors.default | Running job "Engine._schedule_job.<locals>.<lambda> (trigger: interval[0:01:40], next run at: 2026-01-22 16:05:58 KST)" (scheduled at 2026-01-22 16:04:18.374722+09:00)
2026-01-22 16:04:18,392 | INFO | executor | RUN: ['C:/Users/82108/AppData/Local/Programs/Python/Python313/python.exe', 'C:\\access\\mzip\\cccmp_20.py'] | cwd=c:\temp | timeout=60
2026-01-22 16:04:18,725 | INFO | engine | job done: id=4 status=FAIL
2026-01-22 16:04:18,725 | INFO | apscheduler.executors.default | Job "Engine._schedule_job.<locals>.<lambda> (trigger: interval[0:01:40], next run at: 2026-01-22 16:05:58 KST)" executed successfully
2026-01-22 16:05:58,376 | INFO | apscheduler.executors.default | Running job "Engine._schedule_job.<locals>.<lambda> (trigger: interval[0:01:40], next run at: 2026-01-22 16:07:38 KST)" (scheduled at 2026-01-22 16:05:58.374722+09:00)
2026-01-22 16:05:58,399 | INFO | executor | RUN: ['C:/Users/82108/AppData/Local/Programs/Python/Python313/python.exe', 'C:\\access\\mzip\\cccmp_20.py'] | cwd=c:\temp | timeout=60
2026-01-22 16:05:58,753 | INFO | engine | job done: id=4 status=FAIL
2026-01-22 16:05:58,753 | INFO | apscheduler.executors.default | Job "Engine._schedule_job.<locals>.<lambda> (trigger: interval[0:01:40], next run at: 2026-01-22 16:07:38 KST)" executed successfully
2026-01-22 16:07:38,377 | INFO | apscheduler.executors.default | Running job "Engine._schedule_job.<locals>.<lambda> (trigger: interval[0:01:40], next run at: 2026-01-22 16:09:18 KST)" (scheduled at 2026-01-22 16:07:38.374722+09:00)
2026-01-22 16:07:38,378 | INFO | apscheduler.executors.default | Running job "Engine._schedule_job.<locals>.<lambda> (trigger: interval[0:05:00], next run at: 2026-01-22 16:12:38 KST)" (scheduled at 2026-01-22 16:07:38.375565+09:00)
2026-01-22 16:07:38,398 | INFO | executor | RUN: ['C:/Users/82108/AppData/Local/Programs/Python/Python313/python.exe', 'C:\\access\\mzip\\cccmp_20.py'] | cwd=c:\temp | timeout=60
2026-01-22 16:07:38,409 | INFO | executor | RUN: ['C:/Program Files (x86)/HNC/Office 2024/HOffice130/Bin/HCell.exe', 'C:\\Users\\82108\\Downloads\\검토.xlsx'] | cwd=c:\temp | timeout=60
2026-01-22 16:07:38,595 | INFO | engine | job done: id=4 status=FAIL
2026-01-22 16:07:38,595 | INFO | apscheduler.executors.default | Job "Engine._schedule_job.<locals>.<lambda> (trigger: interval[0:01:40], next run at: 2026-01-22 16:09:18 KST)" executed successfully
2026-01-22 16:07:54,343 | INFO | engine | job done: id=1 status=SUCCESS
2026-01-22 16:07:54,344 | INFO | apscheduler.executors.default | Job "Engine._schedule_job.<locals>.<lambda> (trigger: interval[0:05:00], next run at: 2026-01-22 16:12:38 KST)" executed successfully
2026-01-22 16:09:18,379 | INFO | apscheduler.executors.default | Running job "Engine._schedule_job.<locals>.<lambda> (trigger: interval[0:01:40], next run at: 2026-01-22 16:10:58 KST)" (scheduled at 2026-01-22 16:09:18.374722+09:00)
2026-01-22 16:09:18,400 | INFO | executor | RUN: ['C:/Users/82108/AppData/Local/Programs/Python/Python313/python.exe', 'C:\\access\\mzip\\cccmp_20.py'] | cwd=c:\temp | timeout=60
2026-01-22 16:09:18,715 | INFO | engine | job done: id=4 status=FAIL
2026-01-22 16:09:18,715 | INFO | apscheduler.executors.default | Job "Engine._schedule_job.<locals>.<lambda> (trigger: interval[0:01:40], next run at: 2026-01-22 16:10:58 KST)" executed successfully
2026-01-22 16:10:58,391 | INFO | apscheduler.executors.default | Running job "Engine._schedule_job.<locals>.<lambda> (trigger: interval[0:01:40], next run at: 2026-01-22 16:12:38 KST)" (scheduled at 2026-01-22 16:10:58.374722+09:00)
2026-01-22 16:10:58,419 | INFO | executor | RUN: ['C:/Users/82108/AppData/Local/Programs/Python/Python313/python.exe', 'C:\\access\\mzip\\cccmp_20.py'] | cwd=c:\temp | timeout=60
2026-01-22 16:10:58,621 | INFO | engine | job done: id=4 status=FAIL
2026-01-22 16:10:58,621 | INFO | apscheduler.executors.default | Job "Engine._schedule_job.<locals>.<lambda> (trigger: interval[0:01:40], next run at: 2026-01-22 16:12:38 KST)" executed successfully
2026-01-22 16:12:38,389 | INFO | apscheduler.executors.default | Running job "Engine._schedule_job.<locals>.<lambda> (trigger: interval[0:01:40], next run at: 2026-01-22 16:14:18 KST)" (scheduled at 2026-01-22 16:12:38.374722+09:00)
2026-01-22 16:12:38,389 | INFO | apscheduler.executors.default | Running job "Engine._schedule_job.<locals>.<lambda> (trigger: interval[0:05:00], next run at: 2026-01-22 16:17:38 KST)" (scheduled at 2026-01-22 16:12:38.375565+09:00)
2026-01-22 16:12:38,409 | INFO | executor | RUN: ['C:/Users/82108/AppData/Local/Programs/Python/Python313/python.exe', 'C:\\access\\mzip\\cccmp_20.py'] | cwd=c:\temp | timeout=60
2026-01-22 16:12:38,431 | INFO | executor | RUN: ['C:/Program Files (x86)/HNC/Office 2024/HOffice130/Bin/HCell.exe', 'C:\\Users\\82108\\Downloads\\검토.xlsx'] | cwd=c:\temp | timeout=60
2026-01-22 16:12:38,704 | INFO | engine | job done: id=4 status=FAIL
2026-01-22 16:12:38,705 | INFO | apscheduler.executors.default | Job "Engine._schedule_job.<locals>.<lambda> (trigger: interval[0:01:40], next run at: 2026-01-22 16:14:18 KST)" executed successfully
2026-01-22 16:12:50,375 | INFO | engine | job done: id=1 status=SUCCESS
2026-01-22 16:12:50,376 | INFO | apscheduler.executors.default | Job "Engine._schedule_job.<locals>.<lambda> (trigger: interval[0:05:00], next run at: 2026-01-22 16:17:38 KST)" executed successfully
2026-01-22 16:14:18,377 | INFO | apscheduler.executors.default | Running job "Engine._schedule_job.<locals>.<lambda> (trigger: interval[0:01:40], next run at: 2026-01-22 16:15:58 KST)" (scheduled at 2026-01-22 16:14:18.374722+09:00)
2026-01-22 16:14:18,401 | INFO | executor | RUN: ['C:/Users/82108/AppData/Local/Programs/Python/Python313/python.exe', 'C:\\access\\mzip\\cccmp_20.py'] | cwd=c:\temp | timeout=60
2026-01-22 16:14:18,714 | INFO | engine | job done: id=4 status=FAIL
2026-01-22 16:14:18,715 | INFO | apscheduler.executors.default | Job "Engine._schedule_job.<locals>.<lambda> (trigger: interval[0:01:40], next run at: 2026-01-22 16:15:58 KST)" executed successfully
2026-01-22 16:15:58,377 | INFO | apscheduler.executors.default | Running job "Engine._schedule_job.<locals>.<lambda> (trigger: interval[0:01:40], next run at: 2026-01-22 16:17:38 KST)" (scheduled at 2026-01-22 16:15:58.374722+09:00)
2026-01-22 16:15:58,389 | INFO | executor | RUN: ['C:/Users/82108/AppData/Local/Programs/Python/Python313/python.exe', 'C:\\access\\mzip\\cccmp_20.py'] | cwd=c:\temp | timeout=60
2026-01-22 16:15:58,755 | INFO | engine | job done: id=4 status=FAIL
2026-01-22 16:15:58,756 | INFO | apscheduler.executors.default | Job "Engine._schedule_job.<locals>.<lambda> (trigger: interval[0:01:40], next run at: 2026-01-22 16:17:38 KST)" executed successfully
2026-01-22 16:17:38,381 | INFO | apscheduler.executors.default | Running job "Engine._schedule_job.<locals>.<lambda> (trigger: interval[0:01:40], next run at: 2026-01-22 16:19:18 KST)" (scheduled at 2026-01-22 16:17:38.374722+09:00)
2026-01-22 16:17:38,382 | INFO | apscheduler.executors.default | Running job "Engine._schedule_job.<locals>.<lambda> (trigger: interval[0:05:00], next run at: 2026-01-22 16:22:38 KST)" (scheduled at 2026-01-22 16:17:38.375565+09:00)
2026-01-22 16:17:38,396 | INFO | executor | RUN: ['C:/Users/82108/AppData/Local/Programs/Python/Python313/python.exe', 'C:\\access\\mzip\\cccmp_20.py'] | cwd=c:\temp | timeout=60
2026-01-22 16:17:38,417 | INFO | executor | RUN: ['C:/Program Files (x86)/HNC/Office 2024/HOffice130/Bin/HCell.exe', 'C:\\Users\\82108\\Downloads\\검토.xlsx'] | cwd=c:\temp | timeout=60
2026-01-22 16:17:38,723 | INFO | engine | job done: id=4 status=FAIL
2026-01-22 16:17:38,724 | INFO | apscheduler.executors.default | Job "Engine._schedule_job.<locals>.<lambda> (trigger: interval[0:01:40], next run at: 2026-01-22 16:19:18 KST)" executed successfully
2026-01-22 16:17:43,293 | INFO | engine | job done: id=1 status=SUCCESS
2026-01-22 16:17:43,293 | INFO | apscheduler.executors.default | Job "Engine._schedule_job.<locals>.<lambda> (trigger: interval[0:05:00], next run at: 2026-01-22 16:22:38 KST)" executed successfully
2026-01-22 16:19:18,376 | INFO | apscheduler.executors.default | Running job "Engine._schedule_job.<locals>.<lambda> (trigger: interval[0:01:40], next run at: 2026-01-22 16:20:58 KST)" (scheduled at 2026-01-22 16:19:18.374722+09:00)
2026-01-22 16:19:18,388 | INFO | executor | RUN: ['C:/Users/82108/AppData/Local/Programs/Python/Python313/python.exe', 'C:\\access\\mzip\\cccmp_20.py'] | cwd=c:\temp | timeout=60
2026-01-22 16:19:18,756 | INFO | engine | job done: id=4 status=FAIL
2026-01-22 16:19:18,757 | INFO | apscheduler.executors.default | Job "Engine._schedule_job.<locals>.<lambda> (trigger: interval[0:01:40], next run at: 2026-01-22 16:20:58 KST)" executed successfully
2026-01-22 16:20:58,379 | INFO | apscheduler.executors.default | Running job "Engine._schedule_job.<locals>.<lambda> (trigger: interval[0:01:40], next run at: 2026-01-22 16:22:38 KST)" (scheduled at 2026-01-22 16:20:58.374722+09:00)
2026-01-22 16:20:58,398 | INFO | executor | RUN: ['C:/Users/82108/AppData/Local/Programs/Python/Python313/python.exe', 'C:\\access\\mzip\\cccmp_20.py'] | cwd=c:\temp | timeout=60
2026-01-22 16:20:58,599 | INFO | engine | job done: id=4 status=FAIL
2026-01-22 16:20:58,599 | INFO | apscheduler.executors.default | Job "Engine._schedule_job.<locals>.<lambda> (trigger: interval[0:01:40], next run at: 2026-01-22 16:22:38 KST)" executed successfully
2026-01-22 16:22:38,376 | INFO | apscheduler.executors.default | Running job "Engine._schedule_job.<locals>.<lambda> (trigger: interval[0:01:40], next run at: 2026-01-22 16:24:18 KST)" (scheduled at 2026-01-22 16:22:38.374722+09:00)
2026-01-22 16:22:38,376 | INFO | apscheduler.executors.default | Running job "Engine._schedule_job.<locals>.<lambda> (trigger: interval[0:05:00], next run at: 2026-01-22 16:27:38 KST)" (scheduled at 2026-01-22 16:22:38.375565+09:00)
2026-01-22 16:22:38,389 | INFO | executor | RUN: ['C:/Users/82108/AppData/Local/Programs/Python/Python313/python.exe', 'C:\\access\\mzip\\cccmp_20.py'] | cwd=c:\temp | timeout=60
2026-01-22 16:22:38,408 | INFO | executor | RUN: ['C:/Program Files (x86)/HNC/Office 2024/HOffice130/Bin/HCell.exe', 'C:\\Users\\82108\\Downloads\\검토.xlsx'] | cwd=c:\temp | timeout=60
2026-01-22 16:22:38,683 | INFO | engine | job done: id=4 status=FAIL
2026-01-22 16:22:38,684 | INFO | apscheduler.executors.default | Job "Engine._schedule_job.<locals>.<lambda> (trigger: interval[0:01:40], next run at: 2026-01-22 16:24:18 KST)" executed successfully
2026-01-22 16:22:43,053 | INFO | engine | job done: id=1 status=SUCCESS
2026-01-22 16:22:43,054 | INFO | apscheduler.executors.default | Job "Engine._schedule_job.<locals>.<lambda> (trigger: interval[0:05:00], next run at: 2026-01-22 16:27:38 KST)" executed successfully
2026-01-22 16:24:18,377 | INFO | apscheduler.executors.default | Running job "Engine._schedule_job.<locals>.<lambda> (trigger: interval[0:01:40], next run at: 2026-01-22 16:25:58 KST)" (scheduled at 2026-01-22 16:24:18.374722+09:00)
2026-01-22 16:24:18,392 | INFO | executor | RUN: ['C:/Users/82108/AppData/Local/Programs/Python/Python313/python.exe', 'C:\\access\\mzip\\cccmp_20.py'] | cwd=c:\temp | timeout=60
2026-01-22 16:24:18,684 | INFO | engine | job done: id=4 status=FAIL
2026-01-22 16:24:18,684 | INFO | apscheduler.executors.default | Job "Engine._schedule_job.<locals>.<lambda> (trigger: interval[0:01:40], next run at: 2026-01-22 16:25:58 KST)" executed successfully
2026-01-22 16:25:58,379 | INFO | apscheduler.executors.default | Running job "Engine._schedule_job.<locals>.<lambda> (trigger: interval[0:01:40], next run at: 2026-01-22 16:27:38 KST)" (scheduled at 2026-01-22 16:25:58.374722+09:00)
2026-01-22 16:25:58,392 | INFO | executor | RUN: ['C:/Users/82108/AppData/Local/Programs/Python/Python313/python.exe', 'C:\\access\\mzip\\cccmp_20.py'] | cwd=c:\temp | timeout=60
2026-01-22 16:25:58,705 | INFO | engine | job done: id=4 status=FAIL
2026-01-22 16:25:58,706 | INFO | apscheduler.executors.default | Job "Engine._schedule_job.<locals>.<lambda> (trigger: interval[0:01:40], next run at: 2026-01-22 16:27:38 KST)" executed successfully
2026-01-22 16:27:38,377 | INFO | apscheduler.executors.default | Running job "Engine._schedule_job.<locals>.<lambda> (trigger: interval[0:01:40], next run at: 2026-01-22 16:29:18 KST)" (scheduled at 2026-01-22 16:27:38.374722+09:00)
2026-01-22 16:27:38,378 | INFO | apscheduler.executors.default | Running job "Engine._schedule_job.<locals>.<lambda> (trigger: interval[0:05:00], next run at: 2026-01-22 16:32:38 KST)" (scheduled at 2026-01-22 16:27:38.375565+09:00)
2026-01-22 16:27:38,405 | INFO | executor | RUN: ['C:/Users/82108/AppData/Local/Programs/Python/Python313/python.exe', 'C:\\access\\mzip\\cccmp_20.py'] | cwd=c:\temp | timeout=60
2026-01-22 16:27:38,416 | INFO | executor | RUN: ['C:/Program Files (x86)/HNC/Office 2024/HOffice130/Bin/HCell.exe', 'C:\\Users\\82108\\Downloads\\검토.xlsx'] | cwd=c:\temp | timeout=60
2026-01-22 16:27:38,706 | INFO | engine | job done: id=4 status=FAIL
2026-01-22 16:27:38,707 | INFO | apscheduler.executors.default | Job "Engine._schedule_job.<locals>.<lambda> (trigger: interval[0:01:40], next run at: 2026-01-22 16:29:18 KST)" executed successfully
2026-01-22 16:27:43,203 | INFO | engine | job done: id=1 status=SUCCESS
2026-01-22 16:27:43,206 | INFO | apscheduler.executors.default | Job "Engine._schedule_job.<locals>.<lambda> (trigger: interval[0:05:00], next run at: 2026-01-22 16:32:38 KST)" executed successfully
2026-01-22 16:29:18,382 | INFO | apscheduler.executors.default | Running job "Engine._schedule_job.<locals>.<lambda> (trigger: interval[0:01:40], next run at: 2026-01-22 16:30:58 KST)" (scheduled at 2026-01-22 16:29:18.374722+09:00)
2026-01-22 16:29:18,408 | INFO | executor | RUN: ['C:/Users/82108/AppData/Local/Programs/Python/Python313/python.exe', 'C:\\access\\mzip\\cccmp_20.py'] | cwd=c:\temp | timeout=60
2026-01-22 16:29:18,678 | INFO | engine | job done: id=4 status=FAIL
2026-01-22 16:29:18,679 | INFO | apscheduler.executors.default | Job "Engine._schedule_job.<locals>.<lambda> (trigger: interval[0:01:40], next run at: 2026-01-22 16:30:58 KST)" executed successfully
2026-01-22 16:30:58,382 | INFO | apscheduler.executors.default | Running job "Engine._schedule_job.<locals>.<lambda> (trigger: interval[0:01:40], next run at: 2026-01-22 16:32:38 KST)" (scheduled at 2026-01-22 16:30:58.374722+09:00)
2026-01-22 16:30:58,403 | INFO | executor | RUN: ['C:/Users/82108/AppData/Local/Programs/Python/Python313/python.exe', 'C:\\access\\mzip\\cccmp_20.py'] | cwd=c:\temp | timeout=60
2026-01-22 16:30:58,725 | INFO | engine | job done: id=4 status=FAIL
2026-01-22 16:30:58,726 | INFO | apscheduler.executors.default | Job "Engine._schedule_job.<locals>.<lambda> (trigger: interval[0:01:40], next run at: 2026-01-22 16:32:38 KST)" executed successfully
2026-01-22 16:32:38,383 | INFO | apscheduler.executors.default | Running job "Engine._schedule_job.<locals>.<lambda> (trigger: interval[0:01:40], next run at: 2026-01-22 16:34:18 KST)" (scheduled at 2026-01-22 16:32:38.374722+09:00)
2026-01-22 16:32:38,384 | INFO | apscheduler.executors.default | Running job "Engine._schedule_job.<locals>.<lambda> (trigger: interval[0:05:00], next run at: 2026-01-22 16:37:38 KST)" (scheduled at 2026-01-22 16:32:38.375565+09:00)
2026-01-22 16:32:38,396 | INFO | executor | RUN: ['C:/Program Files (x86)/HNC/Office 2024/HOffice130/Bin/HCell.exe', 'C:\\Users\\82108\\Downloads\\검토.xlsx'] | cwd=c:\temp | timeout=60
2026-01-22 16:32:38,408 | INFO | executor | RUN: ['C:/Users/82108/AppData/Local/Programs/Python/Python313/python.exe', 'C:\\access\\mzip\\cccmp_20.py'] | cwd=c:\temp | timeout=60
2026-01-22 16:32:38,601 | INFO | engine | job done: id=4 status=FAIL
2026-01-22 16:32:38,602 | INFO | apscheduler.executors.default | Job "Engine._schedule_job.<locals>.<lambda> (trigger: interval[0:01:40], next run at: 2026-01-22 16:34:18 KST)" executed successfully
2026-01-22 16:32:44,251 | INFO | engine | job done: id=1 status=SUCCESS
2026-01-22 16:32:44,251 | INFO | apscheduler.executors.default | Job "Engine._schedule_job.<locals>.<lambda> (trigger: interval[0:05:00], next run at: 2026-01-22 16:37:38 KST)" executed successfully
2026-01-22 16:34:18,379 | INFO | apscheduler.executors.default | Running job "Engine._schedule_job.<locals>.<lambda> (trigger: interval[0:01:40], next run at: 2026-01-22 16:35:58 KST)" (scheduled at 2026-01-22 16:34:18.374722+09:00)
2026-01-22 16:34:18,402 | INFO | executor | RUN: ['C:/Users/82108/AppData/Local/Programs/Python/Python313/python.exe', 'C:\\access\\mzip\\cccmp_20.py'] | cwd=c:\temp | timeout=60
2026-01-22 16:34:18,628 | INFO | engine | job done: id=4 status=FAIL
2026-01-22 16:34:18,629 | INFO | apscheduler.executors.default | Job "Engine._schedule_job.<locals>.<lambda> (trigger: interval[0:01:40], next run at: 2026-01-22 16:35:58 KST)" executed successfully
2026-01-22 16:35:58,389 | INFO | apscheduler.executors.default | Running job "Engine._schedule_job.<locals>.<lambda> (trigger: interval[0:01:40], next run at: 2026-01-22 16:37:38 KST)" (scheduled at 2026-01-22 16:35:58.374722+09:00)
2026-01-22 16:35:58,404 | INFO | executor | RUN: ['C:/Users/82108/AppData/Local/Programs/Python/Python313/python.exe', 'C:\\access\\mzip\\cccmp_20.py'] | cwd=c:\temp | timeout=60
2026-01-22 16:35:58,736 | INFO | engine | job done: id=4 status=FAIL
2026-01-22 16:35:58,737 | INFO | apscheduler.executors.default | Job "Engine._schedule_job.<locals>.<lambda> (trigger: interval[0:01:40], next run at: 2026-01-22 16:37:38 KST)" executed successfully
2026-01-22 16:37:38,381 | INFO | apscheduler.executors.default | Running job "Engine._schedule_job.<locals>.<lambda> (trigger: interval[0:01:40], next run at: 2026-01-22 16:39:18 KST)" (scheduled at 2026-01-22 16:37:38.374722+09:00)
2026-01-22 16:37:38,381 | INFO | apscheduler.executors.default | Running job "Engine._schedule_job.<locals>.<lambda> (trigger: interval[0:05:00], next run at: 2026-01-22 16:42:38 KST)" (scheduled at 2026-01-22 16:37:38.375565+09:00)
2026-01-22 16:37:38,401 | INFO | executor | RUN: ['C:/Program Files (x86)/HNC/Office 2024/HOffice130/Bin/HCell.exe', 'C:\\Users\\82108\\Downloads\\검토.xlsx'] | cwd=c:\temp | timeout=60
2026-01-22 16:37:38,418 | INFO | executor | RUN: ['C:/Users/82108/AppData/Local/Programs/Python/Python313/python.exe', 'C:\\access\\mzip\\cccmp_20.py'] | cwd=c:\temp | timeout=60
2026-01-22 16:37:38,713 | INFO | engine | job done: id=4 status=FAIL
2026-01-22 16:37:38,713 | INFO | apscheduler.executors.default | Job "Engine._schedule_job.<locals>.<lambda> (trigger: interval[0:01:40], next run at: 2026-01-22 16:39:18 KST)" executed successfully
2026-01-22 16:37:43,946 | INFO | engine | job done: id=1 status=SUCCESS
2026-01-22 16:37:43,946 | INFO | apscheduler.executors.default | Job "Engine._schedule_job.<locals>.<lambda> (trigger: interval[0:05:00], next run at: 2026-01-22 16:42:38 KST)" executed successfully
2026-01-22 16:39:18,385 | INFO | apscheduler.executors.default | Running job "Engine._schedule_job.<locals>.<lambda> (trigger: interval[0:01:40], next run at: 2026-01-22 16:40:58 KST)" (scheduled at 2026-01-22 16:39:18.374722+09:00)
2026-01-22 16:39:18,407 | INFO | executor | RUN: ['C:/Users/82108/AppData/Local/Programs/Python/Python313/python.exe', 'C:\\access\\mzip\\cccmp_20.py'] | cwd=c:\temp | timeout=60
2026-01-22 16:39:18,745 | INFO | engine | job done: id=4 status=FAIL
2026-01-22 16:39:18,746 | INFO | apscheduler.executors.default | Job "Engine._schedule_job.<locals>.<lambda> (trigger: interval[0:01:40], next run at: 2026-01-22 16:40:58 KST)" executed successfully
2026-01-22 16:40:58,381 | INFO | apscheduler.executors.default | Running job "Engine._schedule_job.<locals>.<lambda> (trigger: interval[0:01:40], next run at: 2026-01-22 16:42:38 KST)" (scheduled at 2026-01-22 16:40:58.374722+09:00)
2026-01-22 16:40:58,403 | INFO | executor | RUN: ['C:/Users/82108/AppData/Local/Programs/Python/Python313/python.exe', 'C:\\access\\mzip\\cccmp_20.py'] | cwd=c:\temp | timeout=60
2026-01-22 16:40:58,608 | INFO | engine | job done: id=4 status=FAIL
2026-01-22 16:40:58,608 | INFO | apscheduler.executors.default | Job "Engine._schedule_job.<locals>.<lambda> (trigger: interval[0:01:40], next run at: 2026-01-22 16:42:38 KST)" executed successfully
2026-01-22 16:42:38,382 | INFO | apscheduler.executors.default | Running job "Engine._schedule_job.<locals>.<lambda> (trigger: interval[0:01:40], next run at: 2026-01-22 16:44:18 KST)" (scheduled at 2026-01-22 16:42:38.374722+09:00)
2026-01-22 16:42:38,386 | INFO | apscheduler.executors.default | Running job "Engine._schedule_job.<locals>.<lambda> (trigger: interval[0:05:00], next run at: 2026-01-22 16:47:38 KST)" (scheduled at 2026-01-22 16:42:38.375565+09:00)
2026-01-22 16:42:38,417 | INFO | executor | RUN: ['C:/Users/82108/AppData/Local/Programs/Python/Python313/python.exe', 'C:\\access\\mzip\\cccmp_20.py'] | cwd=c:\temp | timeout=60
2026-01-22 16:42:38,433 | INFO | executor | RUN: ['C:/Program Files (x86)/HNC/Office 2024/HOffice130/Bin/HCell.exe', 'C:\\Users\\82108\\Downloads\\검토.xlsx'] | cwd=c:\temp | timeout=60
2026-01-22 16:42:38,728 | INFO | engine | job done: id=4 status=FAIL
2026-01-22 16:42:38,729 | INFO | apscheduler.executors.default | Job "Engine._schedule_job.<locals>.<lambda> (trigger: interval[0:01:40], next run at: 2026-01-22 16:44:18 KST)" executed successfully
2026-01-22 16:43:38,612 | INFO | engine | job done: id=1 status=TIMEOUT
2026-01-22 16:43:38,612 | INFO | apscheduler.executors.default | Job "Engine._schedule_job.<locals>.<lambda> (trigger: interval[0:05:00], next run at: 2026-01-22 16:47:38 KST)" executed successfully
2026-01-22 16:44:18,391 | INFO | apscheduler.executors.default | Running job "Engine._schedule_job.<locals>.<lambda> (trigger: interval[0:01:40], next run at: 2026-01-22 16:45:58 KST)" (scheduled at 2026-01-22 16:44:18.374722+09:00)
2026-01-22 16:44:18,416 | INFO | executor | RUN: ['C:/Users/82108/AppData/Local/Programs/Python/Python313/python.exe', 'C:\\access\\mzip\\cccmp_20.py'] | cwd=c:\temp | timeout=60
2026-01-22 16:44:18,783 | INFO | engine | job done: id=4 status=FAIL
2026-01-22 16:44:18,784 | INFO | apscheduler.executors.default | Job "Engine._schedule_job.<locals>.<lambda> (trigger: interval[0:01:40], next run at: 2026-01-22 16:45:58 KST)" executed successfully
2026-01-22 16:45:58,377 | INFO | apscheduler.executors.default | Running job "Engine._schedule_job.<locals>.<lambda> (trigger: interval[0:01:40], next run at: 2026-01-22 16:47:38 KST)" (scheduled at 2026-01-22 16:45:58.374722+09:00)
2026-01-22 16:45:58,403 | INFO | executor | RUN: ['C:/Users/82108/AppData/Local/Programs/Python/Python313/python.exe', 'C:\\access\\mzip\\cccmp_20.py'] | cwd=c:\temp | timeout=60
2026-01-22 16:45:58,736 | INFO | engine | job done: id=4 status=FAIL
2026-01-22 16:45:58,737 | INFO | apscheduler.executors.default | Job "Engine._schedule_job.<locals>.<lambda> (trigger: interval[0:01:40], next run at: 2026-01-22 16:47:38 KST)" executed successfully
2026-01-22 16:47:38,393 | INFO | apscheduler.executors.default | Running job "Engine._schedule_job.<locals>.<lambda> (trigger: interval[0:01:40], next run at: 2026-01-22 16:49:18 KST)" (scheduled at 2026-01-22 16:47:38.374722+09:00)
2026-01-22 16:47:38,393 | INFO | apscheduler.executors.default | Running job "Engine._schedule_job.<locals>.<lambda> (trigger: interval[0:05:00], next run at: 2026-01-22 16:52:38 KST)" (scheduled at 2026-01-22 16:47:38.375565+09:00)
2026-01-22 16:47:38,427 | INFO | executor | RUN: ['C:/Program Files (x86)/HNC/Office 2024/HOffice130/Bin/HCell.exe', 'C:\\Users\\82108\\Downloads\\검토.xlsx'] | cwd=c:\temp | timeout=60
2026-01-22 16:47:38,443 | INFO | executor | RUN: ['C:/Users/82108/AppData/Local/Programs/Python/Python313/python.exe', 'C:\\access\\mzip\\cccmp_20.py'] | cwd=c:\temp | timeout=60
2026-01-22 16:47:38,757 | INFO | engine | job done: id=4 status=FAIL
2026-01-22 16:47:38,758 | INFO | apscheduler.executors.default | Job "Engine._schedule_job.<locals>.<lambda> (trigger: interval[0:01:40], next run at: 2026-01-22 16:49:18 KST)" executed successfully
2026-01-22 16:47:44,475 | INFO | engine | job done: id=1 status=SUCCESS
2026-01-22 16:47:44,476 | INFO | apscheduler.executors.default | Job "Engine._schedule_job.<locals>.<lambda> (trigger: interval[0:05:00], next run at: 2026-01-22 16:52:38 KST)" executed successfully
2026-01-22 16:49:18,378 | INFO | apscheduler.executors.default | Running job "Engine._schedule_job.<locals>.<lambda> (trigger: interval[0:01:40], next run at: 2026-01-22 16:50:58 KST)" (scheduled at 2026-01-22 16:49:18.374722+09:00)
2026-01-22 16:49:18,403 | INFO | executor | RUN: ['C:/Users/82108/AppData/Local/Programs/Python/Python313/python.exe', 'C:\\access\\mzip\\cccmp_20.py'] | cwd=c:\temp | timeout=60
2026-01-22 16:49:18,764 | INFO | engine | job done: id=4 status=FAIL
2026-01-22 16:49:18,765 | INFO | apscheduler.executors.default | Job "Engine._schedule_job.<locals>.<lambda> (trigger: interval[0:01:40], next run at: 2026-01-22 16:50:58 KST)" executed successfully
2026-01-22 16:50:58,378 | INFO | apscheduler.executors.default | Running job "Engine._schedule_job.<locals>.<lambda> (trigger: interval[0:01:40], next run at: 2026-01-22 16:52:38 KST)" (scheduled at 2026-01-22 16:50:58.374722+09:00)
2026-01-22 16:50:58,406 | INFO | executor | RUN: ['C:/Users/82108/AppData/Local/Programs/Python/Python313/python.exe', 'C:\\access\\mzip\\cccmp_20.py'] | cwd=c:\temp | timeout=60
2026-01-22 16:50:58,695 | INFO | engine | job done: id=4 status=FAIL
2026-01-22 16:50:58,696 | INFO | apscheduler.executors.default | Job "Engine._schedule_job.<locals>.<lambda> (trigger: interval[0:01:40], next run at: 2026-01-22 16:52:38 KST)" executed successfully
2026-01-22 16:52:38,376 | INFO | apscheduler.executors.default | Running job "Engine._schedule_job.<locals>.<lambda> (trigger: interval[0:01:40], next run at: 2026-01-22 16:54:18 KST)" (scheduled at 2026-01-22 16:52:38.374722+09:00)
2026-01-22 16:52:38,376 | INFO | apscheduler.executors.default | Running job "Engine._schedule_job.<locals>.<lambda> (trigger: interval[0:05:00], next run at: 2026-01-22 16:57:38 KST)" (scheduled at 2026-01-22 16:52:38.375565+09:00)
2026-01-22 16:52:38,404 | INFO | executor | RUN: ['C:/Users/82108/AppData/Local/Programs/Python/Python313/python.exe', 'C:\\access\\mzip\\cccmp_20.py'] | cwd=c:\temp | timeout=60
2026-01-22 16:52:38,418 | INFO | executor | RUN: ['C:/Program Files (x86)/HNC/Office 2024/HOffice130/Bin/HCell.exe', 'C:\\Users\\82108\\Downloads\\검토.xlsx'] | cwd=c:\temp | timeout=60
2026-01-22 16:52:38,726 | INFO | engine | job done: id=4 status=FAIL
2026-01-22 16:52:38,726 | INFO | apscheduler.executors.default | Job "Engine._schedule_job.<locals>.<lambda> (trigger: interval[0:01:40], next run at: 2026-01-22 16:54:18 KST)" executed successfully
2026-01-22 16:53:38,557 | INFO | engine | job done: id=1 status=TIMEOUT
2026-01-22 16:53:38,558 | INFO | apscheduler.executors.default | Job "Engine._schedule_job.<locals>.<lambda> (trigger: interval[0:05:00], next run at: 2026-01-22 16:57:38 KST)" executed successfully
2026-01-22 16:54:18,379 | INFO | apscheduler.executors.default | Running job "Engine._schedule_job.<locals>.<lambda> (trigger: interval[0:01:40], next run at: 2026-01-22 16:55:58 KST)" (scheduled at 2026-01-22 16:54:18.374722+09:00)
2026-01-22 16:54:18,403 | INFO | executor | RUN: ['C:/Users/82108/AppData/Local/Programs/Python/Python313/python.exe', 'C:\\access\\mzip\\cccmp_20.py'] | cwd=c:\temp | timeout=60
2026-01-22 16:54:18,700 | INFO | engine | job done: id=4 status=FAIL
2026-01-22 16:54:18,700 | INFO | apscheduler.executors.default | Job "Engine._schedule_job.<locals>.<lambda> (trigger: interval[0:01:40], next run at: 2026-01-22 16:55:58 KST)" executed successfully
2026-01-22 16:55:58,377 | INFO | apscheduler.executors.default | Running job "Engine._schedule_job.<locals>.<lambda> (trigger: interval[0:01:40], next run at: 2026-01-22 16:57:38 KST)" (scheduled at 2026-01-22 16:55:58.374722+09:00)
2026-01-22 16:55:58,397 | INFO | executor | RUN: ['C:/Users/82108/AppData/Local/Programs/Python/Python313/python.exe', 'C:\\access\\mzip\\cccmp_20.py'] | cwd=c:\temp | timeout=60
2026-01-22 16:55:58,708 | INFO | engine | job done: id=4 status=FAIL
2026-01-22 16:55:58,708 | INFO | apscheduler.executors.default | Job "Engine._schedule_job.<locals>.<lambda> (trigger: interval[0:01:40], next run at: 2026-01-22 16:57:38 KST)" executed successfully
2026-01-22 16:57:38,383 | INFO | apscheduler.executors.default | Running job "Engine._schedule_job.<locals>.<lambda> (trigger: interval[0:01:40], next run at: 2026-01-22 16:59:18 KST)" (scheduled at 2026-01-22 16:57:38.374722+09:00)
2026-01-22 16:57:38,384 | INFO | apscheduler.executors.default | Running job "Engine._schedule_job.<locals>.<lambda> (trigger: interval[0:05:00], next run at: 2026-01-22 17:02:38 KST)" (scheduled at 2026-01-22 16:57:38.375565+09:00)
2026-01-22 16:57:38,407 | INFO | executor | RUN: ['C:/Program Files (x86)/HNC/Office 2024/HOffice130/Bin/HCell.exe', 'C:\\Users\\82108\\Downloads\\검토.xlsx'] | cwd=c:\temp | timeout=60
2026-01-22 16:57:38,421 | INFO | executor | RUN: ['C:/Users/82108/AppData/Local/Programs/Python/Python313/python.exe', 'C:\\access\\mzip\\cccmp_20.py'] | cwd=c:\temp | timeout=60
2026-01-22 16:57:38,739 | INFO | engine | job done: id=4 status=FAIL
2026-01-22 16:57:38,740 | INFO | apscheduler.executors.default | Job "Engine._schedule_job.<locals>.<lambda> (trigger: interval[0:01:40], next run at: 2026-01-22 16:59:18 KST)" executed successfully
2026-01-22 16:57:44,716 | INFO | engine | job done: id=1 status=SUCCESS
2026-01-22 16:57:44,717 | INFO | apscheduler.executors.default | Job "Engine._schedule_job.<locals>.<lambda> (trigger: interval[0:05:00], next run at: 2026-01-22 17:02:38 KST)" executed successfully
2026-01-22 16:59:18,380 | INFO | apscheduler.executors.default | Running job "Engine._schedule_job.<locals>.<lambda> (trigger: interval[0:01:40], next run at: 2026-01-22 17:00:58 KST)" (scheduled at 2026-01-22 16:59:18.374722+09:00)
2026-01-22 16:59:18,399 | INFO | executor | RUN: ['C:/Users/82108/AppData/Local/Programs/Python/Python313/python.exe', 'C:\\access\\mzip\\cccmp_20.py'] | cwd=c:\temp | timeout=60
2026-01-22 16:59:18,719 | INFO | engine | job done: id=4 status=FAIL
2026-01-22 16:59:18,719 | INFO | apscheduler.executors.default | Job "Engine._schedule_job.<locals>.<lambda> (trigger: interval[0:01:40], next run at: 2026-01-22 17:00:58 KST)" executed successfully
2026-01-22 17:00:58,377 | INFO | apscheduler.executors.default | Running job "Engine._schedule_job.<locals>.<lambda> (trigger: interval[0:01:40], next run at: 2026-01-22 17:02:38 KST)" (scheduled at 2026-01-22 17:00:58.374722+09:00)
2026-01-22 17:00:58,403 | INFO | executor | RUN: ['C:/Users/82108/AppData/Local/Programs/Python/Python313/python.exe', 'C:\\access\\mzip\\cccmp_20.py'] | cwd=c:\temp | timeout=60
2026-01-22 17:00:58,737 | INFO | engine | job done: id=4 status=FAIL
2026-01-22 17:00:58,737 | INFO | apscheduler.executors.default | Job "Engine._schedule_job.<locals>.<lambda> (trigger: interval[0:01:40], next run at: 2026-01-22 17:02:38 KST)" executed successfully
2026-01-22 17:02:38,383 | INFO | apscheduler.executors.default | Running job "Engine._schedule_job.<locals>.<lambda> (trigger: interval[0:01:40], next run at: 2026-01-22 17:04:18 KST)" (scheduled at 2026-01-22 17:02:38.374722+09:00)
2026-01-22 17:02:38,384 | INFO | apscheduler.executors.default | Running job "Engine._schedule_job.<locals>.<lambda> (trigger: interval[0:05:00], next run at: 2026-01-22 17:07:38 KST)" (scheduled at 2026-01-22 17:02:38.375565+09:00)
2026-01-22 17:02:38,404 | INFO | executor | RUN: ['C:/Users/82108/AppData/Local/Programs/Python/Python313/python.exe', 'C:\\access\\mzip\\cccmp_20.py'] | cwd=c:\temp | timeout=60
2026-01-22 17:02:38,422 | INFO | executor | RUN: ['C:/Program Files (x86)/HNC/Office 2024/HOffice130/Bin/HCell.exe', 'C:\\Users\\82108\\Downloads\\검토.xlsx'] | cwd=c:\temp | timeout=60
2026-01-22 17:02:38,730 | INFO | engine | job done: id=4 status=FAIL
2026-01-22 17:02:38,731 | INFO | apscheduler.executors.default | Job "Engine._schedule_job.<locals>.<lambda> (trigger: interval[0:01:40], next run at: 2026-01-22 17:04:18 KST)" executed successfully
2026-01-22 17:02:56,961 | INFO | engine | job done: id=1 status=SUCCESS
2026-01-22 17:02:56,962 | INFO | apscheduler.executors.default | Job "Engine._schedule_job.<locals>.<lambda> (trigger: interval[0:05:00], next run at: 2026-01-22 17:07:38 KST)" executed successfully
2026-01-22 17:04:18,377 | INFO | apscheduler.executors.default | Running job "Engine._schedule_job.<locals>.<lambda> (trigger: interval[0:01:40], next run at: 2026-01-22 17:05:58 KST)" (scheduled at 2026-01-22 17:04:18.374722+09:00)
2026-01-22 17:04:18,403 | INFO | executor | RUN: ['C:/Users/82108/AppData/Local/Programs/Python/Python313/python.exe', 'C:\\access\\mzip\\cccmp_20.py'] | cwd=c:\temp | timeout=60
2026-01-22 17:04:18,775 | INFO | engine | job done: id=4 status=FAIL
2026-01-22 17:04:18,777 | INFO | apscheduler.executors.default | Job "Engine._schedule_job.<locals>.<lambda> (trigger: interval[0:01:40], next run at: 2026-01-22 17:05:58 KST)" executed successfully
2026-01-22 17:05:58,386 | INFO | apscheduler.executors.default | Running job "Engine._schedule_job.<locals>.<lambda> (trigger: interval[0:01:40], next run at: 2026-01-22 17:07:38 KST)" (scheduled at 2026-01-22 17:05:58.374722+09:00)
2026-01-22 17:05:58,398 | INFO | executor | RUN: ['C:/Users/82108/AppData/Local/Programs/Python/Python313/python.exe', 'C:\\access\\mzip\\cccmp_20.py'] | cwd=c:\temp | timeout=60
2026-01-22 17:05:58,676 | INFO | engine | job done: id=4 status=FAIL
2026-01-22 17:05:58,676 | INFO | apscheduler.executors.default | Job "Engine._schedule_job.<locals>.<lambda> (trigger: interval[0:01:40], next run at: 2026-01-22 17:07:38 KST)" executed successfully
2026-01-22 17:07:38,378 | INFO | apscheduler.executors.default | Running job "Engine._schedule_job.<locals>.<lambda> (trigger: interval[0:05:00], next run at: 2026-01-22 17:12:38 KST)" (scheduled at 2026-01-22 17:07:38.375565+09:00)
2026-01-22 17:07:38,378 | INFO | apscheduler.executors.default | Running job "Engine._schedule_job.<locals>.<lambda> (trigger: interval[0:01:40], next run at: 2026-01-22 17:09:18 KST)" (scheduled at 2026-01-22 17:07:38.374722+09:00)
2026-01-22 17:07:38,401 | INFO | executor | RUN: ['C:/Program Files (x86)/HNC/Office 2024/HOffice130/Bin/HCell.exe', 'C:\\Users\\82108\\Downloads\\검토.xlsx'] | cwd=c:\temp | timeout=60
2026-01-22 17:07:38,418 | INFO | executor | RUN: ['C:/Users/82108/AppData/Local/Programs/Python/Python313/python.exe', 'C:\\access\\mzip\\cccmp_20.py'] | cwd=c:\temp | timeout=60
2026-01-22 17:07:38,718 | INFO | engine | job done: id=4 status=FAIL
2026-01-22 17:07:38,721 | INFO | apscheduler.executors.default | Job "Engine._schedule_job.<locals>.<lambda> (trigger: interval[0:01:40], next run at: 2026-01-22 17:09:18 KST)" executed successfully
2026-01-22 17:08:05,805 | INFO | apscheduler.scheduler | Added job "Engine._schedule_job.<locals>.<lambda>" to job store "default"
2026-01-22 17:08:05,807 | INFO | apscheduler.scheduler | Added job "Engine._schedule_job.<locals>.<lambda>" to job store "default"
2026-01-22 17:08:05,809 | INFO | apscheduler.scheduler | Added job "Engine._schedule_job.<locals>.<lambda>" to job store "default"
2026-01-22 17:08:05,810 | INFO | apscheduler.scheduler | Added job "Engine._schedule_job.<locals>.<lambda>" to job store "default"
2026-01-22 17:08:05,811 | INFO | engine | jobs reloaded: 4
2026-01-22 17:08:30,499 | INFO | engine | job done: id=1 status=SUCCESS
2026-01-22 17:08:30,499 | INFO | apscheduler.executors.default | Job "Engine._schedule_job.<locals>.<lambda> (trigger: interval[0:05:00], next run at: 2026-01-22 17:12:38 KST)" executed successfully
2026-01-22 17:09:05,814 | INFO | apscheduler.executors.default | Running job "Engine._schedule_job.<locals>.<lambda> (trigger: interval[0:01:00], next run at: 2026-01-22 17:10:05 KST)" (scheduled at 2026-01-22 17:09:05.804021+09:00)
2026-01-22 17:09:05,833 | INFO | executor | RUN: ['C:/access/rpa/chat_with_gemini.py'] | cwd=C:/access/rpa | timeout=60
2026-01-22 17:09:05,843 | INFO | apscheduler.executors.default | Job "Engine._schedule_job.<locals>.<lambda> (trigger: interval[0:01:00], next run at: 2026-01-22 17:10:05 KST)" executed successfully
2026-01-22 17:09:45,814 | INFO | apscheduler.executors.default | Running job "Engine._schedule_job.<locals>.<lambda> (trigger: interval[0:01:40], next run at: 2026-01-22 17:11:25 KST)" (scheduled at 2026-01-22 17:09:45.807418+09:00)
2026-01-22 17:09:45,822 | INFO | executor | RUN: ['C:/Users/82108/AppData/Local/Programs/Python/Python313/python.exe', 'C:\\access\\mzip\\cccmp_20.py'] | cwd=c:\temp | timeout=60
2026-01-22 17:09:46,113 | INFO | engine | job done: id=4 status=FAIL
2026-01-22 17:09:46,113 | INFO | apscheduler.executors.default | Job "Engine._schedule_job.<locals>.<lambda> (trigger: interval[0:01:40], next run at: 2026-01-22 17:11:25 KST)" executed successfully
2026-01-22 17:09:50,842 | INFO | apscheduler.scheduler | Added job "Engine._schedule_job.<locals>.<lambda>" to job store "default"
2026-01-22 17:09:50,844 | INFO | apscheduler.scheduler | Added job "Engine._schedule_job.<locals>.<lambda>" to job store "default"
2026-01-22 17:09:50,847 | INFO | apscheduler.scheduler | Added job "Engine._schedule_job.<locals>.<lambda>" to job store "default"
2026-01-22 17:09:50,848 | INFO | apscheduler.scheduler | Added job "Engine._schedule_job.<locals>.<lambda>" to job store "default"
2026-01-22 17:09:50,849 | INFO | engine | jobs reloaded: 4
2026-01-22 17:10:50,844 | INFO | apscheduler.executors.default | Running job "Engine._schedule_job.<locals>.<lambda> (trigger: interval[0:01:00], next run at: 2026-01-22 17:11:50 KST)" (scheduled at 2026-01-22 17:10:50.842449+09:00)
2026-01-22 17:10:50,867 | INFO | executor | RUN: ['C:/access/rpa/chat_with_gemini.py', 'C:/access/rpa/chat_with_gemini.py'] | cwd=C:/access/rpa | timeout=60
2026-01-22 17:10:50,877 | INFO | apscheduler.executors.default | Job "Engine._schedule_job.<locals>.<lambda> (trigger: interval[0:01:00], next run at: 2026-01-22 17:11:50 KST)" executed successfully
2026-01-22 17:11:30,859 | INFO | apscheduler.executors.default | Running job "Engine._schedule_job.<locals>.<lambda> (trigger: interval[0:01:40], next run at: 2026-01-22 17:13:10 KST)" (scheduled at 2026-01-22 17:11:30.844624+09:00)
2026-01-22 17:11:30,876 | INFO | executor | RUN: ['C:/Users/82108/AppData/Local/Programs/Python/Python313/python.exe', 'C:\\access\\mzip\\cccmp_20.py'] | cwd=c:\temp | timeout=60
2026-01-22 17:11:31,187 | INFO | engine | job done: id=4 status=FAIL
2026-01-22 17:11:31,187 | INFO | apscheduler.executors.default | Job "Engine._schedule_job.<locals>.<lambda> (trigger: interval[0:01:40], next run at: 2026-01-22 17:13:10 KST)" executed successfully
2026-01-22 17:11:50,847 | INFO | apscheduler.executors.default | Running job "Engine._schedule_job.<locals>.<lambda> (trigger: interval[0:01:00], next run at: 2026-01-22 17:12:50 KST)" (scheduled at 2026-01-22 17:11:50.842449+09:00)
2026-01-22 17:11:50,855 | INFO | executor | RUN: ['C:/access/rpa/chat_with_gemini.py', 'C:/access/rpa/chat_with_gemini.py'] | cwd=C:/access/rpa | timeout=60
2026-01-22 17:11:50,864 | INFO | apscheduler.executors.default | Job "Engine._schedule_job.<locals>.<lambda> (trigger: interval[0:01:00], next run at: 2026-01-22 17:12:50 KST)" executed successfully
2026-01-22 17:11:56,718 | INFO | apscheduler.scheduler | Added job "Engine._schedule_job.<locals>.<lambda>" to job store "default"
2026-01-22 17:11:56,720 | INFO | apscheduler.scheduler | Added job "Engine._schedule_job.<locals>.<lambda>" to job store "default"
2026-01-22 17:11:56,722 | INFO | apscheduler.scheduler | Added job "Engine._schedule_job.<locals>.<lambda>" to job store "default"
2026-01-22 17:11:56,723 | INFO | apscheduler.scheduler | Added job "Engine._schedule_job.<locals>.<lambda>" to job store "default"
2026-01-22 17:11:56,724 | INFO | engine | jobs reloaded: 4
2026-01-22 17:11:59,993 | INFO | executor | RUN: ['C:\\Users\\82108\\AppData\\Local\\Programs\\Python\\Python313\\python.exe', 'C:/access/rpa/chat_with_gemini.py'] | cwd=C:/access/rpa | timeout=60
2026-01-22 17:12:12,021 | INFO | engine | job done: id=5 status=SUCCESS
2026-01-22 17:12:55,823 | INFO | apscheduler.scheduler | Added job "Engine._schedule_job.<locals>.<lambda>" to job store "default"
2026-01-22 17:12:55,825 | INFO | apscheduler.scheduler | Added job "Engine._schedule_job.<locals>.<lambda>" to job store "default"
2026-01-22 17:12:55,827 | INFO | apscheduler.scheduler | Added job "Engine._schedule_job.<locals>.<lambda>" to job store "default"
2026-01-22 17:12:55,828 | INFO | apscheduler.scheduler | Added job "Engine._schedule_job.<locals>.<lambda>" to job store "default"
2026-01-22 17:12:55,829 | INFO | engine | jobs reloaded: 4
2026-01-22 17:13:55,828 | INFO | apscheduler.executors.default | Running job "Engine._schedule_job.<locals>.<lambda> (trigger: interval[0:01:00], next run at: 2026-01-22 17:14:55 KST)" (scheduled at 2026-01-22 17:13:55.823085+09:00)
2026-01-22 17:13:55,849 | INFO | executor | RUN: ['C:\\Users\\82108\\AppData\\Local\\Programs\\Python\\Python313\\python.exe', 'C:/access/rpa/chat_with_gemini.py'] | cwd=C:/access/rpa | timeout=60
2026-01-22 17:14:06,662 | INFO | engine | job done: id=5 status=SUCCESS
2026-01-22 17:14:06,663 | INFO | apscheduler.executors.default | Job "Engine._schedule_job.<locals>.<lambda> (trigger: interval[0:01:00], next run at: 2026-01-22 17:14:55 KST)" executed successfully
2026-01-22 17:14:35,829 | INFO | apscheduler.executors.default | Running job "Engine._schedule_job.<locals>.<lambda> (trigger: interval[0:01:40], next run at: 2026-01-22 17:16:15 KST)" (scheduled at 2026-01-22 17:14:35.825246+09:00)
2026-01-22 17:14:35,850 | INFO | executor | RUN: ['C:/Users/82108/AppData/Local/Programs/Python/Python313/python.exe', 'C:\\access\\mzip\\cccmp_20.py'] | cwd=c:\temp | timeout=60
2026-01-22 17:14:36,157 | INFO | engine | job done: id=4 status=FAIL
2026-01-22 17:14:36,157 | INFO | apscheduler.executors.default | Job "Engine._schedule_job.<locals>.<lambda> (trigger: interval[0:01:40], next run at: 2026-01-22 17:16:15 KST)" executed successfully
2026-01-22 17:14:55,828 | INFO | apscheduler.executors.default | Running job "Engine._schedule_job.<locals>.<lambda> (trigger: interval[0:01:00], next run at: 2026-01-22 17:15:55 KST)" (scheduled at 2026-01-22 17:14:55.823085+09:00)
2026-01-22 17:14:55,843 | INFO | executor | RUN: ['C:\\Users\\82108\\AppData\\Local\\Programs\\Python\\Python313\\python.exe', 'C:/access/rpa/chat_with_gemini.py'] | cwd=C:/access/rpa | timeout=60
2026-01-22 17:15:05,009 | INFO | engine | job done: id=5 status=SUCCESS
2026-01-22 17:15:05,010 | INFO | apscheduler.executors.default | Job "Engine._schedule_job.<locals>.<lambda> (trigger: interval[0:01:00], next run at: 2026-01-22 17:15:55 KST)" executed successfully
2026-01-22 17:15:55,844 | INFO | apscheduler.executors.default | Running job "Engine._schedule_job.<locals>.<lambda> (trigger: interval[0:01:00], next run at: 2026-01-22 17:16:55 KST)" (scheduled at 2026-01-22 17:15:55.823085+09:00)
2026-01-22 17:15:55,866 | INFO | executor | RUN: ['C:\\Users\\82108\\AppData\\Local\\Programs\\Python\\Python313\\python.exe', 'C:/access/rpa/chat_with_gemini.py'] | cwd=C:/access/rpa | timeout=60
2026-01-22 17:16:06,911 | INFO | engine | job done: id=5 status=SUCCESS
2026-01-22 17:16:06,913 | INFO | apscheduler.executors.default | Job "Engine._schedule_job.<locals>.<lambda> (trigger: interval[0:01:00], next run at: 2026-01-22 17:16:55 KST)" executed successfully
2026-01-22 17:16:15,829 | INFO | apscheduler.executors.default | Running job "Engine._schedule_job.<locals>.<lambda> (trigger: interval[0:01:40], next run at: 2026-01-22 17:17:55 KST)" (scheduled at 2026-01-22 17:16:15.825246+09:00)
2026-01-22 17:16:15,855 | INFO | executor | RUN: ['C:/Users/82108/AppData/Local/Programs/Python/Python313/python.exe', 'C:\\access\\mzip\\cccmp_20.py'] | cwd=c:\temp | timeout=60
2026-01-22 17:16:16,184 | INFO | engine | job done: id=4 status=FAIL
2026-01-22 17:16:16,184 | INFO | apscheduler.executors.default | Job "Engine._schedule_job.<locals>.<lambda> (trigger: interval[0:01:40], next run at: 2026-01-22 17:17:55 KST)" executed successfully
2026-01-22 17:16:55,828 | INFO | apscheduler.executors.default | Running job "Engine._schedule_job.<locals>.<lambda> (trigger: interval[0:01:00], next run at: 2026-01-22 17:17:55 KST)" (scheduled at 2026-01-22 17:16:55.823085+09:00)
2026-01-22 17:16:55,848 | INFO | executor | RUN: ['C:\\Users\\82108\\AppData\\Local\\Programs\\Python\\Python313\\python.exe', 'C:/access/rpa/chat_with_gemini.py'] | cwd=C:/access/rpa | timeout=60
2026-01-22 17:17:07,536 | INFO | engine | job done: id=5 status=SUCCESS
2026-01-22 17:17:07,537 | INFO | apscheduler.executors.default | Job "Engine._schedule_job.<locals>.<lambda> (trigger: interval[0:01:00], next run at: 2026-01-22 17:17:55 KST)" executed successfully
2026-01-22 17:17:55,830 | INFO | apscheduler.executors.default | Running job "Engine._schedule_job.<locals>.<lambda> (trigger: interval[0:01:00], next run at: 2026-01-22 17:18:55 KST)" (scheduled at 2026-01-22 17:17:55.823085+09:00)
2026-01-22 17:17:55,831 | INFO | apscheduler.executors.default | Running job "Engine._schedule_job.<locals>.<lambda> (trigger: interval[0:05:00], next run at: 2026-01-22 17:17:55 KST)" (scheduled at 2026-01-22 17:17:55.828144+09:00)
2026-01-22 17:17:55,832 | INFO | apscheduler.executors.default | Running job "Engine._schedule_job.<locals>.<lambda> (trigger: interval[0:01:40], next run at: 2026-01-22 17:19:35 KST)" (scheduled at 2026-01-22 17:17:55.825246+09:00)
2026-01-22 17:17:55,851 | INFO | executor | RUN: ['C:\\Users\\82108\\AppData\\Local\\Programs\\Python\\Python313\\python.exe', 'C:/access/rpa/chat_with_gemini.py'] | cwd=C:/access/rpa | timeout=60
2026-01-22 17:17:55,868 | INFO | executor | RUN: ['C:/Program Files (x86)/HNC/Office 2024/HOffice130/Bin/HCell.exe', 'C:\\Users\\82108\\Downloads\\검토.xlsx'] | cwd=c:\temp | timeout=60
2026-01-22 17:17:55,881 | INFO | executor | RUN: ['C:/Users/82108/AppData/Local/Programs/Python/Python313/python.exe', 'C:\\access\\mzip\\cccmp_20.py'] | cwd=c:\temp | timeout=60
2026-01-22 17:17:56,204 | INFO | engine | job done: id=4 status=FAIL
2026-01-22 17:17:56,205 | INFO | apscheduler.executors.default | Job "Engine._schedule_job.<locals>.<lambda> (trigger: interval[0:01:40], next run at: 2026-01-22 17:19:35 KST)" executed successfully
2026-01-22 17:18:05,597 | INFO | engine | job done: id=5 status=SUCCESS
2026-01-22 17:18:05,598 | INFO | apscheduler.executors.default | Job "Engine._schedule_job.<locals>.<lambda> (trigger: interval[0:01:00], next run at: 2026-01-22 17:18:55 KST)" executed successfully
2026-01-22 17:18:41,382 | INFO | engine | job done: id=1 status=SUCCESS
2026-01-22 17:18:41,383 | INFO | apscheduler.executors.default | Job "Engine._schedule_job.<locals>.<lambda> (trigger: interval[0:05:00], next run at: 2026-01-22 17:22:55 KST)" executed successfully
2026-01-22 17:18:55,836 | INFO | apscheduler.executors.default | Running job "Engine._schedule_job.<locals>.<lambda> (trigger: interval[0:01:00], next run at: 2026-01-22 17:19:55 KST)" (scheduled at 2026-01-22 17:18:55.823085+09:00)
2026-01-22 17:18:55,859 | INFO | executor | RUN: ['C:\\Users\\82108\\AppData\\Local\\Programs\\Python\\Python313\\python.exe', 'C:/access/rpa/chat_with_gemini.py'] | cwd=C:/access/rpa | timeout=60
2026-01-22 17:19:07,167 | INFO | engine | job done: id=5 status=SUCCESS
2026-01-22 17:19:07,168 | INFO | apscheduler.executors.default | Job "Engine._schedule_job.<locals>.<lambda> (trigger: interval[0:01:00], next run at: 2026-01-22 17:19:55 KST)" executed successfully
2026-01-22 17:19:35,829 | INFO | apscheduler.executors.default | Running job "Engine._schedule_job.<locals>.<lambda> (trigger: interval[0:01:40], next run at: 2026-01-22 17:21:15 KST)" (scheduled at 2026-01-22 17:19:35.825246+09:00)
2026-01-22 17:19:35,840 | INFO | executor | RUN: ['C:/Users/82108/AppData/Local/Programs/Python/Python313/python.exe', 'C:\\access\\mzip\\cccmp_20.py'] | cwd=c:\temp | timeout=60
2026-01-22 17:19:36,040 | INFO | engine | job done: id=4 status=FAIL
2026-01-22 17:19:36,040 | INFO | apscheduler.executors.default | Job "Engine._schedule_job.<locals>.<lambda> (trigger: interval[0:01:40], next run at: 2026-01-22 17:21:15 KST)" executed successfully
2026-01-22 17:19:55,825 | INFO | apscheduler.executors.default | Running job "Engine._schedule_job.<locals>.<lambda> (trigger: interval[0:01:00], next run at: 2026-01-22 17:20:55 KST)" (scheduled at 2026-01-22 17:19:55.823085+09:00)
2026-01-22 17:19:55,838 | INFO | executor | RUN: ['C:\\Users\\82108\\AppData\\Local\\Programs\\Python\\Python313\\python.exe', 'C:/access/rpa/chat_with_gemini.py'] | cwd=C:/access/rpa | timeout=60
2026-01-22 17:20:05,701 | INFO | engine | job done: id=5 status=SUCCESS
2026-01-22 17:20:05,704 | INFO | apscheduler.executors.default | Job "Engine._schedule_job.<locals>.<lambda> (trigger: interval[0:01:00], next run at: 2026-01-22 17:20:55 KST)" executed successfully
2026-01-22 17:20:55,828 | INFO | apscheduler.executors.default | Running job "Engine._schedule_job.<locals>.<lambda> (trigger: interval[0:01:00], next run at: 2026-01-22 17:21:55 KST)" (scheduled at 2026-01-22 17:20:55.823085+09:00)
2026-01-22 17:20:55,838 | INFO | executor | RUN: ['C:\\Users\\82108\\AppData\\Local\\Programs\\Python\\Python313\\python.exe', 'C:/access/rpa/chat_with_gemini.py'] | cwd=C:/access/rpa | timeout=60
2026-01-22 17:21:07,807 | INFO | engine | job done: id=5 status=SUCCESS
2026-01-22 17:21:07,807 | INFO | apscheduler.executors.default | Job "Engine._schedule_job.<locals>.<lambda> (trigger: interval[0:01:00], next run at: 2026-01-22 17:21:55 KST)" executed successfully
2026-01-22 17:21:15,833 | INFO | apscheduler.executors.default | Running job "Engine._schedule_job.<locals>.<lambda> (trigger: interval[0:01:40], next run at: 2026-01-22 17:22:55 KST)" (scheduled at 2026-01-22 17:21:15.825246+09:00)
2026-01-22 17:21:15,845 | INFO | executor | RUN: ['C:/Users/82108/AppData/Local/Programs/Python/Python313/python.exe', 'C:\\access\\mzip\\cccmp_20.py'] | cwd=c:\temp | timeout=60
2026-01-22 17:21:16,172 | INFO | engine | job done: id=4 status=FAIL
2026-01-22 17:21:16,172 | INFO | apscheduler.executors.default | Job "Engine._schedule_job.<locals>.<lambda> (trigger: interval[0:01:40], next run at: 2026-01-22 17:22:55 KST)" executed successfully
2026-01-22 17:21:55,828 | INFO | apscheduler.executors.default | Running job "Engine._schedule_job.<locals>.<lambda> (trigger: interval[0:01:00], next run at: 2026-01-22 17:22:55 KST)" (scheduled at 2026-01-22 17:21:55.823085+09:00)
2026-01-22 17:21:55,848 | INFO | executor | RUN: ['C:\\Users\\82108\\AppData\\Local\\Programs\\Python\\Python313\\python.exe', 'C:/access/rpa/chat_with_gemini.py'] | cwd=C:/access/rpa | timeout=60
2026-01-22 17:22:05,401 | INFO | engine | job done: id=5 status=SUCCESS
2026-01-22 17:22:05,402 | INFO | apscheduler.executors.default | Job "Engine._schedule_job.<locals>.<lambda> (trigger: interval[0:01:00], next run at: 2026-01-22 17:22:55 KST)" executed successfully
2026-01-22 17:22:55,831 | INFO | apscheduler.executors.default | Running job "Engine._schedule_job.<locals>.<lambda> (trigger: interval[0:01:00], next run at: 2026-01-22 17:23:55 KST)" (scheduled at 2026-01-22 17:22:55.823085+09:00)
2026-01-22 17:22:55,831 | INFO | apscheduler.executors.default | Running job "Engine._schedule_job.<locals>.<lambda> (trigger: interval[0:05:00], next run at: 2026-01-22 17:27:55 KST)" (scheduled at 2026-01-22 17:22:55.828144+09:00)
2026-01-22 17:22:55,831 | INFO | apscheduler.executors.default | Running job "Engine._schedule_job.<locals>.<lambda> (trigger: interval[0:01:40], next run at: 2026-01-22 17:24:35 KST)" (scheduled at 2026-01-22 17:22:55.825246+09:00)
2026-01-22 17:22:55,867 | INFO | executor | RUN: ['C:/Program Files (x86)/HNC/Office 2024/HOffice130/Bin/HCell.exe', 'C:\\Users\\82108\\Downloads\\검토.xlsx'] | cwd=c:\temp | timeout=60
2026-01-22 17:22:55,879 | INFO | executor | RUN: ['C:/Users/82108/AppData/Local/Programs/Python/Python313/python.exe', 'C:\\access\\mzip\\cccmp_20.py'] | cwd=c:\temp | timeout=60
2026-01-22 17:22:55,896 | INFO | executor | RUN: ['C:\\Users\\82108\\AppData\\Local\\Programs\\Python\\Python313\\python.exe', 'C:/access/rpa/chat_with_gemini.py'] | cwd=C:/access/rpa | timeout=60
2026-01-22 17:22:56,184 | INFO | engine | job done: id=4 status=FAIL
2026-01-22 17:22:56,185 | INFO | apscheduler.executors.default | Job "Engine._schedule_job.<locals>.<lambda> (trigger: interval[0:01:40], next run at: 2026-01-22 17:24:35 KST)" executed successfully
2026-01-22 17:23:08,767 | INFO | engine | job done: id=5 status=SUCCESS
2026-01-22 17:23:08,770 | INFO | apscheduler.executors.default | Job "Engine._schedule_job.<locals>.<lambda> (trigger: interval[0:01:00], next run at: 2026-01-22 17:23:55 KST)" executed successfully
2026-01-22 17:23:55,832 | INFO | apscheduler.executors.default | Running job "Engine._schedule_job.<locals>.<lambda> (trigger: interval[0:01:00], next run at: 2026-01-22 17:24:55 KST)" (scheduled at 2026-01-22 17:23:55.823085+09:00)
2026-01-22 17:23:55,854 | INFO | executor | RUN: ['C:\\Users\\82108\\AppData\\Local\\Programs\\Python\\Python313\\python.exe', 'C:/access/rpa/chat_with_gemini.py'] | cwd=C:/access/rpa | timeout=60
2026-01-22 17:23:55,974 | INFO | engine | job done: id=1 status=TIMEOUT
2026-01-22 17:23:55,974 | INFO | apscheduler.executors.default | Job "Engine._schedule_job.<locals>.<lambda> (trigger: interval[0:05:00], next run at: 2026-01-22 17:27:55 KST)" executed successfully
2026-01-22 17:24:06,215 | INFO | engine | job done: id=5 status=SUCCESS
2026-01-22 17:24:06,215 | INFO | apscheduler.executors.default | Job "Engine._schedule_job.<locals>.<lambda> (trigger: interval[0:01:00], next run at: 2026-01-22 17:24:55 KST)" executed successfully
2026-01-22 17:24:30,135 | INFO | apscheduler.scheduler | Scheduler has been shut down
2026-01-22 17:24:30,136 | INFO | engine | scheduler stopped
2026-01-22 17:24:33,259 | INFO | apscheduler.scheduler | Scheduler started
2026-01-22 17:24:33,261 | INFO | engine | scheduler started
2026-01-22 17:24:33,261 | INFO | apscheduler.scheduler | Added job "Engine._schedule_job.<locals>.<lambda>" to job store "default"
2026-01-22 17:24:33,262 | INFO | apscheduler.scheduler | Added job "Engine._schedule_job.<locals>.<lambda>" to job store "default"
2026-01-22 17:24:33,262 | INFO | apscheduler.scheduler | Added job "Engine._schedule_job.<locals>.<lambda>" to job store "default"
2026-01-22 17:24:33,263 | INFO | apscheduler.scheduler | Added job "Engine._schedule_job.<locals>.<lambda>" to job store "default"
2026-01-22 17:24:33,263 | INFO | engine | jobs reloaded: 4
2026-01-22 17:24:33,293 | INFO | apscheduler.scheduler | Added job "Engine._schedule_job.<locals>.<lambda>" to job store "default"
2026-01-22 17:24:33,294 | INFO | apscheduler.scheduler | Added job "Engine._schedule_job.<locals>.<lambda>" to job store "default"
2026-01-22 17:24:33,294 | INFO | apscheduler.scheduler | Added job "Engine._schedule_job.<locals>.<lambda>" to job store "default"
2026-01-22 17:24:33,294 | INFO | apscheduler.scheduler | Added job "Engine._schedule_job.<locals>.<lambda>" to job store "default"
2026-01-22 17:24:33,294 | INFO | engine | jobs reloaded: 4
2026-01-22 17:25:33,300 | INFO | apscheduler.executors.default | Running job "Engine._schedule_job.<locals>.<lambda> (trigger: interval[0:01:00], next run at: 2026-01-22 17:25:33 KST)" (scheduled at 2026-01-22 17:25:33.293490+09:00)
2026-01-22 17:25:33,334 | INFO | executor | RUN: ['C:\\Users\\82108\\AppData\\Local\\Programs\\Python\\Python313\\python.exe', 'C:/access/rpa/chat_with_gemini.py'] | cwd=C:/access/rpa | timeout=60
2026-01-22 17:25:43,041 | INFO | engine | job done: id=5 status=SUCCESS
2026-01-22 17:25:43,042 | INFO | apscheduler.executors.default | Job "Engine._schedule_job.<locals>.<lambda> (trigger: interval[0:01:00], next run at: 2026-01-22 17:26:33 KST)" executed successfully
2026-01-22 17:26:13,297 | INFO | apscheduler.executors.default | Running job "Engine._schedule_job.<locals>.<lambda> (trigger: interval[0:01:40], next run at: 2026-01-22 17:27:53 KST)" (scheduled at 2026-01-22 17:26:13.293934+09:00)
2026-01-22 17:26:13,331 | INFO | executor | RUN: ['C:/Users/82108/AppData/Local/Programs/Python/Python313/python.exe', 'C:\\access\\mzip\\cccmp_20.py'] | cwd=c:\temp | timeout=60
2026-01-22 17:26:13,678 | INFO | engine | job done: id=4 status=FAIL
2026-01-22 17:26:13,678 | INFO | apscheduler.executors.default | Job "Engine._schedule_job.<locals>.<lambda> (trigger: interval[0:01:40], next run at: 2026-01-22 17:27:53 KST)" executed successfully
2026-01-22 17:26:33,298 | INFO | apscheduler.executors.default | Running job "Engine._schedule_job.<locals>.<lambda> (trigger: interval[0:01:00], next run at: 2026-01-22 17:27:33 KST)" (scheduled at 2026-01-22 17:26:33.293490+09:00)
2026-01-22 17:26:33,332 | INFO | executor | RUN: ['C:\\Users\\82108\\AppData\\Local\\Programs\\Python\\Python313\\python.exe', 'C:/access/rpa/chat_with_gemini.py'] | cwd=C:/access/rpa | timeout=60
2026-01-22 17:26:45,113 | INFO | engine | job done: id=5 status=SUCCESS
2026-01-22 17:26:45,114 | INFO | apscheduler.executors.default | Job "Engine._schedule_job.<locals>.<lambda> (trigger: interval[0:01:00], next run at: 2026-01-22 17:27:33 KST)" executed successfully
2026-01-22 17:27:33,305 | INFO | apscheduler.executors.default | Running job "Engine._schedule_job.<locals>.<lambda> (trigger: interval[0:01:00], next run at: 2026-01-22 17:28:33 KST)" (scheduled at 2026-01-22 17:27:33.293490+09:00)
2026-01-22 17:27:33,312 | INFO | executor | RUN: ['C:\\Users\\82108\\AppData\\Local\\Programs\\Python\\Python313\\python.exe', 'C:/access/rpa/chat_with_gemini.py'] | cwd=C:/access/rpa | timeout=60
2026-01-22 17:27:41,419 | INFO | engine | job done: id=5 status=SUCCESS
2026-01-22 17:27:41,420 | INFO | apscheduler.executors.default | Job "Engine._schedule_job.<locals>.<lambda> (trigger: interval[0:01:00], next run at: 2026-01-22 17:28:33 KST)" executed successfully
2026-01-22 17:27:53,326 | INFO | apscheduler.executors.default | Running job "Engine._schedule_job.<locals>.<lambda> (trigger: interval[0:01:40], next run at: 2026-01-22 17:29:33 KST)" (scheduled at 2026-01-22 17:27:53.293934+09:00)
2026-01-22 17:27:53,345 | INFO | executor | RUN: ['C:/Users/82108/AppData/Local/Programs/Python/Python313/python.exe', 'C:\\access\\mzip\\cccmp_20.py'] | cwd=c:\temp | timeout=60
2026-01-22 17:27:53,686 | INFO | engine | job done: id=4 status=FAIL
2026-01-22 17:27:53,687 | INFO | apscheduler.executors.default | Job "Engine._schedule_job.<locals>.<lambda> (trigger: interval[0:01:40], next run at: 2026-01-22 17:29:33 KST)" executed successfully
2026-01-22 17:28:33,300 | INFO | apscheduler.executors.default | Running job "Engine._schedule_job.<locals>.<lambda> (trigger: interval[0:01:00], next run at: 2026-01-22 17:29:33 KST)" (scheduled at 2026-01-22 17:28:33.293490+09:00)
2026-01-22 17:28:33,338 | INFO | executor | RUN: ['C:\\Users\\82108\\AppData\\Local\\Programs\\Python\\Python313\\python.exe', 'C:/access/rpa/chat_with_gemini.py'] | cwd=C:/access/rpa | timeout=60
2026-01-22 17:28:44,401 | INFO | engine | job done: id=5 status=SUCCESS
2026-01-22 17:28:44,402 | INFO | apscheduler.executors.default | Job "Engine._schedule_job.<locals>.<lambda> (trigger: interval[0:01:00], next run at: 2026-01-22 17:29:33 KST)" executed successfully
2026-01-22 17:29:33,299 | INFO | apscheduler.executors.default | Running job "Engine._schedule_job.<locals>.<lambda> (trigger: interval[0:01:00], next run at: 2026-01-22 17:30:33 KST)" (scheduled at 2026-01-22 17:29:33.293490+09:00)
2026-01-22 17:29:33,302 | INFO | apscheduler.executors.default | Running job "Engine._schedule_job.<locals>.<lambda> (trigger: interval[0:01:40], next run at: 2026-01-22 17:29:33 KST)" (scheduled at 2026-01-22 17:29:33.293934+09:00)
2026-01-22 17:29:33,303 | INFO | apscheduler.executors.default | Running job "Engine._schedule_job.<locals>.<lambda> (trigger: interval[0:05:00], next run at: 2026-01-22 17:29:33 KST)" (scheduled at 2026-01-22 17:29:33.294768+09:00)
2026-01-22 17:29:33,636 | INFO | executor | RUN: ['C:/Users/82108/AppData/Local/Programs/Python/Python313/python.exe', 'C:\\access\\mzip\\cccmp_20.py'] | cwd=c:\temp | timeout=60
2026-01-22 17:29:33,647 | INFO | executor | RUN: ['C:\\Users\\82108\\AppData\\Local\\Programs\\Python\\Python313\\python.exe', 'C:/access/rpa/chat_with_gemini.py'] | cwd=C:/access/rpa | timeout=60
2026-01-22 17:29:33,660 | INFO | executor | RUN: ['C:/Program Files (x86)/HNC/Office 2024/HOffice130/Bin/HCell.exe', 'C:\\Users\\82108\\Downloads\\검토.xlsx'] | cwd=c:\temp | timeout=60
2026-01-22 17:29:33,859 | INFO | engine | job done: id=4 status=FAIL
2026-01-22 17:29:33,859 | INFO | apscheduler.executors.default | Job "Engine._schedule_job.<locals>.<lambda> (trigger: interval[0:01:40], next run at: 2026-01-22 17:31:13 KST)" executed successfully
2026-01-22 17:29:44,080 | INFO | engine | job done: id=5 status=SUCCESS
2026-01-22 17:29:44,081 | INFO | apscheduler.executors.default | Job "Engine._schedule_job.<locals>.<lambda> (trigger: interval[0:01:00], next run at: 2026-01-22 17:30:33 KST)" executed successfully
2026-01-22 17:30:33,297 | INFO | apscheduler.executors.default | Running job "Engine._schedule_job.<locals>.<lambda> (trigger: interval[0:01:00], next run at: 2026-01-22 17:31:33 KST)" (scheduled at 2026-01-22 17:30:33.293490+09:00)
2026-01-22 17:30:33,316 | INFO | executor | RUN: ['C:\\Users\\82108\\AppData\\Local\\Programs\\Python\\Python313\\python.exe', 'C:/access/rpa/chat_with_gemini.py'] | cwd=C:/access/rpa | timeout=60
2026-01-22 17:30:33,808 | INFO | engine | job done: id=1 status=TIMEOUT
2026-01-22 17:30:33,809 | INFO | apscheduler.executors.default | Job "Engine._schedule_job.<locals>.<lambda> (trigger: interval[0:05:00], next run at: 2026-01-22 17:34:33 KST)" executed successfully
2026-01-22 17:30:46,477 | INFO | engine | job done: id=5 status=SUCCESS
2026-01-22 17:30:46,477 | INFO | apscheduler.executors.default | Job "Engine._schedule_job.<locals>.<lambda> (trigger: interval[0:01:00], next run at: 2026-01-22 17:31:33 KST)" executed successfully
2026-01-22 17:31:13,295 | INFO | apscheduler.executors.default | Running job "Engine._schedule_job.<locals>.<lambda> (trigger: interval[0:01:40], next run at: 2026-01-22 17:32:53 KST)" (scheduled at 2026-01-22 17:31:13.293934+09:00)
2026-01-22 17:31:13,303 | INFO | executor | RUN: ['C:/Users/82108/AppData/Local/Programs/Python/Python313/python.exe', 'C:\\access\\mzip\\cccmp_20.py'] | cwd=c:\temp | timeout=60
2026-01-22 17:31:13,475 | INFO | engine | job done: id=4 status=FAIL
2026-01-22 17:31:13,476 | INFO | apscheduler.executors.default | Job "Engine._schedule_job.<locals>.<lambda> (trigger: interval[0:01:40], next run at: 2026-01-22 17:32:53 KST)" executed successfully
2026-01-22 17:31:33,298 | INFO | apscheduler.executors.default | Running job "Engine._schedule_job.<locals>.<lambda> (trigger: interval[0:01:00], next run at: 2026-01-22 17:32:33 KST)" (scheduled at 2026-01-22 17:31:33.293490+09:00)
2026-01-22 17:31:33,312 | INFO | executor | RUN: ['C:\\Users\\82108\\AppData\\Local\\Programs\\Python\\Python313\\python.exe', 'C:/access/rpa/chat_with_gemini.py'] | cwd=C:/access/rpa | timeout=60
2026-01-22 17:31:42,833 | INFO | engine | job done: id=5 status=SUCCESS
2026-01-22 17:31:42,834 | INFO | apscheduler.executors.default | Job "Engine._schedule_job.<locals>.<lambda> (trigger: interval[0:01:00], next run at: 2026-01-22 17:32:33 KST)" executed successfully
2026-01-22 17:32:33,297 | INFO | apscheduler.executors.default | Running job "Engine._schedule_job.<locals>.<lambda> (trigger: interval[0:01:00], next run at: 2026-01-22 17:33:33 KST)" (scheduled at 2026-01-22 17:32:33.293490+09:00)
2026-01-22 17:32:33,316 | INFO | executor | RUN: ['C:\\Users\\82108\\AppData\\Local\\Programs\\Python\\Python313\\python.exe', 'C:/access/rpa/chat_with_gemini.py'] | cwd=C:/access/rpa | timeout=60
2026-01-22 17:32:35,026 | INFO | engine | job done: id=5 status=SUCCESS
2026-01-22 17:32:35,026 | INFO | apscheduler.executors.default | Job "Engine._schedule_job.<locals>.<lambda> (trigger: interval[0:01:00], next run at: 2026-01-22 17:33:33 KST)" executed successfully
2026-01-22 17:32:53,296 | INFO | apscheduler.executors.default | Running job "Engine._schedule_job.<locals>.<lambda> (trigger: interval[0:01:40], next run at: 2026-01-22 17:34:33 KST)" (scheduled at 2026-01-22 17:32:53.293934+09:00)
2026-01-22 17:32:53,314 | INFO | executor | RUN: ['C:/Users/82108/AppData/Local/Programs/Python/Python313/python.exe', 'C:\\access\\mzip\\cccmp_20.py'] | cwd=c:\temp | timeout=60
2026-01-22 17:32:53,491 | INFO | engine | job done: id=4 status=FAIL
2026-01-22 17:32:53,497 | INFO | apscheduler.executors.default | Job "Engine._schedule_job.<locals>.<lambda> (trigger: interval[0:01:40], next run at: 2026-01-22 17:34:33 KST)" executed successfully
2026-01-22 17:33:33,298 | INFO | apscheduler.executors.default | Running job "Engine._schedule_job.<locals>.<lambda> (trigger: interval[0:01:00], next run at: 2026-01-22 17:34:33 KST)" (scheduled at 2026-01-22 17:33:33.293490+09:00)
2026-01-22 17:33:33,322 | INFO | executor | RUN: ['C:\\Users\\82108\\AppData\\Local\\Programs\\Python\\Python313\\python.exe', 'C:/access/rpa/chat_with_gemini.py'] | cwd=C:/access/rpa | timeout=60
2026-01-22 17:33:35,181 | INFO | engine | job done: id=5 status=SUCCESS
2026-01-22 17:33:35,182 | INFO | apscheduler.executors.default | Job "Engine._schedule_job.<locals>.<lambda> (trigger: interval[0:01:00], next run at: 2026-01-22 17:34:33 KST)" executed successfully
2026-01-22 17:34:33,299 | INFO | apscheduler.executors.default | Running job "Engine._schedule_job.<locals>.<lambda> (trigger: interval[0:01:00], next run at: 2026-01-22 17:35:33 KST)" (scheduled at 2026-01-22 17:34:33.293490+09:00)
2026-01-22 17:34:33,299 | INFO | apscheduler.executors.default | Running job "Engine._schedule_job.<locals>.<lambda> (trigger: interval[0:05:00], next run at: 2026-01-22 17:39:33 KST)" (scheduled at 2026-01-22 17:34:33.294768+09:00)
2026-01-22 17:34:33,300 | INFO | apscheduler.executors.default | Running job "Engine._schedule_job.<locals>.<lambda> (trigger: interval[0:01:40], next run at: 2026-01-22 17:36:13 KST)" (scheduled at 2026-01-22 17:34:33.293934+09:00)
2026-01-22 17:34:33,323 | INFO | executor | RUN: ['C:\\Users\\82108\\AppData\\Local\\Programs\\Python\\Python313\\python.exe', 'C:/access/rpa/chat_with_gemini.py'] | cwd=C:/access/rpa | timeout=60
2026-01-22 17:34:33,337 | INFO | executor | RUN: ['C:/Program Files (x86)/HNC/Office 2024/HOffice130/Bin/HCell.exe', 'C:\\Users\\82108\\Downloads\\검토.xlsx'] | cwd=c:\temp | timeout=60
2026-01-22 17:34:33,352 | INFO | executor | RUN: ['C:/Users/82108/AppData/Local/Programs/Python/Python313/python.exe', 'C:\\access\\mzip\\cccmp_20.py'] | cwd=c:\temp | timeout=60
2026-01-22 17:34:33,627 | INFO | engine | job done: id=4 status=FAIL
2026-01-22 17:34:33,628 | INFO | apscheduler.executors.default | Job "Engine._schedule_job.<locals>.<lambda> (trigger: interval[0:01:40], next run at: 2026-01-22 17:36:13 KST)" executed successfully
2026-01-22 17:34:35,147 | INFO | engine | job done: id=5 status=SUCCESS
2026-01-22 17:34:35,148 | INFO | apscheduler.executors.default | Job "Engine._schedule_job.<locals>.<lambda> (trigger: interval[0:01:00], next run at: 2026-01-22 17:35:33 KST)" executed successfully
2026-01-22 17:35:33,305 | INFO | apscheduler.executors.default | Running job "Engine._schedule_job.<locals>.<lambda> (trigger: interval[0:01:00], next run at: 2026-01-22 17:36:33 KST)" (scheduled at 2026-01-22 17:35:33.293490+09:00)
2026-01-22 17:35:33,327 | INFO | executor | RUN: ['C:\\Users\\82108\\AppData\\Local\\Programs\\Python\\Python313\\python.exe', 'C:/access/rpa/chat_with_gemini.py'] | cwd=C:/access/rpa | timeout=60
2026-01-22 17:35:33,473 | INFO | engine | job done: id=1 status=TIMEOUT
2026-01-22 17:35:33,473 | INFO | apscheduler.executors.default | Job "Engine._schedule_job.<locals>.<lambda> (trigger: interval[0:05:00], next run at: 2026-01-22 17:39:33 KST)" executed successfully
2026-01-22 17:35:43,217 | INFO | engine | job done: id=5 status=SUCCESS
2026-01-22 17:35:43,217 | INFO | apscheduler.executors.default | Job "Engine._schedule_job.<locals>.<lambda> (trigger: interval[0:01:00], next run at: 2026-01-22 17:36:33 KST)" executed successfully
2026-01-22 17:36:13,314 | INFO | apscheduler.executors.default | Running job "Engine._schedule_job.<locals>.<lambda> (trigger: interval[0:01:40], next run at: 2026-01-22 17:37:53 KST)" (scheduled at 2026-01-22 17:36:13.293934+09:00)
2026-01-22 17:36:13,327 | INFO | executor | RUN: ['C:/Users/82108/AppData/Local/Programs/Python/Python313/python.exe', 'C:\\access\\mzip\\cccmp_20.py'] | cwd=c:\temp | timeout=60
2026-01-22 17:36:13,682 | INFO | engine | job done: id=4 status=FAIL
2026-01-22 17:36:13,682 | INFO | apscheduler.executors.default | Job "Engine._schedule_job.<locals>.<lambda> (trigger: interval[0:01:40], next run at: 2026-01-22 17:37:53 KST)" executed successfully
2026-01-22 17:36:33,298 | INFO | apscheduler.executors.default | Running job "Engine._schedule_job.<locals>.<lambda> (trigger: interval[0:01:00], next run at: 2026-01-22 17:37:33 KST)" (scheduled at 2026-01-22 17:36:33.293490+09:00)
2026-01-22 17:36:33,320 | INFO | executor | RUN: ['C:\\Users\\82108\\AppData\\Local\\Programs\\Python\\Python313\\python.exe', 'C:/access/rpa/chat_with_gemini.py'] | cwd=C:/access/rpa | timeout=60
2026-01-22 17:36:41,652 | INFO | engine | job done: id=5 status=SUCCESS
2026-01-22 17:36:41,666 | INFO | apscheduler.executors.default | Job "Engine._schedule_job.<locals>.<lambda> (trigger: interval[0:01:00], next run at: 2026-01-22 17:37:33 KST)" executed successfully
2026-01-22 17:37:33,301 | INFO | apscheduler.executors.default | Running job "Engine._schedule_job.<locals>.<lambda> (trigger: interval[0:01:00], next run at: 2026-01-22 17:38:33 KST)" (scheduled at 2026-01-22 17:37:33.293490+09:00)
2026-01-22 17:37:33,324 | INFO | executor | RUN: ['C:\\Users\\82108\\AppData\\Local\\Programs\\Python\\Python313\\python.exe', 'C:/access/rpa/chat_with_gemini.py'] | cwd=C:/access/rpa | timeout=60
2026-01-22 17:37:35,272 | INFO | engine | job done: id=5 status=SUCCESS
2026-01-22 17:37:35,272 | INFO | apscheduler.executors.default | Job "Engine._schedule_job.<locals>.<lambda> (trigger: interval[0:01:00], next run at: 2026-01-22 17:38:33 KST)" executed successfully
2026-01-22 17:37:53,298 | INFO | apscheduler.executors.default | Running job "Engine._schedule_job.<locals>.<lambda> (trigger: interval[0:01:40], next run at: 2026-01-22 17:39:33 KST)" (scheduled at 2026-01-22 17:37:53.293934+09:00)
2026-01-22 17:37:53,310 | INFO | executor | RUN: ['C:/Users/82108/AppData/Local/Programs/Python/Python313/python.exe', 'C:\\access\\mzip\\cccmp_20.py'] | cwd=c:\temp | timeout=60
2026-01-22 17:37:53,639 | INFO | engine | job done: id=4 status=FAIL
2026-01-22 17:37:53,640 | INFO | apscheduler.executors.default | Job "Engine._schedule_job.<locals>.<lambda> (trigger: interval[0:01:40], next run at: 2026-01-22 17:39:33 KST)" executed successfully
2026-01-22 17:38:33,298 | INFO | apscheduler.executors.default | Running job "Engine._schedule_job.<locals>.<lambda> (trigger: interval[0:01:00], next run at: 2026-01-22 17:39:33 KST)" (scheduled at 2026-01-22 17:38:33.293490+09:00)
2026-01-22 17:38:33,319 | INFO | executor | RUN: ['C:\\Users\\82108\\AppData\\Local\\Programs\\Python\\Python313\\python.exe', 'C:/access/rpa/chat_with_gemini.py'] | cwd=C:/access/rpa | timeout=60
2026-01-22 17:38:35,215 | INFO | engine | job done: id=5 status=SUCCESS
2026-01-22 17:38:35,216 | INFO | apscheduler.executors.default | Job "Engine._schedule_job.<locals>.<lambda> (trigger: interval[0:01:00], next run at: 2026-01-22 17:39:33 KST)" executed successfully
2026-01-22 17:39:33,301 | INFO | apscheduler.executors.default | Running job "Engine._schedule_job.<locals>.<lambda> (trigger: interval[0:01:00], next run at: 2026-01-22 17:40:33 KST)" (scheduled at 2026-01-22 17:39:33.293490+09:00)
2026-01-22 17:39:33,301 | INFO | apscheduler.executors.default | Running job "Engine._schedule_job.<locals>.<lambda> (trigger: interval[0:05:00], next run at: 2026-01-22 17:44:33 KST)" (scheduled at 2026-01-22 17:39:33.294768+09:00)
2026-01-22 17:39:33,302 | INFO | apscheduler.executors.default | Running job "Engine._schedule_job.<locals>.<lambda> (trigger: interval[0:01:40], next run at: 2026-01-22 17:41:13 KST)" (scheduled at 2026-01-22 17:39:33.293934+09:00)
2026-01-22 17:39:33,327 | INFO | executor | RUN: ['C:\\Users\\82108\\AppData\\Local\\Programs\\Python\\Python313\\python.exe', 'C:/access/rpa/chat_with_gemini.py'] | cwd=C:/access/rpa | timeout=60
2026-01-22 17:39:33,336 | INFO | executor | RUN: ['C:/Users/82108/AppData/Local/Programs/Python/Python313/python.exe', 'C:\\access\\mzip\\cccmp_20.py'] | cwd=c:\temp | timeout=60
2026-01-22 17:39:33,350 | INFO | executor | RUN: ['C:/Program Files (x86)/HNC/Office 2024/HOffice130/Bin/HCell.exe', 'C:\\Users\\82108\\Downloads\\검토.xlsx'] | cwd=c:\temp | timeout=60
2026-01-22 17:39:33,667 | INFO | engine | job done: id=4 status=FAIL
2026-01-22 17:39:33,668 | INFO | apscheduler.executors.default | Job "Engine._schedule_job.<locals>.<lambda> (trigger: interval[0:01:40], next run at: 2026-01-22 17:41:13 KST)" executed successfully
2026-01-22 17:39:35,224 | INFO | engine | job done: id=5 status=SUCCESS
2026-01-22 17:39:35,225 | INFO | apscheduler.executors.default | Job "Engine._schedule_job.<locals>.<lambda> (trigger: interval[0:01:00], next run at: 2026-01-22 17:40:33 KST)" executed successfully
2026-01-22 17:40:33,302 | INFO | apscheduler.executors.default | Running job "Engine._schedule_job.<locals>.<lambda> (trigger: interval[0:01:00], next run at: 2026-01-22 17:41:33 KST)" (scheduled at 2026-01-22 17:40:33.293490+09:00)
2026-01-22 17:40:33,323 | INFO | executor | RUN: ['C:\\Users\\82108\\AppData\\Local\\Programs\\Python\\Python313\\python.exe', 'C:/access/rpa/chat_with_gemini.py'] | cwd=C:/access/rpa | timeout=60
2026-01-22 17:40:33,465 | INFO | engine | job done: id=1 status=TIMEOUT
2026-01-22 17:40:33,465 | INFO | apscheduler.executors.default | Job "Engine._schedule_job.<locals>.<lambda> (trigger: interval[0:05:00], next run at: 2026-01-22 17:44:33 KST)" executed successfully
2026-01-22 17:40:35,282 | INFO | engine | job done: id=5 status=SUCCESS
2026-01-22 17:40:35,283 | INFO | apscheduler.executors.default | Job "Engine._schedule_job.<locals>.<lambda> (trigger: interval[0:01:00], next run at: 2026-01-22 17:41:33 KST)" executed successfully
2026-01-22 17:41:13,299 | INFO | apscheduler.executors.default | Running job "Engine._schedule_job.<locals>.<lambda> (trigger: interval[0:01:40], next run at: 2026-01-22 17:42:53 KST)" (scheduled at 2026-01-22 17:41:13.293934+09:00)
2026-01-22 17:41:13,311 | INFO | executor | RUN: ['C:/Users/82108/AppData/Local/Programs/Python/Python313/python.exe', 'C:\\access\\mzip\\cccmp_20.py'] | cwd=c:\temp | timeout=60
2026-01-22 17:41:13,618 | INFO | engine | job done: id=4 status=FAIL
2026-01-22 17:41:13,618 | INFO | apscheduler.executors.default | Job "Engine._schedule_job.<locals>.<lambda> (trigger: interval[0:01:40], next run at: 2026-01-22 17:42:53 KST)" executed successfully
2026-01-22 17:41:33,298 | INFO | apscheduler.executors.default | Running job "Engine._schedule_job.<locals>.<lambda> (trigger: interval[0:01:00], next run at: 2026-01-22 17:42:33 KST)" (scheduled at 2026-01-22 17:41:33.293490+09:00)
2026-01-22 17:41:33,326 | INFO | executor | RUN: ['C:\\Users\\82108\\AppData\\Local\\Programs\\Python\\Python313\\python.exe', 'C:/access/rpa/chat_with_gemini.py'] | cwd=C:/access/rpa | timeout=60
2026-01-22 17:41:35,198 | INFO | engine | job done: id=5 status=SUCCESS
2026-01-22 17:41:35,203 | INFO | apscheduler.executors.default | Job "Engine._schedule_job.<locals>.<lambda> (trigger: interval[0:01:00], next run at: 2026-01-22 17:42:33 KST)" executed successfully
2026-01-22 17:42:33,298 | INFO | apscheduler.executors.default | Running job "Engine._schedule_job.<locals>.<lambda> (trigger: interval[0:01:00], next run at: 2026-01-22 17:43:33 KST)" (scheduled at 2026-01-22 17:42:33.293490+09:00)
2026-01-22 17:42:33,312 | INFO | executor | RUN: ['C:\\Users\\82108\\AppData\\Local\\Programs\\Python\\Python313\\python.exe', 'C:/access/rpa/chat_with_gemini.py'] | cwd=C:/access/rpa | timeout=60
2026-01-22 17:42:35,193 | INFO | engine | job done: id=5 status=SUCCESS
2026-01-22 17:42:35,193 | INFO | apscheduler.executors.default | Job "Engine._schedule_job.<locals>.<lambda> (trigger: interval[0:01:00], next run at: 2026-01-22 17:43:33 KST)" executed successfully
2026-01-22 17:42:53,306 | INFO | apscheduler.executors.default | Running job "Engine._schedule_job.<locals>.<lambda> (trigger: interval[0:01:40], next run at: 2026-01-22 17:44:33 KST)" (scheduled at 2026-01-22 17:42:53.293934+09:00)
2026-01-22 17:42:53,320 | INFO | executor | RUN: ['C:/Users/82108/AppData/Local/Programs/Python/Python313/python.exe', 'C:\\access\\mzip\\cccmp_20.py'] | cwd=c:\temp | timeout=60
2026-01-22 17:42:53,610 | INFO | engine | job done: id=4 status=FAIL
2026-01-22 17:42:53,610 | INFO | apscheduler.executors.default | Job "Engine._schedule_job.<locals>.<lambda> (trigger: interval[0:01:40], next run at: 2026-01-22 17:44:33 KST)" executed successfully
2026-01-22 17:43:33,300 | INFO | apscheduler.executors.default | Running job "Engine._schedule_job.<locals>.<lambda> (trigger: interval[0:01:00], next run at: 2026-01-22 17:44:33 KST)" (scheduled at 2026-01-22 17:43:33.293490+09:00)
2026-01-22 17:43:33,327 | INFO | executor | RUN: ['C:\\Users\\82108\\AppData\\Local\\Programs\\Python\\Python313\\python.exe', 'C:/access/rpa/chat_with_gemini.py'] | cwd=C:/access/rpa | timeout=60
2026-01-22 17:43:36,635 | INFO | engine | job done: id=5 status=SUCCESS
2026-01-22 17:43:36,636 | INFO | apscheduler.executors.default | Job "Engine._schedule_job.<locals>.<lambda> (trigger: interval[0:01:00], next run at: 2026-01-22 17:44:33 KST)" executed successfully
2026-01-22 17:44:33,300 | INFO | apscheduler.executors.default | Running job "Engine._schedule_job.<locals>.<lambda> (trigger: interval[0:01:00], next run at: 2026-01-22 17:45:33 KST)" (scheduled at 2026-01-22 17:44:33.293490+09:00)
2026-01-22 17:44:33,301 | INFO | apscheduler.executors.default | Running job "Engine._schedule_job.<locals>.<lambda> (trigger: interval[0:05:00], next run at: 2026-01-22 17:49:33 KST)" (scheduled at 2026-01-22 17:44:33.294768+09:00)
2026-01-22 17:44:33,301 | INFO | apscheduler.executors.default | Running job "Engine._schedule_job.<locals>.<lambda> (trigger: interval[0:01:40], next run at: 2026-01-22 17:46:13 KST)" (scheduled at 2026-01-22 17:44:33.293934+09:00)
2026-01-22 17:44:33,342 | INFO | executor | RUN: ['C:\\Users\\82108\\AppData\\Local\\Programs\\Python\\Python313\\python.exe', 'C:/access/rpa/chat_with_gemini.py'] | cwd=C:/access/rpa | timeout=60
2026-01-22 17:44:33,360 | INFO | executor | RUN: ['C:/Program Files (x86)/HNC/Office 2024/HOffice130/Bin/HCell.exe', 'C:\\Users\\82108\\Downloads\\검토.xlsx'] | cwd=c:\temp | timeout=60
2026-01-22 17:44:33,374 | INFO | executor | RUN: ['C:/Users/82108/AppData/Local/Programs/Python/Python313/python.exe', 'C:\\access\\mzip\\cccmp_20.py'] | cwd=c:\temp | timeout=60
2026-01-22 17:44:33,668 | INFO | engine | job done: id=4 status=FAIL
2026-01-22 17:44:33,668 | INFO | apscheduler.executors.default | Job "Engine._schedule_job.<locals>.<lambda> (trigger: interval[0:01:40], next run at: 2026-01-22 17:46:13 KST)" executed successfully
2026-01-22 17:44:36,071 | INFO | engine | job done: id=5 status=SUCCESS
2026-01-22 17:44:36,073 | INFO | apscheduler.executors.default | Job "Engine._schedule_job.<locals>.<lambda> (trigger: interval[0:01:00], next run at: 2026-01-22 17:45:33 KST)" executed successfully
2026-01-22 17:45:33,279 | INFO | engine | job done: id=1 status=SUCCESS
2026-01-22 17:45:33,280 | INFO | apscheduler.executors.default | Job "Engine._schedule_job.<locals>.<lambda> (trigger: interval[0:05:00], next run at: 2026-01-22 17:49:33 KST)" executed successfully
2026-01-22 17:45:33,300 | INFO | apscheduler.executors.default | Running job "Engine._schedule_job.<locals>.<lambda> (trigger: interval[0:01:00], next run at: 2026-01-22 17:46:33 KST)" (scheduled at 2026-01-22 17:45:33.293490+09:00)
2026-01-22 17:45:33,314 | INFO | executor | RUN: ['C:\\Users\\82108\\AppData\\Local\\Programs\\Python\\Python313\\python.exe', 'C:/access/rpa/chat_with_gemini.py'] | cwd=C:/access/rpa | timeout=60
2026-01-22 17:45:35,949 | INFO | engine | job done: id=5 status=SUCCESS
2026-01-22 17:45:35,949 | INFO | apscheduler.executors.default | Job "Engine._schedule_job.<locals>.<lambda> (trigger: interval[0:01:00], next run at: 2026-01-22 17:46:33 KST)" executed successfully
2026-01-22 17:45:37,459 | INFO | apscheduler.scheduler | Scheduler has been shut down
2026-01-22 17:45:37,464 | INFO | engine | scheduler stopped
2026-01-23 12:45:36,383 | INFO | apscheduler.scheduler | Scheduler started
2026-01-23 12:45:36,384 | INFO | engine | scheduler started
2026-01-23 12:45:36,385 | INFO | apscheduler.scheduler | Added job "Engine._schedule_job.<locals>.<lambda>" to job store "default"
2026-01-23 12:45:36,385 | INFO | apscheduler.scheduler | Added job "Engine._schedule_job.<locals>.<lambda>" to job store "default"
2026-01-23 12:45:36,386 | INFO | apscheduler.scheduler | Added job "Engine._schedule_job.<locals>.<lambda>" to job store "default"
2026-01-23 12:45:36,386 | INFO | apscheduler.scheduler | Added job "Engine._schedule_job.<locals>.<lambda>" to job store "default"
2026-01-23 12:45:36,386 | INFO | engine | jobs reloaded: 4
2026-01-23 12:45:36,581 | INFO | apscheduler.scheduler | Added job "Engine._schedule_job.<locals>.<lambda>" to job store "default"
2026-01-23 12:45:36,582 | INFO | apscheduler.scheduler | Added job "Engine._schedule_job.<locals>.<lambda>" to job store "default"
2026-01-23 12:45:36,586 | INFO | apscheduler.scheduler | Added job "Engine._schedule_job.<locals>.<lambda>" to job store "default"
2026-01-23 12:45:36,586 | INFO | apscheduler.scheduler | Added job "Engine._schedule_job.<locals>.<lambda>" to job store "default"
2026-01-23 12:45:36,587 | INFO | engine | jobs reloaded: 4
2026-01-23 12:46:32,922 | INFO | apscheduler.scheduler | Scheduler has been shut down
2026-01-23 12:46:32,923 | INFO | engine | scheduler stopped
2026-01-23 12:48:06,382 | INFO | apscheduler.scheduler | Scheduler started
2026-01-23 12:48:06,385 | INFO | engine | scheduler started
2026-01-23 12:48:06,386 | INFO | apscheduler.scheduler | Added job "Engine._schedule_job.<locals>.<lambda>" to job store "default"
2026-01-23 12:48:06,386 | INFO | apscheduler.scheduler | Added job "Engine._schedule_job.<locals>.<lambda>" to job store "default"
2026-01-23 12:48:06,387 | INFO | apscheduler.scheduler | Added job "Engine._schedule_job.<locals>.<lambda>" to job store "default"
2026-01-23 12:48:06,388 | INFO | apscheduler.scheduler | Added job "Engine._schedule_job.<locals>.<lambda>" to job store "default"
2026-01-23 12:48:06,388 | INFO | engine | jobs reloaded: 4
2026-01-23 12:48:06,590 | INFO | apscheduler.scheduler | Added job "Engine._schedule_job.<locals>.<lambda>" to job store "default"
2026-01-23 12:48:06,590 | INFO | apscheduler.scheduler | Added job "Engine._schedule_job.<locals>.<lambda>" to job store "default"
2026-01-23 12:48:06,591 | INFO | apscheduler.scheduler | Added job "Engine._schedule_job.<locals>.<lambda>" to job store "default"
2026-01-23 12:48:06,592 | INFO | apscheduler.scheduler | Added job "Engine._schedule_job.<locals>.<lambda>" to job store "default"
2026-01-23 12:48:06,593 | INFO | engine | jobs reloaded: 4
2026-01-23 12:49:06,612 | INFO | apscheduler.executors.default | Running job "Engine._schedule_job.<locals>.<lambda> (trigger: interval[0:01:00], next run at: 2026-01-23 12:49:06 KST)" (scheduled at 2026-01-23 12:49:06.590382+09:00)
2026-01-23 12:49:06,631 | INFO | executor | RUN: ['C:\\Users\\82108\\AppData\\Local\\Programs\\Python\\Python313\\python.exe', 'C:/access/rpa/chat_with_gemini.py'] | cwd=C:/access/rpa | timeout=60
2026-01-23 12:49:18,385 | INFO | engine | job done: id=5 status=SUCCESS
2026-01-23 12:49:18,386 | INFO | apscheduler.executors.default | Job "Engine._schedule_job.<locals>.<lambda> (trigger: interval[0:01:00], next run at: 2026-01-23 12:50:06 KST)" executed successfully
2026-01-23 12:49:46,611 | INFO | apscheduler.executors.default | Running job "Engine._schedule_job.<locals>.<lambda> (trigger: interval[0:01:40], next run at: 2026-01-23 12:51:26 KST)" (scheduled at 2026-01-23 12:49:46.590898+09:00)
2026-01-23 12:49:46,621 | INFO | executor | RUN: ['C:/Users/82108/AppData/Local/Programs/Python/Python313/python.exe', 'C:\\access\\mzip\\cccmp_20.py'] | cwd=c:\temp | timeout=60
2026-01-23 12:49:46,880 | INFO | engine | job done: id=4 status=FAIL
2026-01-23 12:49:46,880 | INFO | apscheduler.executors.default | Job "Engine._schedule_job.<locals>.<lambda> (trigger: interval[0:01:40], next run at: 2026-01-23 12:51:26 KST)" executed successfully
2026-01-23 12:50:06,605 | INFO | apscheduler.executors.default | Running job "Engine._schedule_job.<locals>.<lambda> (trigger: interval[0:01:00], next run at: 2026-01-23 12:51:06 KST)" (scheduled at 2026-01-23 12:50:06.590382+09:00)
2026-01-23 12:50:06,621 | INFO | executor | RUN: ['C:\\Users\\82108\\AppData\\Local\\Programs\\Python\\Python313\\python.exe', 'C:/access/rpa/chat_with_gemini.py'] | cwd=C:/access/rpa | timeout=60
2026-01-23 12:50:08,694 | INFO | engine | job done: id=5 status=SUCCESS
2026-01-23 12:50:08,696 | INFO | apscheduler.executors.default | Job "Engine._schedule_job.<locals>.<lambda> (trigger: interval[0:01:00], next run at: 2026-01-23 12:51:06 KST)" executed successfully
2026-01-23 12:51:06,604 | INFO | apscheduler.executors.default | Running job "Engine._schedule_job.<locals>.<lambda> (trigger: interval[0:01:00], next run at: 2026-01-23 12:52:06 KST)" (scheduled at 2026-01-23 12:51:06.590382+09:00)
2026-01-23 12:51:06,623 | INFO | executor | RUN: ['C:\\Users\\82108\\AppData\\Local\\Programs\\Python\\Python313\\python.exe', 'C:/access/rpa/chat_with_gemini.py'] | cwd=C:/access/rpa | timeout=60
2026-01-23 12:51:08,618 | INFO | engine | job done: id=5 status=SUCCESS
2026-01-23 12:51:08,620 | INFO | apscheduler.executors.default | Job "Engine._schedule_job.<locals>.<lambda> (trigger: interval[0:01:00], next run at: 2026-01-23 12:52:06 KST)" executed successfully
2026-01-23 12:51:26,608 | INFO | apscheduler.executors.default | Running job "Engine._schedule_job.<locals>.<lambda> (trigger: interval[0:01:40], next run at: 2026-01-23 12:53:06 KST)" (scheduled at 2026-01-23 12:51:26.590898+09:00)
2026-01-23 12:51:26,626 | INFO | executor | RUN: ['C:/Users/82108/AppData/Local/Programs/Python/Python313/python.exe', 'C:\\access\\mzip\\cccmp_20.py'] | cwd=c:\temp | timeout=60
2026-01-23 12:51:26,834 | INFO | engine | job done: id=4 status=FAIL
2026-01-23 12:51:26,835 | INFO | apscheduler.executors.default | Job "Engine._schedule_job.<locals>.<lambda> (trigger: interval[0:01:40], next run at: 2026-01-23 12:53:06 KST)" executed successfully
2026-01-23 12:52:06,608 | INFO | apscheduler.executors.default | Running job "Engine._schedule_job.<locals>.<lambda> (trigger: interval[0:01:00], next run at: 2026-01-23 12:53:06 KST)" (scheduled at 2026-01-23 12:52:06.590382+09:00)
2026-01-23 12:52:06,616 | INFO | executor | RUN: ['C:\\Users\\82108\\AppData\\Local\\Programs\\Python\\Python313\\python.exe', 'C:/access/rpa/chat_with_gemini.py'] | cwd=C:/access/rpa | timeout=60
2026-01-23 12:52:08,432 | INFO | engine | job done: id=5 status=SUCCESS
2026-01-23 12:52:08,433 | INFO | apscheduler.executors.default | Job "Engine._schedule_job.<locals>.<lambda> (trigger: interval[0:01:00], next run at: 2026-01-23 12:53:06 KST)" executed successfully
2026-01-23 12:53:06,610 | INFO | apscheduler.executors.default | Running job "Engine._schedule_job.<locals>.<lambda> (trigger: interval[0:01:00], next run at: 2026-01-23 12:54:06 KST)" (scheduled at 2026-01-23 12:53:06.590382+09:00)
2026-01-23 12:53:06,610 | INFO | apscheduler.executors.default | Running job "Engine._schedule_job.<locals>.<lambda> (trigger: interval[0:01:40], next run at: 2026-01-23 12:54:46 KST)" (scheduled at 2026-01-23 12:53:06.590898+09:00)
2026-01-23 12:53:06,611 | INFO | apscheduler.executors.default | Running job "Engine._schedule_job.<locals>.<lambda> (trigger: interval[0:05:00], next run at: 2026-01-23 12:58:06 KST)" (scheduled at 2026-01-23 12:53:06.592025+09:00)
2026-01-23 12:53:06,634 | INFO | executor | RUN: ['C:\\Users\\82108\\AppData\\Local\\Programs\\Python\\Python313\\python.exe', 'C:/access/rpa/chat_with_gemini.py'] | cwd=C:/access/rpa | timeout=60
2026-01-23 12:53:06,650 | INFO | executor | RUN: ['C:/Users/82108/AppData/Local/Programs/Python/Python313/python.exe', 'C:\\access\\mzip\\cccmp_20.py'] | cwd=c:\temp | timeout=60
2026-01-23 12:53:06,661 | INFO | executor | RUN: ['C:/Program Files (x86)/HNC/Office 2024/HOffice130/Bin/HCell.exe', 'C:\\Users\\82108\\Downloads\\검토.xlsx'] | cwd=c:\temp | timeout=60
2026-01-23 12:53:06,834 | INFO | engine | job done: id=4 status=FAIL
2026-01-23 12:53:06,835 | INFO | apscheduler.executors.default | Job "Engine._schedule_job.<locals>.<lambda> (trigger: interval[0:01:40], next run at: 2026-01-23 12:54:46 KST)" executed successfully
2026-01-23 12:53:08,389 | INFO | engine | job done: id=5 status=SUCCESS
2026-01-23 12:53:08,390 | INFO | apscheduler.executors.default | Job "Engine._schedule_job.<locals>.<lambda> (trigger: interval[0:01:00], next run at: 2026-01-23 12:54:06 KST)" executed successfully
2026-01-23 12:53:44,507 | INFO | engine | job done: id=1 status=SUCCESS
2026-01-23 12:53:44,507 | INFO | apscheduler.executors.default | Job "Engine._schedule_job.<locals>.<lambda> (trigger: interval[0:05:00], next run at: 2026-01-23 12:58:06 KST)" executed successfully
2026-01-23 12:54:06,606 | INFO | apscheduler.executors.default | Running job "Engine._schedule_job.<locals>.<lambda> (trigger: interval[0:01:00], next run at: 2026-01-23 12:55:06 KST)" (scheduled at 2026-01-23 12:54:06.590382+09:00)
2026-01-23 12:54:06,624 | INFO | executor | RUN: ['C:\\Users\\82108\\AppData\\Local\\Programs\\Python\\Python313\\python.exe', 'C:/access/rpa/chat_with_gemini.py'] | cwd=C:/access/rpa | timeout=60
2026-01-23 12:54:08,479 | INFO | engine | job done: id=5 status=SUCCESS
2026-01-23 12:54:08,481 | INFO | apscheduler.executors.default | Job "Engine._schedule_job.<locals>.<lambda> (trigger: interval[0:01:00], next run at: 2026-01-23 12:55:06 KST)" executed successfully
2026-01-23 12:54:46,602 | INFO | apscheduler.executors.default | Running job "Engine._schedule_job.<locals>.<lambda> (trigger: interval[0:01:40], next run at: 2026-01-23 12:56:26 KST)" (scheduled at 2026-01-23 12:54:46.590898+09:00)
2026-01-23 12:54:46,619 | INFO | executor | RUN: ['C:/Users/82108/AppData/Local/Programs/Python/Python313/python.exe', 'C:\\access\\mzip\\cccmp_20.py'] | cwd=c:\temp | timeout=60
2026-01-23 12:54:46,817 | INFO | engine | job done: id=4 status=FAIL
2026-01-23 12:54:46,818 | INFO | apscheduler.executors.default | Job "Engine._schedule_job.<locals>.<lambda> (trigger: interval[0:01:40], next run at: 2026-01-23 12:56:26 KST)" executed successfully
2026-01-23 12:55:06,608 | INFO | apscheduler.executors.default | Running job "Engine._schedule_job.<locals>.<lambda> (trigger: interval[0:01:00], next run at: 2026-01-23 12:56:06 KST)" (scheduled at 2026-01-23 12:55:06.590382+09:00)
2026-01-23 12:55:06,625 | INFO | executor | RUN: ['C:\\Users\\82108\\AppData\\Local\\Programs\\Python\\Python313\\python.exe', 'C:/access/rpa/chat_with_gemini.py'] | cwd=C:/access/rpa | timeout=60
2026-01-23 12:55:08,399 | INFO | engine | job done: id=5 status=SUCCESS
2026-01-23 12:55:08,399 | INFO | apscheduler.executors.default | Job "Engine._schedule_job.<locals>.<lambda> (trigger: interval[0:01:00], next run at: 2026-01-23 12:56:06 KST)" executed successfully
2026-01-23 12:56:06,606 | INFO | apscheduler.executors.default | Running job "Engine._schedule_job.<locals>.<lambda> (trigger: interval[0:01:00], next run at: 2026-01-23 12:57:06 KST)" (scheduled at 2026-01-23 12:56:06.590382+09:00)
2026-01-23 12:56:06,615 | INFO | executor | RUN: ['C:\\Users\\82108\\AppData\\Local\\Programs\\Python\\Python313\\python.exe', 'C:/access/rpa/chat_with_gemini.py'] | cwd=C:/access/rpa | timeout=60
2026-01-23 12:56:08,399 | INFO | engine | job done: id=5 status=SUCCESS
2026-01-23 12:56:08,400 | INFO | apscheduler.executors.default | Job "Engine._schedule_job.<locals>.<lambda> (trigger: interval[0:01:00], next run at: 2026-01-23 12:57:06 KST)" executed successfully
2026-01-23 12:56:26,603 | INFO | apscheduler.executors.default | Running job "Engine._schedule_job.<locals>.<lambda> (trigger: interval[0:01:40], next run at: 2026-01-23 12:58:06 KST)" (scheduled at 2026-01-23 12:56:26.590898+09:00)
2026-01-23 12:56:26,614 | INFO | executor | RUN: ['C:/Users/82108/AppData/Local/Programs/Python/Python313/python.exe', 'C:\\access\\mzip\\cccmp_20.py'] | cwd=c:\temp | timeout=60
2026-01-23 12:56:26,796 | INFO | engine | job done: id=4 status=FAIL
2026-01-23 12:56:26,798 | INFO | apscheduler.executors.default | Job "Engine._schedule_job.<locals>.<lambda> (trigger: interval[0:01:40], next run at: 2026-01-23 12:58:06 KST)" executed successfully
2026-01-23 12:57:06,610 | INFO | apscheduler.executors.default | Running job "Engine._schedule_job.<locals>.<lambda> (trigger: interval[0:01:00], next run at: 2026-01-23 12:58:06 KST)" (scheduled at 2026-01-23 12:57:06.590382+09:00)
2026-01-23 12:57:06,627 | INFO | executor | RUN: ['C:\\Users\\82108\\AppData\\Local\\Programs\\Python\\Python313\\python.exe', 'C:/access/rpa/chat_with_gemini.py'] | cwd=C:/access/rpa | timeout=60
2026-01-23 12:57:08,473 | INFO | engine | job done: id=5 status=SUCCESS
2026-01-23 12:57:08,473 | INFO | apscheduler.executors.default | Job "Engine._schedule_job.<locals>.<lambda> (trigger: interval[0:01:00], next run at: 2026-01-23 12:58:06 KST)" executed successfully
2026-01-23 12:58:06,604 | INFO | apscheduler.executors.default | Running job "Engine._schedule_job.<locals>.<lambda> (trigger: interval[0:01:00], next run at: 2026-01-23 12:59:06 KST)" (scheduled at 2026-01-23 12:58:06.590382+09:00)
2026-01-23 12:58:06,605 | INFO | apscheduler.executors.default | Running job "Engine._schedule_job.<locals>.<lambda> (trigger: interval[0:01:40], next run at: 2026-01-23 12:59:46 KST)" (scheduled at 2026-01-23 12:58:06.590898+09:00)
2026-01-23 12:58:06,605 | INFO | apscheduler.executors.default | Running job "Engine._schedule_job.<locals>.<lambda> (trigger: interval[0:05:00], next run at: 2026-01-23 13:03:06 KST)" (scheduled at 2026-01-23 12:58:06.592025+09:00)
2026-01-23 12:58:06,630 | INFO | executor | RUN: ['C:\\Users\\82108\\AppData\\Local\\Programs\\Python\\Python313\\python.exe', 'C:/access/rpa/chat_with_gemini.py'] | cwd=C:/access/rpa | timeout=60
2026-01-23 12:58:06,643 | INFO | executor | RUN: ['C:/Program Files (x86)/HNC/Office 2024/HOffice130/Bin/HCell.exe', 'C:\\Users\\82108\\Downloads\\검토.xlsx'] | cwd=c:\temp | timeout=60
2026-01-23 12:58:06,659 | INFO | executor | RUN: ['C:/Users/82108/AppData/Local/Programs/Python/Python313/python.exe', 'C:\\access\\mzip\\cccmp_20.py'] | cwd=c:\temp | timeout=60
2026-01-23 12:58:06,865 | INFO | engine | job done: id=4 status=FAIL
2026-01-23 12:58:06,866 | INFO | apscheduler.executors.default | Job "Engine._schedule_job.<locals>.<lambda> (trigger: interval[0:01:40], next run at: 2026-01-23 12:59:46 KST)" executed successfully
2026-01-23 12:58:08,466 | INFO | engine | job done: id=5 status=SUCCESS
2026-01-23 12:58:08,468 | INFO | apscheduler.executors.default | Job "Engine._schedule_job.<locals>.<lambda> (trigger: interval[0:01:00], next run at: 2026-01-23 12:59:06 KST)" executed successfully
2026-01-23 12:59:06,632 | INFO | apscheduler.executors.default | Running job "Engine._schedule_job.<locals>.<lambda> (trigger: interval[0:01:00], next run at: 2026-01-23 13:00:06 KST)" (scheduled at 2026-01-23 12:59:06.590382+09:00)
2026-01-23 12:59:06,640 | INFO | executor | RUN: ['C:\\Users\\82108\\AppData\\Local\\Programs\\Python\\Python313\\python.exe', 'C:/access/rpa/chat_with_gemini.py'] | cwd=C:/access/rpa | timeout=60
2026-01-23 12:59:06,763 | INFO | engine | job done: id=1 status=TIMEOUT
2026-01-23 12:59:06,763 | INFO | apscheduler.executors.default | Job "Engine._schedule_job.<locals>.<lambda> (trigger: interval[0:05:00], next run at: 2026-01-23 13:03:06 KST)" executed successfully
2026-01-23 12:59:17,928 | INFO | engine | job done: id=5 status=SUCCESS
2026-01-23 12:59:17,930 | INFO | apscheduler.executors.default | Job "Engine._schedule_job.<locals>.<lambda> (trigger: interval[0:01:00], next run at: 2026-01-23 13:00:06 KST)" executed successfully
2026-01-23 12:59:46,605 | INFO | apscheduler.executors.default | Running job "Engine._schedule_job.<locals>.<lambda> (trigger: interval[0:01:40], next run at: 2026-01-23 13:01:26 KST)" (scheduled at 2026-01-23 12:59:46.590898+09:00)
2026-01-23 12:59:46,613 | INFO | executor | RUN: ['C:/Users/82108/AppData/Local/Programs/Python/Python313/python.exe', 'C:\\access\\mzip\\cccmp_20.py'] | cwd=c:\temp | timeout=60
2026-01-23 12:59:46,795 | INFO | engine | job done: id=4 status=FAIL
2026-01-23 12:59:46,797 | INFO | apscheduler.executors.default | Job "Engine._schedule_job.<locals>.<lambda> (trigger: interval[0:01:40], next run at: 2026-01-23 13:01:26 KST)" executed successfully
2026-01-23 13:00:06,605 | INFO | apscheduler.executors.default | Running job "Engine._schedule_job.<locals>.<lambda> (trigger: interval[0:01:00], next run at: 2026-01-23 13:01:06 KST)" (scheduled at 2026-01-23 13:00:06.590382+09:00)
2026-01-23 13:00:06,620 | INFO | executor | RUN: ['C:\\Users\\82108\\AppData\\Local\\Programs\\Python\\Python313\\python.exe', 'C:/access/rpa/chat_with_gemini.py'] | cwd=C:/access/rpa | timeout=60
2026-01-23 13:00:08,422 | INFO | engine | job done: id=5 status=SUCCESS
2026-01-23 13:00:08,422 | INFO | apscheduler.executors.default | Job "Engine._schedule_job.<locals>.<lambda> (trigger: interval[0:01:00], next run at: 2026-01-23 13:01:06 KST)" executed successfully
2026-01-23 13:00:15,881 | INFO | apscheduler.scheduler | Scheduler has been shut down
2026-01-23 13:00:15,884 | INFO | engine | scheduler stopped
2026-01-23 13:02:13,685 | INFO | apscheduler.scheduler | Scheduler started
2026-01-23 13:02:13,687 | INFO | engine | scheduler started
2026-01-23 13:02:13,688 | INFO | apscheduler.scheduler | Added job "Engine._schedule_job.<locals>.<lambda>" to job store "default"
2026-01-23 13:02:13,689 | INFO | apscheduler.scheduler | Added job "Engine._schedule_job.<locals>.<lambda>" to job store "default"
2026-01-23 13:02:13,690 | INFO | apscheduler.scheduler | Added job "Engine._schedule_job.<locals>.<lambda>" to job store "default"
2026-01-23 13:02:13,690 | INFO | apscheduler.scheduler | Added job "Engine._schedule_job.<locals>.<lambda>" to job store "default"
2026-01-23 13:02:13,690 | INFO | engine | jobs reloaded: 4
2026-01-23 13:02:13,734 | INFO | apscheduler.scheduler | Added job "Engine._schedule_job.<locals>.<lambda>" to job store "default"
2026-01-23 13:02:13,734 | INFO | apscheduler.scheduler | Added job "Engine._schedule_job.<locals>.<lambda>" to job store "default"
2026-01-23 13:02:13,735 | INFO | apscheduler.scheduler | Added job "Engine._schedule_job.<locals>.<lambda>" to job store "default"
2026-01-23 13:02:13,736 | INFO | apscheduler.scheduler | Added job "Engine._schedule_job.<locals>.<lambda>" to job store "default"
2026-01-23 13:02:13,736 | INFO | engine | jobs reloaded: 4
2026-01-23 13:02:54,440 | INFO | apscheduler.scheduler | Added job "Engine._schedule_job.<locals>.<lambda>" to job store "default"
2026-01-23 13:02:54,440 | INFO | apscheduler.scheduler | Added job "Engine._schedule_job.<locals>.<lambda>" to job store "default"
2026-01-23 13:02:54,441 | INFO | apscheduler.scheduler | Added job "Engine._schedule_job.<locals>.<lambda>" to job store "default"
2026-01-23 13:02:54,442 | INFO | apscheduler.scheduler | Added job "Engine._schedule_job.<locals>.<lambda>" to job store "default"
2026-01-23 13:02:54,442 | INFO | engine | jobs reloaded: 4
2026-01-23 13:03:05,734 | INFO | apscheduler.scheduler | Scheduler has been shut down
2026-01-23 13:03:05,736 | INFO | engine | scheduler stopped
2026-01-26 17:46:44,336 | INFO | apscheduler.scheduler | Scheduler started
2026-01-26 17:46:44,341 | INFO | engine | scheduler started
2026-01-26 17:46:44,344 | INFO | apscheduler.scheduler | Added job "Engine._schedule_job.<locals>.<lambda>" to job store "default"
2026-01-26 17:46:44,345 | INFO | apscheduler.scheduler | Added job "Engine._schedule_job.<locals>.<lambda>" to job store "default"
2026-01-26 17:46:44,348 | INFO | apscheduler.scheduler | Added job "Engine._schedule_job.<locals>.<lambda>" to job store "default"
2026-01-26 17:46:44,349 | INFO | apscheduler.scheduler | Added job "Engine._schedule_job.<locals>.<lambda>" to job store "default"
2026-01-26 17:46:44,351 | INFO | engine | jobs reloaded: 4
2026-01-26 17:46:44,560 | INFO | apscheduler.scheduler | Added job "Engine._schedule_job.<locals>.<lambda>" to job store "default"
2026-01-26 17:46:44,561 | INFO | apscheduler.scheduler | Added job "Engine._schedule_job.<locals>.<lambda>" to job store "default"
2026-01-26 17:46:44,563 | INFO | apscheduler.scheduler | Added job "Engine._schedule_job.<locals>.<lambda>" to job store "default"
2026-01-26 17:46:44,565 | INFO | apscheduler.scheduler | Added job "Engine._schedule_job.<locals>.<lambda>" to job store "default"
2026-01-26 17:46:44,566 | INFO | engine | jobs reloaded: 4
2026-01-26 17:47:44,580 | INFO | apscheduler.executors.default | Running job "Engine._schedule_job.<locals>.<lambda> (trigger: interval[0:01:00], next run at: 2026-01-26 17:47:44 KST)" (scheduled at 2026-01-26 17:47:44.560598+09:00)
2026-01-26 17:47:44,598 | INFO | executor | RUN: ['C:\\Users\\82108\\AppData\\Local\\Programs\\Python\\Python313\\python.exe', 'C:/access/rpa/chat_with_gemini.py'] | cwd=C:/access/rpa | timeout=60
2026-01-26 17:47:57,771 | INFO | engine | job done: id=5 status=SUCCESS
2026-01-26 17:47:57,772 | INFO | apscheduler.executors.default | Job "Engine._schedule_job.<locals>.<lambda> (trigger: interval[0:01:00], next run at: 2026-01-26 17:48:44 KST)" executed successfully
2026-01-26 17:48:24,586 | INFO | apscheduler.executors.default | Running job "Engine._schedule_job.<locals>.<lambda> (trigger: interval[0:01:40], next run at: 2026-01-26 17:50:04 KST)" (scheduled at 2026-01-26 17:48:24.561564+09:00)
2026-01-26 17:48:24,596 | INFO | executor | RUN: ['C:/Users/82108/AppData/Local/Programs/Python/Python313/python.exe', 'C:\\access\\mzip\\cccmp_20.py'] | cwd=c:\temp | timeout=60
2026-01-26 17:48:25,977 | INFO | engine | job done: id=4 status=FAIL
2026-01-26 17:48:25,978 | INFO | apscheduler.executors.default | Job "Engine._schedule_job.<locals>.<lambda> (trigger: interval[0:01:40], next run at: 2026-01-26 17:50:04 KST)" executed successfully
2026-01-26 17:48:38,498 | INFO | apscheduler.scheduler | Scheduler has been shut down
2026-01-26 17:48:38,499 | INFO | engine | scheduler stopped
2026-01-26 17:50:28,493 | INFO | apscheduler.scheduler | Scheduler started
2026-01-26 17:50:28,495 | INFO | engine | scheduler started
2026-01-26 17:50:28,496 | INFO | apscheduler.scheduler | Added job "Engine._schedule_job.<locals>.<lambda>" to job store "default"
2026-01-26 17:50:28,496 | INFO | apscheduler.scheduler | Added job "Engine._schedule_job.<locals>.<lambda>" to job store "default"
2026-01-26 17:50:28,497 | INFO | apscheduler.scheduler | Added job "Engine._schedule_job.<locals>.<lambda>" to job store "default"
2026-01-26 17:50:28,497 | INFO | apscheduler.scheduler | Added job "Engine._schedule_job.<locals>.<lambda>" to job store "default"
2026-01-26 17:50:28,497 | INFO | engine | jobs reloaded: 4
2026-01-26 17:50:28,684 | INFO | apscheduler.scheduler | Added job "Engine._schedule_job.<locals>.<lambda>" to job store "default"
2026-01-26 17:50:28,684 | INFO | apscheduler.scheduler | Added job "Engine._schedule_job.<locals>.<lambda>" to job store "default"
2026-01-26 17:50:28,685 | INFO | apscheduler.scheduler | Added job "Engine._schedule_job.<locals>.<lambda>" to job store "default"
2026-01-26 17:50:28,685 | INFO | apscheduler.scheduler | Added job "Engine._schedule_job.<locals>.<lambda>" to job store "default"
2026-01-26 17:50:28,685 | INFO | engine | jobs reloaded: 4
2026-01-26 17:51:09,744 | INFO | apscheduler.scheduler | Scheduler has been shut down
2026-01-26 17:51:09,746 | INFO | engine | scheduler stopped
2026-01-26 20:05:30,510 | INFO | apscheduler.scheduler | Scheduler started
2026-01-26 20:05:30,512 | INFO | engine | scheduler started
2026-01-26 20:05:30,513 | INFO | apscheduler.scheduler | Added job "Engine._schedule_job.<locals>.<lambda>" to job store "default"
2026-01-26 20:05:30,513 | INFO | apscheduler.scheduler | Added job "Engine._schedule_job.<locals>.<lambda>" to job store "default"
2026-01-26 20:05:30,515 | INFO | apscheduler.scheduler | Added job "Engine._schedule_job.<locals>.<lambda>" to job store "default"
2026-01-26 20:05:30,515 | INFO | apscheduler.scheduler | Added job "Engine._schedule_job.<locals>.<lambda>" to job store "default"
2026-01-26 20:05:30,515 | INFO | engine | jobs reloaded: 4
2026-01-26 20:05:30,791 | INFO | apscheduler.scheduler | Added job "Engine._schedule_job.<locals>.<lambda>" to job store "default"
2026-01-26 20:05:30,792 | INFO | apscheduler.scheduler | Added job "Engine._schedule_job.<locals>.<lambda>" to job store "default"
2026-01-26 20:05:30,793 | INFO | apscheduler.scheduler | Added job "Engine._schedule_job.<locals>.<lambda>" to job store "default"
2026-01-26 20:05:30,794 | INFO | apscheduler.scheduler | Added job "Engine._schedule_job.<locals>.<lambda>" to job store "default"
2026-01-26 20:05:30,795 | INFO | engine | jobs reloaded: 4
2026-01-26 20:06:30,793 | INFO | apscheduler.executors.default | Running job "Engine._schedule_job.<locals>.<lambda> (trigger: interval[0:01:00], next run at: 2026-01-26 20:06:30 KST)" (scheduled at 2026-01-26 20:06:30.791456+09:00)
2026-01-26 20:06:30,861 | INFO | executor | RUN: ['C:\\Users\\82108\\AppData\\Local\\Programs\\Python\\Python313\\python.exe', 'C:/access/rpa/chat_with_gemini.py'] | cwd=C:/access/rpa | timeout=60
2026-01-26 20:06:42,340 | INFO | engine | job done: id=5 status=SUCCESS
2026-01-26 20:06:42,341 | INFO | apscheduler.executors.default | Job "Engine._schedule_job.<locals>.<lambda> (trigger: interval[0:01:00], next run at: 2026-01-26 20:07:30 KST)" executed successfully
2026-01-26 20:07:09,764 | INFO | apscheduler.scheduler | Scheduler has been shut down
2026-01-26 20:07:09,766 | INFO | engine | scheduler stopped
2026-01-26 20:15:41,527 | INFO | apscheduler.scheduler | Scheduler started
2026-01-26 20:15:41,530 | INFO | engine | scheduler started
2026-01-26 20:15:41,532 | INFO | apscheduler.scheduler | Added job "Engine._schedule_job.<locals>.<lambda>" to job store "default"
2026-01-26 20:15:41,532 | INFO | apscheduler.scheduler | Added job "Engine._schedule_job.<locals>.<lambda>" to job store "default"
2026-01-26 20:15:41,534 | INFO | apscheduler.scheduler | Added job "Engine._schedule_job.<locals>.<lambda>" to job store "default"
2026-01-26 20:15:41,534 | INFO | apscheduler.scheduler | Added job "Engine._schedule_job.<locals>.<lambda>" to job store "default"
2026-01-26 20:15:41,535 | INFO | engine | jobs reloaded: 4
2026-01-26 20:15:41,820 | INFO | apscheduler.scheduler | Added job "Engine._schedule_job.<locals>.<lambda>" to job store "default"
2026-01-26 20:15:41,822 | INFO | apscheduler.scheduler | Added job "Engine._schedule_job.<locals>.<lambda>" to job store "default"
2026-01-26 20:15:41,823 | INFO | apscheduler.scheduler | Added job "Engine._schedule_job.<locals>.<lambda>" to job store "default"
2026-01-26 20:15:41,824 | INFO | apscheduler.scheduler | Added job "Engine._schedule_job.<locals>.<lambda>" to job store "default"
2026-01-26 20:15:41,824 | INFO | engine | jobs reloaded: 4
2026-01-26 20:15:52,789 | INFO | apscheduler.scheduler | Scheduler has been shut down
2026-01-26 20:15:52,791 | INFO | engine | scheduler stopped
2026-01-26 20:20:38,086 | INFO | apscheduler.scheduler | Scheduler started
2026-01-26 20:20:38,089 | INFO | engine | scheduler started
2026-01-26 20:20:38,091 | INFO | apscheduler.scheduler | Added job "Engine._schedule_job.<locals>.<lambda>" to job store "default"
2026-01-26 20:20:38,093 | INFO | apscheduler.scheduler | Added job "Engine._schedule_job.<locals>.<lambda>" to job store "default"
2026-01-26 20:20:38,094 | INFO | apscheduler.scheduler | Added job "Engine._schedule_job.<locals>.<lambda>" to job store "default"
2026-01-26 20:20:38,095 | INFO | apscheduler.scheduler | Added job "Engine._schedule_job.<locals>.<lambda>" to job store "default"
2026-01-26 20:20:38,096 | INFO | engine | jobs reloaded: 4
2026-01-26 20:20:38,390 | INFO | apscheduler.scheduler | Added job "Engine._schedule_job.<locals>.<lambda>" to job store "default"
2026-01-26 20:20:38,391 | INFO | apscheduler.scheduler | Added job "Engine._schedule_job.<locals>.<lambda>" to job store "default"
2026-01-26 20:20:38,392 | INFO | apscheduler.scheduler | Added job "Engine._schedule_job.<locals>.<lambda>" to job store "default"
2026-01-26 20:20:38,393 | INFO | apscheduler.scheduler | Added job "Engine._schedule_job.<locals>.<lambda>" to job store "default"
2026-01-26 20:20:38,394 | INFO | engine | jobs reloaded: 4
2026-01-26 20:20:49,456 | INFO | apscheduler.scheduler | Added job "Engine._schedule_job.<locals>.<lambda>" to job store "default"
2026-01-26 20:20:49,456 | INFO | apscheduler.scheduler | Added job "Engine._schedule_job.<locals>.<lambda>" to job store "default"
2026-01-26 20:20:49,457 | INFO | apscheduler.scheduler | Added job "Engine._schedule_job.<locals>.<lambda>" to job store "default"
2026-01-26 20:20:49,458 | INFO | apscheduler.scheduler | Added job "Engine._schedule_job.<locals>.<lambda>" to job store "default"
2026-01-26 20:20:49,458 | INFO | engine | jobs reloaded: 4
2026-01-26 20:20:55,096 | INFO | apscheduler.scheduler | Scheduler has been shut down
2026-01-26 20:20:55,099 | INFO | engine | scheduler stopped
2026-01-26 20:24:50,519 | INFO | apscheduler.scheduler | Scheduler started
2026-01-26 20:24:50,521 | INFO | engine | scheduler started
2026-01-26 20:24:50,523 | INFO | apscheduler.scheduler | Added job "Engine._schedule_job.<locals>.<lambda>" to job store "default"
2026-01-26 20:24:50,523 | INFO | apscheduler.scheduler | Added job "Engine._schedule_job.<locals>.<lambda>" to job store "default"
2026-01-26 20:24:50,524 | INFO | apscheduler.scheduler | Added job "Engine._schedule_job.<locals>.<lambda>" to job store "default"
2026-01-26 20:24:50,524 | INFO | apscheduler.scheduler | Added job "Engine._schedule_job.<locals>.<lambda>" to job store "default"
2026-01-26 20:24:50,525 | INFO | engine | jobs reloaded: 4
2026-01-26 20:24:50,585 | INFO | apscheduler.scheduler | Added job "Engine._schedule_job.<locals>.<lambda>" to job store "default"
2026-01-26 20:24:50,586 | INFO | apscheduler.scheduler | Added job "Engine._schedule_job.<locals>.<lambda>" to job store "default"
2026-01-26 20:24:50,587 | INFO | apscheduler.scheduler | Added job "Engine._schedule_job.<locals>.<lambda>" to job store "default"
2026-01-26 20:24:50,587 | INFO | apscheduler.scheduler | Added job "Engine._schedule_job.<locals>.<lambda>" to job store "default"
2026-01-26 20:24:50,588 | INFO | engine | jobs reloaded: 4
2026-01-26 20:24:57,450 | INFO | apscheduler.scheduler | Scheduler has been shut down
2026-01-26 20:24:57,453 | INFO | engine | scheduler stopped
2026-01-26 20:43:15,069 | INFO | apscheduler.scheduler | Scheduler started
2026-01-26 20:43:15,071 | INFO | engine | scheduler started
2026-01-26 20:43:15,074 | INFO | apscheduler.scheduler | Added job "Engine._schedule_job.<locals>.<lambda>" to job store "default"
2026-01-26 20:43:15,074 | INFO | apscheduler.scheduler | Added job "Engine._schedule_job.<locals>.<lambda>" to job store "default"
2026-01-26 20:43:15,076 | INFO | apscheduler.scheduler | Added job "Engine._schedule_job.<locals>.<lambda>" to job store "default"
2026-01-26 20:43:15,077 | INFO | apscheduler.scheduler | Added job "Engine._schedule_job.<locals>.<lambda>" to job store "default"
2026-01-26 20:43:15,077 | INFO | engine | jobs reloaded: 4
2026-01-26 20:43:15,168 | INFO | apscheduler.scheduler | Added job "Engine._schedule_job.<locals>.<lambda>" to job store "default"
2026-01-26 20:43:15,170 | INFO | apscheduler.scheduler | Added job "Engine._schedule_job.<locals>.<lambda>" to job store "default"
2026-01-26 20:43:15,171 | INFO | apscheduler.scheduler | Added job "Engine._schedule_job.<locals>.<lambda>" to job store "default"
2026-01-26 20:43:15,172 | INFO | apscheduler.scheduler | Added job "Engine._schedule_job.<locals>.<lambda>" to job store "default"
2026-01-26 20:43:15,174 | INFO | engine | jobs reloaded: 4
2026-01-26 20:43:42,593 | INFO | apscheduler.scheduler | Added job "Engine._schedule_job.<locals>.<lambda>" to job store "default"
2026-01-26 20:43:42,596 | INFO | apscheduler.scheduler | Added job "Engine._schedule_job.<locals>.<lambda>" to job store "default"
2026-01-26 20:43:42,599 | INFO | apscheduler.scheduler | Added job "Engine._schedule_job.<locals>.<lambda>" to job store "default"
2026-01-26 20:43:42,600 | INFO | engine | jobs reloaded: 3
2026-01-26 20:43:54,593 | INFO | executor | RUN: ['C:/Program Files (x86)/HNC/Office 2024/HOffice130/Bin/HCell.exe', 'C:\\Users\\82108\\Downloads\\검토.xlsx'] | cwd=c:\temp | timeout=60
2026-01-26 20:44:06,471 | INFO | engine | job done: id=1 status=SUCCESS
2026-01-26 20:44:15,787 | INFO | apscheduler.scheduler | Scheduler has been shut down
2026-01-26 20:44:15,792 | INFO | engine | scheduler stopped
2026-01-26 20:47:32,717 | INFO | apscheduler.scheduler | Scheduler started
2026-01-26 20:47:32,718 | INFO | engine | scheduler started
2026-01-26 20:47:32,721 | INFO | apscheduler.scheduler | Added job "Engine._schedule_job.<locals>.<lambda>" to job store "default"
2026-01-26 20:47:32,721 | INFO | apscheduler.scheduler | Added job "Engine._schedule_job.<locals>.<lambda>" to job store "default"
2026-01-26 20:47:32,722 | INFO | apscheduler.scheduler | Added job "Engine._schedule_job.<locals>.<lambda>" to job store "default"
2026-01-26 20:47:32,722 | INFO | engine | jobs reloaded: 3
2026-01-26 20:47:32,779 | INFO | apscheduler.scheduler | Added job "Engine._schedule_job.<locals>.<lambda>" to job store "default"
2026-01-26 20:47:32,780 | INFO | apscheduler.scheduler | Added job "Engine._schedule_job.<locals>.<lambda>" to job store "default"
2026-01-26 20:47:32,781 | INFO | apscheduler.scheduler | Added job "Engine._schedule_job.<locals>.<lambda>" to job store "default"
2026-01-26 20:47:32,781 | INFO | engine | jobs reloaded: 3
2026-01-26 20:48:00,985 | INFO | apscheduler.scheduler | Scheduler has been shut down
2026-01-26 20:48:00,992 | INFO | engine | scheduler stopped
2026-01-27 10:53:36,298 | INFO | apscheduler.scheduler | Scheduler started
2026-01-27 10:53:36,300 | INFO | engine | scheduler started
2026-01-27 10:53:36,302 | INFO | apscheduler.scheduler | Added job "Engine._schedule_job.<locals>.<lambda>" to job store "default"
2026-01-27 10:53:36,302 | INFO | apscheduler.scheduler | Added job "Engine._schedule_job.<locals>.<lambda>" to job store "default"
2026-01-27 10:53:36,303 | INFO | apscheduler.scheduler | Added job "Engine._schedule_job.<locals>.<lambda>" to job store "default"
2026-01-27 10:53:36,303 | INFO | engine | jobs reloaded: 3
2026-01-27 10:53:36,467 | INFO | apscheduler.scheduler | Added job "Engine._schedule_job.<locals>.<lambda>" to job store "default"
2026-01-27 10:53:36,467 | INFO | apscheduler.scheduler | Added job "Engine._schedule_job.<locals>.<lambda>" to job store "default"
2026-01-27 10:53:36,468 | INFO | apscheduler.scheduler | Added job "Engine._schedule_job.<locals>.<lambda>" to job store "default"
2026-01-27 10:53:36,468 | INFO | engine | jobs reloaded: 3
2026-01-27 10:53:40,031 | INFO | apscheduler.scheduler | Scheduler has been shut down
2026-01-27 10:53:40,034 | INFO | engine | scheduler stopped
2026-01-27 11:37:11,409 | INFO | apscheduler.scheduler | Scheduler started
2026-01-27 11:37:11,410 | INFO | engine | scheduler started
2026-01-27 11:37:11,411 | INFO | apscheduler.scheduler | Added job "Engine._schedule_job.<locals>.<lambda>" to job store "default"
2026-01-27 11:37:11,411 | INFO | apscheduler.scheduler | Added job "Engine._schedule_job.<locals>.<lambda>" to job store "default"
2026-01-27 11:37:11,412 | INFO | apscheduler.scheduler | Added job "Engine._schedule_job.<locals>.<lambda>" to job store "default"
2026-01-27 11:37:11,412 | INFO | engine | jobs reloaded: 3
2026-01-27 11:37:11,449 | INFO | apscheduler.scheduler | Added job "Engine._schedule_job.<locals>.<lambda>" to job store "default"
2026-01-27 11:37:11,450 | INFO | apscheduler.scheduler | Added job "Engine._schedule_job.<locals>.<lambda>" to job store "default"
2026-01-27 11:37:11,450 | INFO | apscheduler.scheduler | Added job "Engine._schedule_job.<locals>.<lambda>" to job store "default"
2026-01-27 11:37:11,450 | INFO | engine | jobs reloaded: 3
2026-01-27 11:38:11,137 | INFO | apscheduler.scheduler | Scheduler has been shut down
2026-01-27 11:38:11,139 | INFO | engine | scheduler stopped
2026-01-28 09:20:15,693 | INFO | apscheduler.scheduler | Scheduler started
2026-01-28 09:20:15,695 | INFO | engine | scheduler started
2026-01-28 09:20:15,696 | INFO | apscheduler.scheduler | Added job "Engine._schedule_job.<locals>.<lambda>" to job store "default"
2026-01-28 09:20:15,696 | INFO | apscheduler.scheduler | Added job "Engine._schedule_job.<locals>.<lambda>" to job store "default"
2026-01-28 09:20:15,696 | INFO | apscheduler.scheduler | Added job "Engine._schedule_job.<locals>.<lambda>" to job store "default"
2026-01-28 09:20:15,696 | INFO | engine | jobs reloaded: 3
2026-01-28 09:20:15,814 | INFO | apscheduler.scheduler | Added job "Engine._schedule_job.<locals>.<lambda>" to job store "default"
2026-01-28 09:20:15,814 | INFO | apscheduler.scheduler | Added job "Engine._schedule_job.<locals>.<lambda>" to job store "default"
2026-01-28 09:20:15,815 | INFO | apscheduler.scheduler | Added job "Engine._schedule_job.<locals>.<lambda>" to job store "default"
2026-01-28 09:20:15,815 | INFO | engine | jobs reloaded: 3
2026-01-28 09:21:15,822 | INFO | apscheduler.executors.default | Running job "Engine._schedule_job.<locals>.<lambda> (trigger: interval[0:01:00], next run at: 2026-01-28 09:21:15 KST)" (scheduled at 2026-01-28 09:21:15.814302+09:00)
2026-01-28 09:21:15,865 | INFO | executor | RUN: ['C:\\Users\\82108\\AppData\\Local\\Programs\\Python\\Python313\\python.exe', 'C:/access/rpa/chat_with_gemini.py'] | cwd=C:/access/rpa | timeout=60
2026-01-28 09:21:55,822 | INFO | apscheduler.executors.default | Running job "Engine._schedule_job.<locals>.<lambda> (trigger: interval[0:01:40], next run at: 2026-01-28 09:21:55 KST)" (scheduled at 2026-01-28 09:21:55.814772+09:00)
2026-01-28 09:21:55,844 | INFO | executor | RUN: ['C:/Users/82108/AppData/Local/Programs/Python/Python313/python.exe', 'C:\\access\\mzip\\cccmp_20.py'] | cwd=c:\temp | timeout=60
2026-01-28 09:21:56,232 | INFO | engine | job done: id=4 status=FAIL
2026-01-28 09:21:56,233 | INFO | apscheduler.executors.default | Job "Engine._schedule_job.<locals>.<lambda> (trigger: interval[0:01:40], next run at: 2026-01-28 09:23:35 KST)" executed successfully
2026-01-28 09:22:15,820 | WARNING | apscheduler.scheduler | Execution of job "Engine._schedule_job.<locals>.<lambda> (trigger: interval[0:01:00], next run at: 2026-01-28 09:22:15 KST)" skipped: maximum number of running instances reached (1)
2026-01-28 09:22:15,895 | INFO | engine | job done: id=5 status=TIMEOUT
2026-01-28 09:22:15,896 | INFO | apscheduler.executors.default | Job "Engine._schedule_job.<locals>.<lambda> (trigger: interval[0:01:00], next run at: 2026-01-28 09:23:15 KST)" executed successfully
2026-01-28 09:23:15,821 | INFO | apscheduler.executors.default | Running job "Engine._schedule_job.<locals>.<lambda> (trigger: interval[0:01:00], next run at: 2026-01-28 09:24:15 KST)" (scheduled at 2026-01-28 09:23:15.814302+09:00)
2026-01-28 09:23:15,833 | INFO | executor | RUN: ['C:\\Users\\82108\\AppData\\Local\\Programs\\Python\\Python313\\python.exe', 'C:/access/rpa/chat_with_gemini.py'] | cwd=C:/access/rpa | timeout=60
2026-01-28 09:23:35,820 | INFO | apscheduler.executors.default | Running job "Engine._schedule_job.<locals>.<lambda> (trigger: interval[0:01:40], next run at: 2026-01-28 09:25:15 KST)" (scheduled at 2026-01-28 09:23:35.814772+09:00)
2026-01-28 09:23:35,829 | INFO | executor | RUN: ['C:/Users/82108/AppData/Local/Programs/Python/Python313/python.exe', 'C:\\access\\mzip\\cccmp_20.py'] | cwd=c:\temp | timeout=60
2026-01-28 09:23:36,124 | INFO | engine | job done: id=4 status=FAIL
2026-01-28 09:23:36,124 | INFO | apscheduler.executors.default | Job "Engine._schedule_job.<locals>.<lambda> (trigger: interval[0:01:40], next run at: 2026-01-28 09:25:15 KST)" executed successfully
2026-01-28 09:24:02,713 | INFO | engine | job done: id=5 status=SUCCESS
2026-01-28 09:24:02,713 | INFO | apscheduler.executors.default | Job "Engine._schedule_job.<locals>.<lambda> (trigger: interval[0:01:00], next run at: 2026-01-28 09:24:15 KST)" executed successfully
2026-01-28 09:24:15,821 | INFO | apscheduler.executors.default | Running job "Engine._schedule_job.<locals>.<lambda> (trigger: interval[0:01:00], next run at: 2026-01-28 09:25:15 KST)" (scheduled at 2026-01-28 09:24:15.814302+09:00)
2026-01-28 09:24:15,834 | INFO | executor | RUN: ['C:\\Users\\82108\\AppData\\Local\\Programs\\Python\\Python313\\python.exe', 'C:/access/rpa/chat_with_gemini.py'] | cwd=C:/access/rpa | timeout=60
2026-01-28 09:25:00,215 | INFO | engine | job done: id=5 status=SUCCESS
2026-01-28 09:25:00,216 | INFO | apscheduler.executors.default | Job "Engine._schedule_job.<locals>.<lambda> (trigger: interval[0:01:00], next run at: 2026-01-28 09:25:15 KST)" executed successfully
2026-01-28 09:25:15,821 | INFO | apscheduler.executors.default | Running job "Engine._schedule_job.<locals>.<lambda> (trigger: interval[0:01:00], next run at: 2026-01-28 09:26:15 KST)" (scheduled at 2026-01-28 09:25:15.814302+09:00)
2026-01-28 09:25:15,821 | INFO | apscheduler.executors.default | Running job "Engine._schedule_job.<locals>.<lambda> (trigger: interval[0:01:40], next run at: 2026-01-28 09:26:55 KST)" (scheduled at 2026-01-28 09:25:15.814772+09:00)
2026-01-28 09:25:15,822 | INFO | apscheduler.executors.default | Running job "Engine._schedule_job.<locals>.<lambda> (trigger: interval[0:05:00], next run at: 2026-01-28 09:30:15 KST)" (scheduled at 2026-01-28 09:25:15.815025+09:00)
2026-01-28 09:25:15,851 | INFO | executor | RUN: ['C:\\Users\\82108\\AppData\\Local\\Programs\\Python\\Python313\\python.exe', 'C:/access/rpa/chat_with_gemini.py'] | cwd=C:/access/rpa | timeout=60
2026-01-28 09:25:15,862 | INFO | executor | RUN: ['C:/Users/82108/AppData/Local/Programs/Python/Python313/python.exe', 'C:\\access\\mzip\\cccmp_20.py'] | cwd=c:\temp | timeout=60
2026-01-28 09:25:15,876 | INFO | executor | RUN: ['C:/Program Files (x86)/HNC/Office 2024/HOffice130/Bin/HCell.exe', 'C:\\Users\\82108\\Downloads\\검토.xlsx'] | cwd=c:\temp | timeout=60
2026-01-28 09:25:16,155 | INFO | engine | job done: id=4 status=FAIL
2026-01-28 09:25:16,156 | INFO | apscheduler.executors.default | Job "Engine._schedule_job.<locals>.<lambda> (trigger: interval[0:01:40], next run at: 2026-01-28 09:26:55 KST)" executed successfully
2026-01-28 09:25:31,867 | INFO | apscheduler.scheduler | Added job "Engine._schedule_job.<locals>.<lambda>" to job store "default"
2026-01-28 09:25:31,869 | INFO | apscheduler.scheduler | Added job "Engine._schedule_job.<locals>.<lambda>" to job store "default"
2026-01-28 09:25:31,870 | INFO | apscheduler.scheduler | Added job "Engine._schedule_job.<locals>.<lambda>" to job store "default"
2026-01-28 09:25:31,872 | INFO | apscheduler.scheduler | Added job "Engine._schedule_job.<locals>.<lambda>" to job store "default"
2026-01-28 09:25:31,872 | INFO | engine | jobs reloaded: 4
2026-01-28 09:25:54,068 | INFO | apscheduler.scheduler | Added job "Engine._schedule_job.<locals>.<lambda>" to job store "default"
2026-01-28 09:25:54,069 | INFO | apscheduler.scheduler | Added job "Engine._schedule_job.<locals>.<lambda>" to job store "default"
2026-01-28 09:25:54,071 | INFO | apscheduler.scheduler | Added job "Engine._schedule_job.<locals>.<lambda>" to job store "default"
2026-01-28 09:25:54,072 | INFO | apscheduler.scheduler | Added job "Engine._schedule_job.<locals>.<lambda>" to job store "default"
2026-01-28 09:25:54,073 | INFO | engine | jobs reloaded: 4
2026-01-28 09:26:07,318 | INFO | engine | job done: id=1 status=SUCCESS
2026-01-28 09:26:07,320 | INFO | apscheduler.executors.default | Job "Engine._schedule_job.<locals>.<lambda> (trigger: interval[0:05:00], next run at: 2026-01-28 09:30:15 KST)" executed successfully
2026-01-28 09:26:15,905 | INFO | engine | job done: id=5 status=TIMEOUT
2026-01-28 09:26:15,906 | INFO | apscheduler.executors.default | Job "Engine._schedule_job.<locals>.<lambda> (trigger: interval[0:01:00], next run at: 2026-01-28 09:26:15 KST)" executed successfully
2026-01-28 09:26:54,071 | INFO | apscheduler.executors.default | Running job "Engine._schedule_job.<locals>.<lambda> (trigger: interval[0:01:00], next run at: 2026-01-28 09:27:54 KST)" (scheduled at 2026-01-28 09:26:54.067908+09:00)
2026-01-28 09:26:54,072 | INFO | apscheduler.executors.default | Running job "Engine._schedule_job.<locals>.<lambda> (trigger: interval[0:01:00], next run at: 2026-01-28 09:27:54 KST)" (scheduled at 2026-01-28 09:26:54.069638+09:00)
2026-01-28 09:26:54,092 | INFO | executor | RUN: ['C:/Users/82108/AppData/Local/Programs/Python/Python313/python.exe', 'hello.py'] | cwd=C:/access/rpa | timeout=60
2026-01-28 09:26:54,103 | INFO | executor | RUN: ['C:\\Users\\82108\\AppData\\Local\\Programs\\Python\\Python313\\python.exe', 'C:/access/rpa/chat_with_gemini.py'] | cwd=C:/access/rpa | timeout=60
2026-01-28 09:26:54,151 | INFO | engine | job done: id=6 status=SUCCESS
2026-01-28 09:26:54,151 | INFO | apscheduler.executors.default | Job "Engine._schedule_job.<locals>.<lambda> (trigger: interval[0:01:00], next run at: 2026-01-28 09:27:54 KST)" executed successfully
2026-01-28 09:27:22,656 | INFO | apscheduler.scheduler | Scheduler has been shut down
2026-01-28 09:27:22,658 | INFO | engine | scheduler stopped
2026-01-28 09:27:30,894 | INFO | engine | job done: id=5 status=FAIL
2026-01-28 09:27:30,894 | INFO | apscheduler.executors.default | Job "Engine._schedule_job.<locals>.<lambda> (trigger: interval[0:01:00], next run at: 2026-01-28 09:27:54 KST)" executed successfully
2026-01-29 18:07:50,110 | INFO | apscheduler.scheduler | Scheduler started
2026-01-29 18:07:50,112 | INFO | engine | scheduler started
2026-01-29 18:07:50,113 | INFO | apscheduler.scheduler | Added job "Engine._schedule_job.<locals>.<lambda>" to job store "default"
2026-01-29 18:07:50,114 | INFO | apscheduler.scheduler | Added job "Engine._schedule_job.<locals>.<lambda>" to job store "default"
2026-01-29 18:07:50,114 | INFO | apscheduler.scheduler | Added job "Engine._schedule_job.<locals>.<lambda>" to job store "default"
2026-01-29 18:07:50,114 | INFO | apscheduler.scheduler | Added job "Engine._schedule_job.<locals>.<lambda>" to job store "default"
2026-01-29 18:07:50,114 | INFO | engine | jobs reloaded: 4
2026-01-29 18:07:50,151 | INFO | apscheduler.scheduler | Added job "Engine._schedule_job.<locals>.<lambda>" to job store "default"
2026-01-29 18:07:50,151 | INFO | apscheduler.scheduler | Added job "Engine._schedule_job.<locals>.<lambda>" to job store "default"
2026-01-29 18:07:50,152 | INFO | apscheduler.scheduler | Added job "Engine._schedule_job.<locals>.<lambda>" to job store "default"
2026-01-29 18:07:50,152 | INFO | apscheduler.scheduler | Added job "Engine._schedule_job.<locals>.<lambda>" to job store "default"
2026-01-29 18:07:50,152 | INFO | engine | jobs reloaded: 4
2026-01-30 11:47:00,232 | INFO | apscheduler.scheduler | Scheduler started
2026-01-30 11:47:00,239 | INFO | engine | scheduler started
2026-01-30 11:47:00,240 | INFO | apscheduler.scheduler | Added job "Engine._schedule_job.<locals>.<lambda>" to job store "default"
2026-01-30 11:47:00,241 | INFO | apscheduler.scheduler | Added job "Engine._schedule_job.<locals>.<lambda>" to job store "default"
2026-01-30 11:47:00,241 | INFO | apscheduler.scheduler | Added job "Engine._schedule_job.<locals>.<lambda>" to job store "default"
2026-01-30 11:47:00,242 | INFO | apscheduler.scheduler | Added job "Engine._schedule_job.<locals>.<lambda>" to job store "default"
2026-01-30 11:47:00,242 | INFO | engine | jobs reloaded: 4
2026-01-30 11:47:00,560 | INFO | apscheduler.scheduler | Added job "Engine._schedule_job.<locals>.<lambda>" to job store "default"
2026-01-30 11:47:00,561 | INFO | apscheduler.scheduler | Added job "Engine._schedule_job.<locals>.<lambda>" to job store "default"
2026-01-30 11:47:00,562 | INFO | apscheduler.scheduler | Added job "Engine._schedule_job.<locals>.<lambda>" to job store "default"
2026-01-30 11:47:00,563 | INFO | apscheduler.scheduler | Added job "Engine._schedule_job.<locals>.<lambda>" to job store "default"
2026-01-30 11:47:00,563 | INFO | engine | jobs reloaded: 4
2026-01-30 11:48:00,578 | INFO | apscheduler.executors.default | Running job "Engine._schedule_job.<locals>.<lambda> (trigger: interval[0:01:00], next run at: 2026-01-30 11:49:00 KST)" (scheduled at 2026-01-30 11:48:00.560488+09:00)
2026-01-30 11:48:00,581 | INFO | apscheduler.executors.default | Running job "Engine._schedule_job.<locals>.<lambda> (trigger: interval[0:01:00], next run at: 2026-01-30 11:49:00 KST)" (scheduled at 2026-01-30 11:48:00.561532+09:00)
2026-01-30 11:48:00,636 | INFO | executor | RUN: ['C:/Users/82108/AppData/Local/Programs/Python/Python313/python.exe', 'hello.py'] | cwd=C:/access/rpa | timeout=60
2026-01-30 11:48:00,730 | INFO | executor | RUN: ['C:\\Users\\82108\\AppData\\Local\\Programs\\Python\\Python313\\python.exe', 'C:/access/rpa/chat_with_gemini.py'] | cwd=C:/access/rpa | timeout=60
2026-01-30 11:48:00,800 | INFO | engine | job done: id=6 status=FAIL
2026-01-30 11:48:00,802 | INFO | apscheduler.executors.default | Job "Engine._schedule_job.<locals>.<lambda> (trigger: interval[0:01:00], next run at: 2026-01-30 11:49:00 KST)" executed successfully
2026-01-30 11:48:06,384 | INFO | engine | job done: id=5 status=SUCCESS
2026-01-30 11:48:06,388 | INFO | apscheduler.executors.default | Job "Engine._schedule_job.<locals>.<lambda> (trigger: interval[0:01:00], next run at: 2026-01-30 11:49:00 KST)" executed successfully
2026-01-30 11:48:40,575 | INFO | apscheduler.executors.default | Running job "Engine._schedule_job.<locals>.<lambda> (trigger: interval[0:01:40], next run at: 2026-01-30 11:50:20 KST)" (scheduled at 2026-01-30 11:48:40.562177+09:00)
2026-01-30 11:48:40,615 | INFO | executor | RUN: ['C:/Users/82108/AppData/Local/Programs/Python/Python313/python.exe', 'C:\\access\\mzip\\cccmp_20.py'] | cwd=c:\temp | timeout=60
2026-01-30 11:48:41,225 | INFO | engine | job done: id=4 status=FAIL
2026-01-30 11:48:41,226 | INFO | apscheduler.executors.default | Job "Engine._schedule_job.<locals>.<lambda> (trigger: interval[0:01:40], next run at: 2026-01-30 11:50:20 KST)" executed successfully
2026-01-30 11:49:00,574 | INFO | apscheduler.executors.default | Running job "Engine._schedule_job.<locals>.<lambda> (trigger: interval[0:01:00], next run at: 2026-01-30 11:50:00 KST)" (scheduled at 2026-01-30 11:49:00.560488+09:00)
2026-01-30 11:49:00,576 | INFO | apscheduler.executors.default | Running job "Engine._schedule_job.<locals>.<lambda> (trigger: interval[0:01:00], next run at: 2026-01-30 11:50:00 KST)" (scheduled at 2026-01-30 11:49:00.561532+09:00)
2026-01-30 11:49:00,634 | INFO | executor | RUN: ['C:/Users/82108/AppData/Local/Programs/Python/Python313/python.exe', 'hello.py'] | cwd=C:/access/rpa | timeout=60
2026-01-30 11:49:00,686 | INFO | executor | RUN: ['C:\\Users\\82108\\AppData\\Local\\Programs\\Python\\Python313\\python.exe', 'C:/access/rpa/chat_with_gemini.py'] | cwd=C:/access/rpa | timeout=60
2026-01-30 11:49:00,725 | INFO | engine | job done: id=6 status=FAIL
2026-01-30 11:49:00,725 | INFO | apscheduler.executors.default | Job "Engine._schedule_job.<locals>.<lambda> (trigger: interval[0:01:00], next run at: 2026-01-30 11:50:00 KST)" executed successfully
2026-01-30 11:49:02,898 | INFO | engine | job done: id=5 status=SUCCESS
2026-01-30 11:49:02,900 | INFO | apscheduler.executors.default | Job "Engine._schedule_job.<locals>.<lambda> (trigger: interval[0:01:00], next run at: 2026-01-30 11:50:00 KST)" executed successfully
2026-01-30 11:49:15,753 | INFO | apscheduler.scheduler | Scheduler has been shut down
2026-01-30 11:49:15,755 | INFO | engine | scheduler stopped
2026-01-30 16:36:00,276 | INFO | apscheduler.scheduler | Scheduler started
2026-01-30 16:36:00,277 | INFO | engine | scheduler started
2026-01-30 16:36:00,278 | INFO | apscheduler.scheduler | Added job "Engine._schedule_job.<locals>.<lambda>" to job store "default"
2026-01-30 16:36:00,278 | INFO | apscheduler.scheduler | Added job "Engine._schedule_job.<locals>.<lambda>" to job store "default"
2026-01-30 16:36:00,279 | INFO | apscheduler.scheduler | Added job "Engine._schedule_job.<locals>.<lambda>" to job store "default"
2026-01-30 16:36:00,279 | INFO | apscheduler.scheduler | Added job "Engine._schedule_job.<locals>.<lambda>" to job store "default"
2026-01-30 16:36:00,279 | INFO | engine | jobs reloaded: 4
2026-01-30 16:36:00,323 | INFO | apscheduler.scheduler | Added job "Engine._schedule_job.<locals>.<lambda>" to job store "default"
2026-01-30 16:36:00,323 | INFO | apscheduler.scheduler | Added job "Engine._schedule_job.<locals>.<lambda>" to job store "default"
2026-01-30 16:36:00,324 | INFO | apscheduler.scheduler | Added job "Engine._schedule_job.<locals>.<lambda>" to job store "default"
2026-01-30 16:36:00,324 | INFO | apscheduler.scheduler | Added job "Engine._schedule_job.<locals>.<lambda>" to job store "default"
2026-01-30 16:36:00,324 | INFO | engine | jobs reloaded: 4
2026-01-30 16:37:00,337 | INFO | apscheduler.executors.default | Running job "Engine._schedule_job.<locals>.<lambda> (trigger: interval[0:01:00], next run at: 2026-01-30 16:37:00 KST)" (scheduled at 2026-01-30 16:37:00.322970+09:00)
2026-01-30 16:37:00,339 | INFO | apscheduler.executors.default | Running job "Engine._schedule_job.<locals>.<lambda> (trigger: interval[0:01:00], next run at: 2026-01-30 16:37:00 KST)" (scheduled at 2026-01-30 16:37:00.323473+09:00)
2026-01-30 16:37:00,360 | INFO | executor | RUN: ['C:/Users/82108/AppData/Local/Programs/Python/Python313/python.exe', 'hello.py'] | cwd=C:/access/rpa | timeout=60
2026-01-30 16:37:00,370 | INFO | executor | RUN: ['C:\\Users\\82108\\AppData\\Local\\Programs\\Python\\Python313\\python.exe', 'C:/access/rpa/chat_with_gemini.py'] | cwd=C:/access/rpa | timeout=60
2026-01-30 16:37:00,405 | INFO | engine | job done: id=6 status=FAIL
2026-01-30 16:37:00,406 | INFO | apscheduler.executors.default | Job "Engine._schedule_job.<locals>.<lambda> (trigger: interval[0:01:00], next run at: 2026-01-30 16:38:00 KST)" executed successfully
2026-01-30 16:37:40,338 | INFO | apscheduler.executors.default | Running job "Engine._schedule_job.<locals>.<lambda> (trigger: interval[0:01:40], next run at: 2026-01-30 16:39:20 KST)" (scheduled at 2026-01-30 16:37:40.323836+09:00)
2026-01-30 16:37:40,349 | INFO | executor | RUN: ['C:/Users/82108/AppData/Local/Programs/Python/Python313/python.exe', 'C:\\access\\mzip\\cccmp_20.py'] | cwd=c:\temp | timeout=60
2026-01-30 16:37:40,672 | INFO | engine | job done: id=4 status=FAIL
2026-01-30 16:37:40,672 | INFO | apscheduler.executors.default | Job "Engine._schedule_job.<locals>.<lambda> (trigger: interval[0:01:40], next run at: 2026-01-30 16:39:20 KST)" executed successfully
2026-01-30 16:37:41,009 | INFO | engine | job done: id=5 status=SUCCESS
2026-01-30 16:37:41,009 | INFO | apscheduler.executors.default | Job "Engine._schedule_job.<locals>.<lambda> (trigger: interval[0:01:00], next run at: 2026-01-30 16:38:00 KST)" executed successfully
2026-01-30 16:38:00,330 | INFO | apscheduler.executors.default | Running job "Engine._schedule_job.<locals>.<lambda> (trigger: interval[0:01:00], next run at: 2026-01-30 16:39:00 KST)" (scheduled at 2026-01-30 16:38:00.322970+09:00)
2026-01-30 16:38:00,330 | INFO | apscheduler.executors.default | Running job "Engine._schedule_job.<locals>.<lambda> (trigger: interval[0:01:00], next run at: 2026-01-30 16:39:00 KST)" (scheduled at 2026-01-30 16:38:00.323473+09:00)
2026-01-30 16:38:00,360 | INFO | executor | RUN: ['C:/Users/82108/AppData/Local/Programs/Python/Python313/python.exe', 'hello.py'] | cwd=C:/access/rpa | timeout=60
2026-01-30 16:38:00,368 | INFO | executor | RUN: ['C:\\Users\\82108\\AppData\\Local\\Programs\\Python\\Python313\\python.exe', 'C:/access/rpa/chat_with_gemini.py'] | cwd=C:/access/rpa | timeout=60
2026-01-30 16:38:00,397 | INFO | engine | job done: id=6 status=FAIL
2026-01-30 16:38:00,397 | INFO | apscheduler.executors.default | Job "Engine._schedule_job.<locals>.<lambda> (trigger: interval[0:01:00], next run at: 2026-01-30 16:39:00 KST)" executed successfully
2026-01-30 16:38:36,795 | INFO | engine | job done: id=5 status=SUCCESS
2026-01-30 16:38:36,796 | INFO | apscheduler.executors.default | Job "Engine._schedule_job.<locals>.<lambda> (trigger: interval[0:01:00], next run at: 2026-01-30 16:39:00 KST)" executed successfully
2026-01-30 16:38:51,420 | INFO | apscheduler.scheduler | Added job "Engine._schedule_job.<locals>.<lambda>" to job store "default"
2026-01-30 16:38:51,422 | INFO | apscheduler.scheduler | Added job "Engine._schedule_job.<locals>.<lambda>" to job store "default"
2026-01-30 16:38:51,422 | INFO | apscheduler.scheduler | Added job "Engine._schedule_job.<locals>.<lambda>" to job store "default"
2026-01-30 16:38:51,423 | INFO | apscheduler.scheduler | Added job "Engine._schedule_job.<locals>.<lambda>" to job store "default"
2026-01-30 16:38:51,424 | INFO | apscheduler.scheduler | Added job "Engine._schedule_job.<locals>.<lambda>" to job store "default"
2026-01-30 16:38:51,424 | INFO | engine | jobs reloaded: 5
2026-01-30 16:39:51,432 | INFO | apscheduler.executors.default | Running job "Engine._schedule_job.<locals>.<lambda> (trigger: interval[0:01:00], next run at: 2026-01-30 16:40:51 KST)" (scheduled at 2026-01-30 16:39:51.421825+09:00)
2026-01-30 16:39:51,432 | INFO | apscheduler.executors.default | Running job "Engine._schedule_job.<locals>.<lambda> (trigger: interval[0:01:00], next run at: 2026-01-30 16:40:51 KST)" (scheduled at 2026-01-30 16:39:51.422594+09:00)
2026-01-30 16:39:51,447 | INFO | executor | RUN: ['C:/Users/82108/AppData/Local/Programs/Python/Python313/python.exe', 'hello.py'] | cwd=C:/access/rpa | timeout=60
2026-01-30 16:39:51,464 | INFO | executor | RUN: ['C:\\Users\\82108\\AppData\\Local\\Programs\\Python\\Python313\\python.exe', 'C:/access/rpa/chat_with_gemini.py'] | cwd=C:/access/rpa | timeout=60
2026-01-30 16:39:51,482 | INFO | engine | job done: id=6 status=FAIL
2026-01-30 16:39:51,482 | INFO | apscheduler.executors.default | Job "Engine._schedule_job.<locals>.<lambda> (trigger: interval[0:01:00], next run at: 2026-01-30 16:40:51 KST)" executed successfully
2026-01-30 16:40:00,015 | INFO | apscheduler.executors.default | Running job "Engine._schedule_job.<locals>.<lambda> (trigger: cron[hour='16', minute='40'], next run at: 2026-01-31 16:40:00 KST)" (scheduled at 2026-01-30 16:40:00+09:00)
2026-01-30 16:40:00,039 | INFO | executor | RUN: ['C:/Users/82108/AppData/Local/Programs/Python/Python313/python.exe', 'flow_runner.py', './flows/flow_A1.yaml'] | cwd= | timeout=60
2026-01-30 16:40:31,434 | INFO | apscheduler.executors.default | Running job "Engine._schedule_job.<locals>.<lambda> (trigger: interval[0:01:40], next run at: 2026-01-30 16:40:31 KST)" (scheduled at 2026-01-30 16:40:31.423307+09:00)
2026-01-30 16:40:31,455 | INFO | executor | RUN: ['C:/Users/82108/AppData/Local/Programs/Python/Python313/python.exe', 'C:\\access\\mzip\\cccmp_20.py'] | cwd=c:\temp | timeout=60
2026-01-30 16:40:31,742 | INFO | engine | job done: id=4 status=FAIL
2026-01-30 16:40:31,743 | INFO | apscheduler.executors.default | Job "Engine._schedule_job.<locals>.<lambda> (trigger: interval[0:01:40], next run at: 2026-01-30 16:42:11 KST)" executed successfully
2026-01-30 16:40:41,609 | INFO | engine | job done: id=5 status=SUCCESS
2026-01-30 16:40:41,609 | INFO | apscheduler.executors.default | Job "Engine._schedule_job.<locals>.<lambda> (trigger: interval[0:01:00], next run at: 2026-01-30 16:40:51 KST)" executed successfully
2026-01-30 16:40:48,447 | INFO | engine | job done: id=7 status=FAIL
2026-01-30 16:40:48,448 | INFO | apscheduler.executors.default | Job "Engine._schedule_job.<locals>.<lambda> (trigger: cron[hour='16', minute='40'], next run at: 2026-01-31 16:40:00 KST)" executed successfully
2026-01-30 16:40:51,437 | INFO | apscheduler.executors.default | Running job "Engine._schedule_job.<locals>.<lambda> (trigger: interval[0:01:00], next run at: 2026-01-30 16:41:51 KST)" (scheduled at 2026-01-30 16:40:51.421825+09:00)
2026-01-30 16:40:51,438 | INFO | apscheduler.executors.default | Running job "Engine._schedule_job.<locals>.<lambda> (trigger: interval[0:01:00], next run at: 2026-01-30 16:41:51 KST)" (scheduled at 2026-01-30 16:40:51.422594+09:00)
2026-01-30 16:40:51,475 | INFO | executor | RUN: ['C:/Users/82108/AppData/Local/Programs/Python/Python313/python.exe', 'hello.py'] | cwd=C:/access/rpa | timeout=60
2026-01-30 16:40:51,489 | INFO | executor | RUN: ['C:\\Users\\82108\\AppData\\Local\\Programs\\Python\\Python313\\python.exe', 'C:/access/rpa/chat_with_gemini.py'] | cwd=C:/access/rpa | timeout=60
2026-01-30 16:40:51,513 | INFO | engine | job done: id=6 status=FAIL
2026-01-30 16:40:51,513 | INFO | apscheduler.executors.default | Job "Engine._schedule_job.<locals>.<lambda> (trigger: interval[0:01:00], next run at: 2026-01-30 16:41:51 KST)" executed successfully
2026-01-30 16:41:25,382 | INFO | apscheduler.scheduler | Added job "Engine._schedule_job.<locals>.<lambda>" to job store "default"
2026-01-30 16:41:25,383 | INFO | apscheduler.scheduler | Added job "Engine._schedule_job.<locals>.<lambda>" to job store "default"
2026-01-30 16:41:25,384 | INFO | apscheduler.scheduler | Added job "Engine._schedule_job.<locals>.<lambda>" to job store "default"
2026-01-30 16:41:25,385 | INFO | apscheduler.scheduler | Added job "Engine._schedule_job.<locals>.<lambda>" to job store "default"
2026-01-30 16:41:25,386 | INFO | apscheduler.scheduler | Added job "Engine._schedule_job.<locals>.<lambda>" to job store "default"
2026-01-30 16:41:25,387 | INFO | engine | jobs reloaded: 5
2026-01-30 16:41:37,345 | INFO | engine | job done: id=5 status=SUCCESS
2026-01-30 16:41:37,350 | INFO | apscheduler.executors.default | Job "Engine._schedule_job.<locals>.<lambda> (trigger: interval[0:01:00], next run at: 2026-01-30 16:41:51 KST)" executed successfully
2026-01-30 16:41:43,563 | INFO | apscheduler.scheduler | Added job "Engine._schedule_job.<locals>.<lambda>" to job store "default"
2026-01-30 16:41:43,565 | INFO | apscheduler.scheduler | Added job "Engine._schedule_job.<locals>.<lambda>" to job store "default"
2026-01-30 16:41:43,566 | INFO | apscheduler.scheduler | Added job "Engine._schedule_job.<locals>.<lambda>" to job store "default"
2026-01-30 16:41:43,568 | INFO | apscheduler.scheduler | Added job "Engine._schedule_job.<locals>.<lambda>" to job store "default"
2026-01-30 16:41:43,570 | INFO | apscheduler.scheduler | Added job "Engine._schedule_job.<locals>.<lambda>" to job store "default"
2026-01-30 16:41:43,571 | INFO | engine | jobs reloaded: 5
2026-01-30 16:43:23,569 | INFO | apscheduler.executors.default | Running job "Engine._schedule_job.<locals>.<lambda> (trigger: interval[0:01:40], next run at: 2026-01-30 16:45:03 KST)" (scheduled at 2026-01-30 16:43:23.567859+09:00)
2026-01-30 16:43:23,588 | INFO | executor | RUN: ['C:/Users/82108/AppData/Local/Programs/Python/Python313/python.exe', 'C:\\access\\mzip\\cccmp_20.py'] | cwd=c:\temp | timeout=60
2026-01-30 16:43:23,904 | INFO | engine | job done: id=4 status=FAIL
2026-01-30 16:43:23,905 | INFO | apscheduler.executors.default | Job "Engine._schedule_job.<locals>.<lambda> (trigger: interval[0:01:40], next run at: 2026-01-30 16:45:03 KST)" executed successfully
2026-01-30 16:45:03,569 | INFO | apscheduler.executors.default | Running job "Engine._schedule_job.<locals>.<lambda> (trigger: interval[0:01:40], next run at: 2026-01-30 16:46:43 KST)" (scheduled at 2026-01-30 16:45:03.567859+09:00)
2026-01-30 16:45:03,588 | INFO | executor | RUN: ['C:/Users/82108/AppData/Local/Programs/Python/Python313/python.exe', 'C:\\access\\mzip\\cccmp_20.py'] | cwd=c:\temp | timeout=60
2026-01-30 16:45:03,850 | INFO | engine | job done: id=4 status=FAIL
2026-01-30 16:45:03,851 | INFO | apscheduler.executors.default | Job "Engine._schedule_job.<locals>.<lambda> (trigger: interval[0:01:40], next run at: 2026-01-30 16:46:43 KST)" executed successfully
2026-01-30 16:46:43,573 | INFO | apscheduler.executors.default | Running job "Engine._schedule_job.<locals>.<lambda> (trigger: interval[0:01:40], next run at: 2026-01-30 16:48:23 KST)" (scheduled at 2026-01-30 16:46:43.567859+09:00)
2026-01-30 16:46:43,574 | INFO | apscheduler.executors.default | Running job "Engine._schedule_job.<locals>.<lambda> (trigger: interval[0:05:00], next run at: 2026-01-30 16:51:43 KST)" (scheduled at 2026-01-30 16:46:43.569507+09:00)
2026-01-30 16:46:43,602 | INFO | executor | RUN: ['C:/Users/82108/AppData/Local/Programs/Python/Python313/python.exe', 'C:\\access\\mzip\\cccmp_20.py'] | cwd=c:\temp | timeout=60
2026-01-30 16:46:43,662 | INFO | executor | RUN: ['C:/Program Files (x86)/HNC/Office 2024/HOffice130/Bin/HCell.exe', 'C:\\Users\\82108\\Downloads\\검토.xlsx'] | cwd=c:\temp | timeout=60
2026-01-30 16:46:43,867 | INFO | engine | job done: id=4 status=FAIL
2026-01-30 16:46:43,867 | INFO | apscheduler.executors.default | Job "Engine._schedule_job.<locals>.<lambda> (trigger: interval[0:01:40], next run at: 2026-01-30 16:48:23 KST)" executed successfully
2026-01-30 16:46:49,079 | INFO | engine | job done: id=1 status=SUCCESS
2026-01-30 16:46:49,079 | INFO | apscheduler.executors.default | Job "Engine._schedule_job.<locals>.<lambda> (trigger: interval[0:05:00], next run at: 2026-01-30 16:51:43 KST)" executed successfully
2026-01-30 16:48:23,571 | INFO | apscheduler.executors.default | Running job "Engine._schedule_job.<locals>.<lambda> (trigger: interval[0:01:40], next run at: 2026-01-30 16:50:03 KST)" (scheduled at 2026-01-30 16:48:23.567859+09:00)
2026-01-30 16:48:23,590 | INFO | executor | RUN: ['C:/Users/82108/AppData/Local/Programs/Python/Python313/python.exe', 'C:\\access\\mzip\\cccmp_20.py'] | cwd=c:\temp | timeout=60
2026-01-30 16:48:23,933 | INFO | engine | job done: id=4 status=FAIL
2026-01-30 16:48:23,933 | INFO | apscheduler.executors.default | Job "Engine._schedule_job.<locals>.<lambda> (trigger: interval[0:01:40], next run at: 2026-01-30 16:50:03 KST)" executed successfully
2026-01-30 16:50:03,583 | INFO | apscheduler.executors.default | Running job "Engine._schedule_job.<locals>.<lambda> (trigger: interval[0:01:40], next run at: 2026-01-30 16:51:43 KST)" (scheduled at 2026-01-30 16:50:03.567859+09:00)
2026-01-30 16:50:03,601 | INFO | executor | RUN: ['C:/Users/82108/AppData/Local/Programs/Python/Python313/python.exe', 'C:\\access\\mzip\\cccmp_20.py'] | cwd=c:\temp | timeout=60
2026-01-30 16:50:03,883 | INFO | engine | job done: id=4 status=FAIL
2026-01-30 16:50:03,884 | INFO | apscheduler.executors.default | Job "Engine._schedule_job.<locals>.<lambda> (trigger: interval[0:01:40], next run at: 2026-01-30 16:51:43 KST)" executed successfully
2026-01-30 16:51:43,575 | INFO | apscheduler.executors.default | Running job "Engine._schedule_job.<locals>.<lambda> (trigger: interval[0:01:40], next run at: 2026-01-30 16:53:23 KST)" (scheduled at 2026-01-30 16:51:43.567859+09:00)
2026-01-30 16:51:43,576 | INFO | apscheduler.executors.default | Running job "Engine._schedule_job.<locals>.<lambda> (trigger: interval[0:05:00], next run at: 2026-01-30 16:56:43 KST)" (scheduled at 2026-01-30 16:51:43.569507+09:00)
2026-01-30 16:51:43,577 | INFO | apscheduler.executors.default | Running job "Engine._schedule_job.<locals>.<lambda> (trigger: interval[0:10:00], next run at: 2026-01-30 17:01:43 KST)" (scheduled at 2026-01-30 16:51:43.566669+09:00)
2026-01-30 16:51:43,590 | INFO | executor | RUN: ['C:/Program Files (x86)/HNC/Office 2024/HOffice130/Bin/HCell.exe', 'C:\\Users\\82108\\Downloads\\검토.xlsx'] | cwd=c:\temp | timeout=60
2026-01-30 16:51:43,598 | INFO | executor | RUN: ['C:\\Users\\82108\\AppData\\Local\\Programs\\Python\\Python313\\python.exe', 'C:/access/rpa/chat_with_gemini.py'] | cwd=C:/access/rpa | timeout=60
2026-01-30 16:51:43,621 | INFO | executor | RUN: ['C:/Users/82108/AppData/Local/Programs/Python/Python313/python.exe', 'C:\\access\\mzip\\cccmp_20.py'] | cwd=c:\temp | timeout=60
2026-01-30 16:51:43,910 | INFO | engine | job done: id=4 status=FAIL
2026-01-30 16:51:43,911 | INFO | apscheduler.executors.default | Job "Engine._schedule_job.<locals>.<lambda> (trigger: interval[0:01:40], next run at: 2026-01-30 16:53:23 KST)" executed successfully
2026-01-30 16:51:44,568 | INFO | apscheduler.executors.default | Running job "Engine._schedule_job.<locals>.<lambda> (trigger: interval[0:10:01], next run at: 2026-01-30 17:01:45 KST)" (scheduled at 2026-01-30 16:51:44.565328+09:00)
2026-01-30 16:51:44,577 | INFO | executor | RUN: ['C:/Users/82108/AppData/Local/Programs/Python/Python313/python.exe', 'hello.py'] | cwd=C:/access/rpa | timeout=60
2026-01-30 16:51:44,613 | INFO | engine | job done: id=6 status=FAIL
2026-01-30 16:51:44,613 | INFO | apscheduler.executors.default | Job "Engine._schedule_job.<locals>.<lambda> (trigger: interval[0:10:01], next run at: 2026-01-30 17:01:45 KST)" executed successfully
2026-01-30 16:51:52,163 | INFO | engine | job done: id=1 status=SUCCESS
2026-01-30 16:51:52,163 | INFO | apscheduler.executors.default | Job "Engine._schedule_job.<locals>.<lambda> (trigger: interval[0:05:00], next run at: 2026-01-30 16:56:43 KST)" executed successfully
2026-01-30 16:52:09,419 | INFO | engine | job done: id=5 status=SUCCESS
2026-01-30 16:52:09,419 | INFO | apscheduler.executors.default | Job "Engine._schedule_job.<locals>.<lambda> (trigger: interval[0:10:00], next run at: 2026-01-30 17:01:43 KST)" executed successfully
2026-01-30 16:53:23,572 | INFO | apscheduler.executors.default | Running job "Engine._schedule_job.<locals>.<lambda> (trigger: interval[0:01:40], next run at: 2026-01-30 16:55:03 KST)" (scheduled at 2026-01-30 16:53:23.567859+09:00)
2026-01-30 16:53:23,583 | INFO | executor | RUN: ['C:/Users/82108/AppData/Local/Programs/Python/Python313/python.exe', 'C:\\access\\mzip\\cccmp_20.py'] | cwd=c:\temp | timeout=60
2026-01-30 16:53:23,873 | INFO | engine | job done: id=4 status=FAIL
2026-01-30 16:53:23,873 | INFO | apscheduler.executors.default | Job "Engine._schedule_job.<locals>.<lambda> (trigger: interval[0:01:40], next run at: 2026-01-30 16:55:03 KST)" executed successfully
2026-01-30 16:55:03,569 | INFO | apscheduler.executors.default | Running job "Engine._schedule_job.<locals>.<lambda> (trigger: interval[0:01:40], next run at: 2026-01-30 16:56:43 KST)" (scheduled at 2026-01-30 16:55:03.567859+09:00)
2026-01-30 16:55:03,587 | INFO | executor | RUN: ['C:/Users/82108/AppData/Local/Programs/Python/Python313/python.exe', 'C:\\access\\mzip\\cccmp_20.py'] | cwd=c:\temp | timeout=60
2026-01-30 16:55:03,932 | INFO | engine | job done: id=4 status=FAIL
2026-01-30 16:55:03,932 | INFO | apscheduler.executors.default | Job "Engine._schedule_job.<locals>.<lambda> (trigger: interval[0:01:40], next run at: 2026-01-30 16:56:43 KST)" executed successfully
2026-01-30 16:56:43,569 | INFO | apscheduler.executors.default | Running job "Engine._schedule_job.<locals>.<lambda> (trigger: interval[0:01:40], next run at: 2026-01-30 16:58:23 KST)" (scheduled at 2026-01-30 16:56:43.567859+09:00)
2026-01-30 16:56:43,570 | INFO | apscheduler.executors.default | Running job "Engine._schedule_job.<locals>.<lambda> (trigger: interval[0:05:00], next run at: 2026-01-30 17:01:43 KST)" (scheduled at 2026-01-30 16:56:43.569507+09:00)
2026-01-30 16:56:43,601 | INFO | executor | RUN: ['C:/Users/82108/AppData/Local/Programs/Python/Python313/python.exe', 'C:\\access\\mzip\\cccmp_20.py'] | cwd=c:\temp | timeout=60
2026-01-30 16:56:43,610 | INFO | executor | RUN: ['C:/Program Files (x86)/HNC/Office 2024/HOffice130/Bin/HCell.exe', 'C:\\Users\\82108\\Downloads\\검토.xlsx'] | cwd=c:\temp | timeout=60
2026-01-30 16:56:43,936 | INFO | engine | job done: id=4 status=FAIL
2026-01-30 16:56:43,937 | INFO | apscheduler.executors.default | Job "Engine._schedule_job.<locals>.<lambda> (trigger: interval[0:01:40], next run at: 2026-01-30 16:58:23 KST)" executed successfully
2026-01-30 16:57:31,479 | INFO | engine | job done: id=1 status=SUCCESS
2026-01-30 16:57:31,480 | INFO | apscheduler.executors.default | Job "Engine._schedule_job.<locals>.<lambda> (trigger: interval[0:05:00], next run at: 2026-01-30 17:01:43 KST)" executed successfully
2026-01-30 16:58:23,575 | INFO | apscheduler.executors.default | Running job "Engine._schedule_job.<locals>.<lambda> (trigger: interval[0:01:40], next run at: 2026-01-30 17:00:03 KST)" (scheduled at 2026-01-30 16:58:23.567859+09:00)
2026-01-30 16:58:23,600 | INFO | executor | RUN: ['C:/Users/82108/AppData/Local/Programs/Python/Python313/python.exe', 'C:\\access\\mzip\\cccmp_20.py'] | cwd=c:\temp | timeout=60
2026-01-30 16:58:23,858 | INFO | engine | job done: id=4 status=FAIL
2026-01-30 16:58:23,858 | INFO | apscheduler.executors.default | Job "Engine._schedule_job.<locals>.<lambda> (trigger: interval[0:01:40], next run at: 2026-01-30 17:00:03 KST)" executed successfully
2026-01-30 17:00:03,577 | INFO | apscheduler.executors.default | Running job "Engine._schedule_job.<locals>.<lambda> (trigger: interval[0:01:40], next run at: 2026-01-30 17:01:43 KST)" (scheduled at 2026-01-30 17:00:03.567859+09:00)
2026-01-30 17:00:03,602 | INFO | executor | RUN: ['C:/Users/82108/AppData/Local/Programs/Python/Python313/python.exe', 'C:\\access\\mzip\\cccmp_20.py'] | cwd=c:\temp | timeout=60
2026-01-30 17:00:03,930 | INFO | engine | job done: id=4 status=FAIL
2026-01-30 17:00:03,931 | INFO | apscheduler.executors.default | Job "Engine._schedule_job.<locals>.<lambda> (trigger: interval[0:01:40], next run at: 2026-01-30 17:01:43 KST)" executed successfully
2026-01-30 17:01:43,577 | INFO | apscheduler.executors.default | Running job "Engine._schedule_job.<locals>.<lambda> (trigger: interval[0:10:00], next run at: 2026-01-30 17:11:43 KST)" (scheduled at 2026-01-30 17:01:43.566669+09:00)
2026-01-30 17:01:43,578 | INFO | apscheduler.executors.default | Running job "Engine._schedule_job.<locals>.<lambda> (trigger: interval[0:01:40], next run at: 2026-01-30 17:03:23 KST)" (scheduled at 2026-01-30 17:01:43.567859+09:00)
2026-01-30 17:01:43,579 | INFO | apscheduler.executors.default | Running job "Engine._schedule_job.<locals>.<lambda> (trigger: interval[0:05:00], next run at: 2026-01-30 17:06:43 KST)" (scheduled at 2026-01-30 17:01:43.569507+09:00)
2026-01-30 17:01:43,612 | INFO | executor | RUN: ['C:\\Users\\82108\\AppData\\Local\\Programs\\Python\\Python313\\python.exe', 'C:/access/rpa/chat_with_gemini.py'] | cwd=C:/access/rpa | timeout=60
2026-01-30 17:01:43,625 | INFO | executor | RUN: ['C:/Program Files (x86)/HNC/Office 2024/HOffice130/Bin/HCell.exe', 'C:\\Users\\82108\\Downloads\\검토.xlsx'] | cwd=c:\temp | timeout=60
2026-01-30 17:01:43,634 | INFO | executor | RUN: ['C:/Users/82108/AppData/Local/Programs/Python/Python313/python.exe', 'C:\\access\\mzip\\cccmp_20.py'] | cwd=c:\temp | timeout=60
2026-01-30 17:01:43,929 | INFO | engine | job done: id=4 status=FAIL
2026-01-30 17:01:43,930 | INFO | apscheduler.executors.default | Job "Engine._schedule_job.<locals>.<lambda> (trigger: interval[0:01:40], next run at: 2026-01-30 17:03:23 KST)" executed successfully
2026-01-30 17:01:45,568 | INFO | apscheduler.executors.default | Running job "Engine._schedule_job.<locals>.<lambda> (trigger: interval[0:10:01], next run at: 2026-01-30 17:11:46 KST)" (scheduled at 2026-01-30 17:01:45.565328+09:00)
2026-01-30 17:01:45,587 | INFO | executor | RUN: ['C:/Users/82108/AppData/Local/Programs/Python/Python313/python.exe', 'hello.py'] | cwd=C:/access/rpa | timeout=60
2026-01-30 17:01:45,621 | INFO | engine | job done: id=6 status=FAIL
2026-01-30 17:01:45,622 | INFO | apscheduler.executors.default | Job "Engine._schedule_job.<locals>.<lambda> (trigger: interval[0:10:01], next run at: 2026-01-30 17:11:46 KST)" executed successfully
2026-01-30 17:01:51,338 | INFO | engine | job done: id=1 status=SUCCESS
2026-01-30 17:01:51,339 | INFO | apscheduler.executors.default | Job "Engine._schedule_job.<locals>.<lambda> (trigger: interval[0:05:00], next run at: 2026-01-30 17:06:43 KST)" executed successfully
2026-01-30 17:02:28,245 | INFO | engine | job done: id=5 status=SUCCESS
2026-01-30 17:02:28,246 | INFO | apscheduler.executors.default | Job "Engine._schedule_job.<locals>.<lambda> (trigger: interval[0:10:00], next run at: 2026-01-30 17:11:43 KST)" executed successfully
2026-01-30 17:03:23,574 | INFO | apscheduler.executors.default | Running job "Engine._schedule_job.<locals>.<lambda> (trigger: interval[0:01:40], next run at: 2026-01-30 17:05:03 KST)" (scheduled at 2026-01-30 17:03:23.567859+09:00)
2026-01-30 17:03:23,592 | INFO | executor | RUN: ['C:/Users/82108/AppData/Local/Programs/Python/Python313/python.exe', 'C:\\access\\mzip\\cccmp_20.py'] | cwd=c:\temp | timeout=60
2026-01-30 17:03:23,911 | INFO | engine | job done: id=4 status=FAIL
2026-01-30 17:03:23,915 | INFO | apscheduler.executors.default | Job "Engine._schedule_job.<locals>.<lambda> (trigger: interval[0:01:40], next run at: 2026-01-30 17:05:03 KST)" executed successfully
2026-01-30 17:04:56,514 | INFO | apscheduler.scheduler | Added job "Engine._schedule_job.<locals>.<lambda>" to job store "default"
2026-01-30 17:04:56,516 | INFO | apscheduler.scheduler | Added job "Engine._schedule_job.<locals>.<lambda>" to job store "default"
2026-01-30 17:04:56,517 | INFO | apscheduler.scheduler | Added job "Engine._schedule_job.<locals>.<lambda>" to job store "default"
2026-01-30 17:04:56,518 | INFO | apscheduler.scheduler | Added job "Engine._schedule_job.<locals>.<lambda>" to job store "default"
2026-01-30 17:04:56,519 | INFO | apscheduler.scheduler | Added job "Engine._schedule_job.<locals>.<lambda>" to job store "default"
2026-01-30 17:04:56,520 | INFO | engine | jobs reloaded: 5
2026-01-30 17:06:00,011 | INFO | apscheduler.executors.default | Running job "Engine._schedule_job.<locals>.<lambda> (trigger: cron[hour='17', minute='6'], next run at: 2026-01-31 17:06:00 KST)" (scheduled at 2026-01-30 17:06:00+09:00)
2026-01-30 17:06:00,029 | INFO | executor | RUN: ['C:/Users/82108/AppData/Local/Programs/Python/Python313/python.exe', 'flow_runner.py', './flows/flow_A1.yaml'] | cwd= | timeout=60
2026-01-30 17:06:36,526 | INFO | apscheduler.executors.default | Running job "Engine._schedule_job.<locals>.<lambda> (trigger: interval[0:01:40], next run at: 2026-01-30 17:08:16 KST)" (scheduled at 2026-01-30 17:06:36.518368+09:00)
2026-01-30 17:06:36,543 | INFO | executor | RUN: ['C:/Users/82108/AppData/Local/Programs/Python/Python313/python.exe', 'C:\\access\\mzip\\cccmp_20.py'] | cwd=c:\temp | timeout=60
2026-01-30 17:06:36,837 | INFO | engine | job done: id=4 status=FAIL
2026-01-30 17:06:36,854 | INFO | apscheduler.executors.default | Job "Engine._schedule_job.<locals>.<lambda> (trigger: interval[0:01:40], next run at: 2026-01-30 17:08:16 KST)" executed successfully
2026-01-30 17:06:38,767 | INFO | engine | job done: id=7 status=SUCCESS
2026-01-30 17:06:38,768 | INFO | apscheduler.executors.default | Job "Engine._schedule_job.<locals>.<lambda> (trigger: cron[hour='17', minute='6'], next run at: 2026-01-31 17:06:00 KST)" executed successfully
2026-01-30 17:08:16,541 | INFO | apscheduler.executors.default | Running job "Engine._schedule_job.<locals>.<lambda> (trigger: interval[0:01:40], next run at: 2026-01-30 17:09:56 KST)" (scheduled at 2026-01-30 17:08:16.518368+09:00)
2026-01-30 17:08:16,549 | INFO | executor | RUN: ['C:/Users/82108/AppData/Local/Programs/Python/Python313/python.exe', 'C:\\access\\mzip\\cccmp_20.py'] | cwd=c:\temp | timeout=60
2026-01-30 17:08:16,828 | INFO | engine | job done: id=4 status=FAIL
2026-01-30 17:08:16,829 | INFO | apscheduler.executors.default | Job "Engine._schedule_job.<locals>.<lambda> (trigger: interval[0:01:40], next run at: 2026-01-30 17:09:56 KST)" executed successfully
2026-01-30 17:08:38,514 | INFO | apscheduler.scheduler | Added job "Engine._schedule_job.<locals>.<lambda>" to job store "default"
2026-01-30 17:08:38,515 | INFO | apscheduler.scheduler | Added job "Engine._schedule_job.<locals>.<lambda>" to job store "default"
2026-01-30 17:08:38,516 | INFO | apscheduler.scheduler | Added job "Engine._schedule_job.<locals>.<lambda>" to job store "default"
2026-01-30 17:08:38,517 | INFO | apscheduler.scheduler | Added job "Engine._schedule_job.<locals>.<lambda>" to job store "default"
2026-01-30 17:08:38,518 | INFO | apscheduler.scheduler | Added job "Engine._schedule_job.<locals>.<lambda>" to job store "default"
2026-01-30 17:08:38,519 | INFO | engine | jobs reloaded: 5
2026-01-30 17:08:52,869 | INFO | apscheduler.scheduler | Added job "Engine._schedule_job.<locals>.<lambda>" to job store "default"
2026-01-30 17:08:52,870 | INFO | apscheduler.scheduler | Added job "Engine._schedule_job.<locals>.<lambda>" to job store "default"
2026-01-30 17:08:52,871 | INFO | apscheduler.scheduler | Added job "Engine._schedule_job.<locals>.<lambda>" to job store "default"
2026-01-30 17:08:52,872 | INFO | apscheduler.scheduler | Added job "Engine._schedule_job.<locals>.<lambda>" to job store "default"
2026-01-30 17:08:52,873 | INFO | apscheduler.scheduler | Added job "Engine._schedule_job.<locals>.<lambda>" to job store "default"
2026-01-30 17:08:52,874 | INFO | engine | jobs reloaded: 5
2026-01-30 17:09:00,028 | INFO | apscheduler.executors.default | Running job "Engine._schedule_job.<locals>.<lambda> (trigger: cron[hour='17', minute='9'], next run at: 2026-01-31 17:09:00 KST)" (scheduled at 2026-01-30 17:09:00+09:00)
2026-01-30 17:09:00,042 | INFO | executor | RUN: ['C:/Users/82108/AppData/Local/Programs/Python/Python313/python.exe', 'flow_runner.py', './flows/flow_A1.yaml'] | cwd= | timeout=60
2026-01-30 17:09:40,933 | INFO | engine | job done: id=7 status=SUCCESS
2026-01-30 17:09:40,938 | INFO | apscheduler.executors.default | Job "Engine._schedule_job.<locals>.<lambda> (trigger: cron[hour='17', minute='9'], next run at: 2026-01-31 17:09:00 KST)" executed successfully
2026-01-30 17:11:31,430 | INFO | executor | RUN: ['C:/Users/82108/AppData/Local/Programs/Python/Python313/python.exe', 'flow_runner.py', './flows/flow_A1.yaml'] | cwd= | timeout=60
2026-01-30 17:12:19,909 | INFO | engine | job done: id=7 status=SUCCESS
2026-01-30 17:13:52,875 | INFO | apscheduler.executors.default | Running job "Engine._schedule_job.<locals>.<lambda> (trigger: interval[0:05:00], next run at: 2026-01-30 17:18:52 KST)" (scheduled at 2026-01-30 17:13:52.873515+09:00)
2026-01-30 17:13:52,892 | INFO | executor | RUN: ['C:/Program Files (x86)/HNC/Office 2024/HOffice130/Bin/HCell.exe', 'C:\\Users\\82108\\Downloads\\검토.xlsx'] | cwd=c:\temp | timeout=60
2026-01-30 17:13:58,042 | INFO | engine | job done: id=1 status=SUCCESS
2026-01-30 17:13:58,042 | INFO | apscheduler.executors.default | Job "Engine._schedule_job.<locals>.<lambda> (trigger: interval[0:05:00], next run at: 2026-01-30 17:18:52 KST)" executed successfully
2026-01-30 17:14:58,887 | INFO | apscheduler.scheduler | Scheduler has been shut down
2026-01-30 17:14:58,888 | INFO | engine | scheduler stopped
2026-01-30 17:15:05,975 | INFO | apscheduler.scheduler | Scheduler started
2026-01-30 17:15:05,977 | INFO | engine | scheduler started
2026-01-30 17:15:05,980 | INFO | apscheduler.scheduler | Added job "Engine._schedule_job.<locals>.<lambda>" to job store "default"
2026-01-30 17:15:05,980 | INFO | apscheduler.scheduler | Added job "Engine._schedule_job.<locals>.<lambda>" to job store "default"
2026-01-30 17:15:05,981 | INFO | apscheduler.scheduler | Added job "Engine._schedule_job.<locals>.<lambda>" to job store "default"
2026-01-30 17:15:05,981 | INFO | apscheduler.scheduler | Added job "Engine._schedule_job.<locals>.<lambda>" to job store "default"
2026-01-30 17:15:05,982 | INFO | apscheduler.scheduler | Added job "Engine._schedule_job.<locals>.<lambda>" to job store "default"
2026-01-30 17:15:05,982 | INFO | engine | jobs reloaded: 5
2026-01-30 17:15:06,028 | INFO | apscheduler.scheduler | Added job "Engine._schedule_job.<locals>.<lambda>" to job store "default"
2026-01-30 17:15:06,029 | INFO | apscheduler.scheduler | Added job "Engine._schedule_job.<locals>.<lambda>" to job store "default"
2026-01-30 17:15:06,030 | INFO | apscheduler.scheduler | Added job "Engine._schedule_job.<locals>.<lambda>" to job store "default"
2026-01-30 17:15:06,030 | INFO | apscheduler.scheduler | Added job "Engine._schedule_job.<locals>.<lambda>" to job store "default"
2026-01-30 17:15:06,030 | INFO | apscheduler.scheduler | Added job "Engine._schedule_job.<locals>.<lambda>" to job store "default"
2026-01-30 17:15:06,030 | INFO | engine | jobs reloaded: 5
2026-01-30 17:15:20,106 | INFO | apscheduler.scheduler | Added job "Engine._schedule_job.<locals>.<lambda>" to job store "default"
2026-01-30 17:15:20,108 | INFO | apscheduler.scheduler | Added job "Engine._schedule_job.<locals>.<lambda>" to job store "default"
2026-01-30 17:15:20,109 | INFO | apscheduler.scheduler | Added job "Engine._schedule_job.<locals>.<lambda>" to job store "default"
2026-01-30 17:15:20,110 | INFO | apscheduler.scheduler | Added job "Engine._schedule_job.<locals>.<lambda>" to job store "default"
2026-01-30 17:15:20,111 | INFO | apscheduler.scheduler | Added job "Engine._schedule_job.<locals>.<lambda>" to job store "default"
2026-01-30 17:15:20,112 | INFO | engine | jobs reloaded: 5
2026-01-30 17:16:00,013 | INFO | apscheduler.executors.default | Running job "Engine._schedule_job.<locals>.<lambda> (trigger: cron[hour='17', minute='16'], next run at: 2026-01-30 17:16:00 KST)" (scheduled at 2026-01-30 17:16:00+09:00)
2026-01-30 17:16:00,033 | INFO | executor | RUN: ['C:/Users/82108/AppData/Local/Programs/Python/Python313/python.exe', 'flow_runner.py', './flows/flow_A1.yaml'] | cwd= | timeout=60
2026-01-30 17:16:21,313 | INFO | engine | job done: id=7 status=SUCCESS
2026-01-30 17:16:21,313 | INFO | apscheduler.executors.default | Job "Engine._schedule_job.<locals>.<lambda> (trigger: cron[hour='17', minute='16'], next run at: 2026-01-31 17:16:00 KST)" executed successfully
2026-01-30 17:20:20,120 | INFO | apscheduler.executors.default | Running job "Engine._schedule_job.<locals>.<lambda> (trigger: interval[0:05:00], next run at: 2026-01-30 17:25:20 KST)" (scheduled at 2026-01-30 17:20:20.111198+09:00)
2026-01-30 17:20:20,137 | INFO | executor | RUN: ['C:/Program Files (x86)/HNC/Office 2024/HOffice130/Bin/HCell.exe', 'C:\\Users\\82108\\Downloads\\검토.xlsx'] | cwd=c:\temp | timeout=60
2026-01-30 17:20:29,148 | INFO | engine | job done: id=1 status=SUCCESS
2026-01-30 17:20:29,150 | INFO | apscheduler.executors.default | Job "Engine._schedule_job.<locals>.<lambda> (trigger: interval[0:05:00], next run at: 2026-01-30 17:25:20 KST)" executed successfully
2026-01-30 17:25:20,122 | INFO | apscheduler.executors.default | Running job "Engine._schedule_job.<locals>.<lambda> (trigger: interval[0:10:00], next run at: 2026-01-30 17:35:20 KST)" (scheduled at 2026-01-30 17:25:20.109360+09:00)
2026-01-30 17:25:20,127 | INFO | apscheduler.executors.default | Running job "Engine._schedule_job.<locals>.<lambda> (trigger: interval[0:05:00], next run at: 2026-01-30 17:25:20 KST)" (scheduled at 2026-01-30 17:25:20.111198+09:00)
2026-01-30 17:25:20,137 | INFO | executor | RUN: ['C:\\Users\\82108\\AppData\\Local\\Programs\\Python\\Python313\\python.exe', 'C:/access/rpa/chat_with_gemini.py'] | cwd=C:/access/rpa | timeout=60
2026-01-30 17:25:20,158 | INFO | executor | RUN: ['C:/Program Files (x86)/HNC/Office 2024/HOffice130/Bin/HCell.exe', 'C:\\Users\\82108\\Downloads\\검토.xlsx'] | cwd=c:\temp | timeout=60
2026-01-30 17:25:21,118 | INFO | apscheduler.executors.default | Running job "Engine._schedule_job.<locals>.<lambda> (trigger: interval[0:10:01], next run at: 2026-01-30 17:25:21 KST)" (scheduled at 2026-01-30 17:25:21.108112+09:00)
2026-01-30 17:25:21,126 | INFO | executor | RUN: ['C:/Users/82108/AppData/Local/Programs/Python/Python313/python.exe', 'hello.py'] | cwd=C:/access/rpa | timeout=60
2026-01-30 17:25:21,167 | INFO | engine | job done: id=6 status=FAIL
2026-01-30 17:25:21,170 | INFO | apscheduler.executors.default | Job "Engine._schedule_job.<locals>.<lambda> (trigger: interval[0:10:01], next run at: 2026-01-30 17:35:22 KST)" executed successfully
2026-01-30 17:26:17,765 | INFO | engine | job done: id=5 status=SUCCESS
2026-01-30 17:26:17,765 | INFO | apscheduler.executors.default | Job "Engine._schedule_job.<locals>.<lambda> (trigger: interval[0:10:00], next run at: 2026-01-30 17:35:20 KST)" executed successfully
2026-01-30 17:26:20,315 | INFO | engine | job done: id=1 status=TIMEOUT
2026-01-30 17:26:20,316 | INFO | apscheduler.executors.default | Job "Engine._schedule_job.<locals>.<lambda> (trigger: interval[0:05:00], next run at: 2026-01-30 17:30:20 KST)" executed successfully
2026-01-30 17:30:20,121 | INFO | apscheduler.executors.default | Running job "Engine._schedule_job.<locals>.<lambda> (trigger: interval[0:05:00], next run at: 2026-01-30 17:35:20 KST)" (scheduled at 2026-01-30 17:30:20.111198+09:00)
2026-01-30 17:30:20,128 | INFO | executor | RUN: ['C:/Program Files (x86)/HNC/Office 2024/HOffice130/Bin/HCell.exe', 'C:\\Users\\82108\\Downloads\\검토.xlsx'] | cwd=c:\temp | timeout=60
2026-01-30 17:31:20,274 | INFO | engine | job done: id=1 status=TIMEOUT
2026-01-30 17:31:20,276 | INFO | apscheduler.executors.default | Job "Engine._schedule_job.<locals>.<lambda> (trigger: interval[0:05:00], next run at: 2026-01-30 17:35:20 KST)" executed successfully
2026-01-30 17:32:00,119 | INFO | apscheduler.executors.default | Running job "Engine._schedule_job.<locals>.<lambda> (trigger: interval[0:16:40], next run at: 2026-01-30 17:48:40 KST)" (scheduled at 2026-01-30 17:32:00.110383+09:00)
2026-01-30 17:32:00,138 | INFO | executor | RUN: ['C:/Users/82108/AppData/Local/Programs/Python/Python313/python.exe', 'C:\\access\\mzip\\cccmp_20.py'] | cwd=c:\temp | timeout=60
2026-01-30 17:32:00,441 | INFO | engine | job done: id=4 status=FAIL
2026-01-30 17:32:00,442 | INFO | apscheduler.executors.default | Job "Engine._schedule_job.<locals>.<lambda> (trigger: interval[0:16:40], next run at: 2026-01-30 17:48:40 KST)" executed successfully
2026-01-30 17:35:20,120 | INFO | apscheduler.executors.default | Running job "Engine._schedule_job.<locals>.<lambda> (trigger: interval[0:10:00], next run at: 2026-01-30 17:45:20 KST)" (scheduled at 2026-01-30 17:35:20.109360+09:00)
2026-01-30 17:35:20,120 | INFO | apscheduler.executors.default | Running job "Engine._schedule_job.<locals>.<lambda> (trigger: interval[0:05:00], next run at: 2026-01-30 17:40:20 KST)" (scheduled at 2026-01-30 17:35:20.111198+09:00)
2026-01-30 17:35:20,139 | INFO | executor | RUN: ['C:\\Users\\82108\\AppData\\Local\\Programs\\Python\\Python313\\python.exe', 'C:/access/rpa/chat_with_gemini.py'] | cwd=C:/access/rpa | timeout=60
2026-01-30 17:35:20,156 | INFO | executor | RUN: ['C:/Program Files (x86)/HNC/Office 2024/HOffice130/Bin/HCell.exe', 'C:\\Users\\82108\\Downloads\\검토.xlsx'] | cwd=c:\temp | timeout=60
2026-01-30 17:35:22,119 | INFO | apscheduler.executors.default | Running job "Engine._schedule_job.<locals>.<lambda> (trigger: interval[0:10:01], next run at: 2026-01-30 17:45:23 KST)" (scheduled at 2026-01-30 17:35:22.108112+09:00)
2026-01-30 17:35:22,133 | INFO | executor | RUN: ['C:/Users/82108/AppData/Local/Programs/Python/Python313/python.exe', 'hello.py'] | cwd=C:/access/rpa | timeout=60
2026-01-30 17:35:22,181 | INFO | engine | job done: id=6 status=FAIL
2026-01-30 17:35:22,181 | INFO | apscheduler.executors.default | Job "Engine._schedule_job.<locals>.<lambda> (trigger: interval[0:10:01], next run at: 2026-01-30 17:45:23 KST)" executed successfully
2026-01-30 17:35:45,464 | INFO | engine | job done: id=5 status=SUCCESS
2026-01-30 17:35:45,465 | INFO | apscheduler.executors.default | Job "Engine._schedule_job.<locals>.<lambda> (trigger: interval[0:10:00], next run at: 2026-01-30 17:45:20 KST)" executed successfully
2026-01-30 17:36:20,334 | INFO | engine | job done: id=1 status=TIMEOUT
2026-01-30 17:36:20,337 | INFO | apscheduler.executors.default | Job "Engine._schedule_job.<locals>.<lambda> (trigger: interval[0:05:00], next run at: 2026-01-30 17:40:20 KST)" executed successfully
2026-01-30 17:40:20,121 | INFO | apscheduler.executors.default | Running job "Engine._schedule_job.<locals>.<lambda> (trigger: interval[0:05:00], next run at: 2026-01-30 17:45:20 KST)" (scheduled at 2026-01-30 17:40:20.111198+09:00)
2026-01-30 17:40:20,137 | INFO | executor | RUN: ['C:/Program Files (x86)/HNC/Office 2024/HOffice130/Bin/HCell.exe', 'C:\\Users\\82108\\Downloads\\검토.xlsx'] | cwd=c:\temp | timeout=60
2026-01-30 17:41:20,294 | INFO | engine | job done: id=1 status=TIMEOUT
2026-01-30 17:41:20,294 | INFO | apscheduler.executors.default | Job "Engine._schedule_job.<locals>.<lambda> (trigger: interval[0:05:00], next run at: 2026-01-30 17:45:20 KST)" executed successfully
2026-01-30 17:45:20,120 | INFO | apscheduler.executors.default | Running job "Engine._schedule_job.<locals>.<lambda> (trigger: interval[0:10:00], next run at: 2026-01-30 17:55:20 KST)" (scheduled at 2026-01-30 17:45:20.109360+09:00)
2026-01-30 17:45:20,120 | INFO | apscheduler.executors.default | Running job "Engine._schedule_job.<locals>.<lambda> (trigger: interval[0:05:00], next run at: 2026-01-30 17:50:20 KST)" (scheduled at 2026-01-30 17:45:20.111198+09:00)
2026-01-30 17:45:20,140 | INFO | executor | RUN: ['C:\\Users\\82108\\AppData\\Local\\Programs\\Python\\Python313\\python.exe', 'C:/access/rpa/chat_with_gemini.py'] | cwd=C:/access/rpa | timeout=60
2026-01-30 17:45:20,158 | INFO | executor | RUN: ['C:/Program Files (x86)/HNC/Office 2024/HOffice130/Bin/HCell.exe', 'C:\\Users\\82108\\Downloads\\검토.xlsx'] | cwd=c:\temp | timeout=60
2026-01-30 17:45:23,119 | INFO | apscheduler.executors.default | Running job "Engine._schedule_job.<locals>.<lambda> (trigger: interval[0:10:01], next run at: 2026-01-30 17:55:24 KST)" (scheduled at 2026-01-30 17:45:23.108112+09:00)
2026-01-30 17:45:23,127 | INFO | executor | RUN: ['C:/Users/82108/AppData/Local/Programs/Python/Python313/python.exe', 'hello.py'] | cwd=C:/access/rpa | timeout=60
2026-01-30 17:45:23,166 | INFO | engine | job done: id=6 status=FAIL
2026-01-30 17:45:23,173 | INFO | apscheduler.executors.default | Job "Engine._schedule_job.<locals>.<lambda> (trigger: interval[0:10:01], next run at: 2026-01-30 17:55:24 KST)" executed successfully
2026-01-30 17:45:56,966 | INFO | engine | job done: id=5 status=SUCCESS
2026-01-30 17:45:56,967 | INFO | apscheduler.executors.default | Job "Engine._schedule_job.<locals>.<lambda> (trigger: interval[0:10:00], next run at: 2026-01-30 17:55:20 KST)" executed successfully
2026-01-30 17:46:20,329 | INFO | engine | job done: id=1 status=TIMEOUT
2026-01-30 17:46:20,330 | INFO | apscheduler.executors.default | Job "Engine._schedule_job.<locals>.<lambda> (trigger: interval[0:05:00], next run at: 2026-01-30 17:50:20 KST)" executed successfully
2026-01-30 17:48:40,135 | INFO | apscheduler.executors.default | Running job "Engine._schedule_job.<locals>.<lambda> (trigger: interval[0:16:40], next run at: 2026-01-30 18:05:20 KST)" (scheduled at 2026-01-30 17:48:40.110383+09:00)
2026-01-30 17:48:40,167 | INFO | executor | RUN: ['C:/Users/82108/AppData/Local/Programs/Python/Python313/python.exe', 'C:\\access\\mzip\\cccmp_20.py'] | cwd=c:\temp | timeout=60
2026-01-30 17:48:40,437 | INFO | engine | job done: id=4 status=FAIL
2026-01-30 17:48:40,437 | INFO | apscheduler.executors.default | Job "Engine._schedule_job.<locals>.<lambda> (trigger: interval[0:16:40], next run at: 2026-01-30 18:05:20 KST)" executed successfully
2026-01-30 17:50:20,122 | INFO | apscheduler.executors.default | Running job "Engine._schedule_job.<locals>.<lambda> (trigger: interval[0:05:00], next run at: 2026-01-30 17:55:20 KST)" (scheduled at 2026-01-30 17:50:20.111198+09:00)
2026-01-30 17:50:20,141 | INFO | executor | RUN: ['C:/Program Files (x86)/HNC/Office 2024/HOffice130/Bin/HCell.exe', 'C:\\Users\\82108\\Downloads\\검토.xlsx'] | cwd=c:\temp | timeout=60
2026-01-30 17:51:20,165 | INFO | engine | job done: id=1 status=TIMEOUT
2026-01-30 17:51:20,165 | INFO | apscheduler.executors.default | Job "Engine._schedule_job.<locals>.<lambda> (trigger: interval[0:05:00], next run at: 2026-01-30 17:55:20 KST)" executed successfully
2026-01-30 17:55:20,118 | INFO | apscheduler.executors.default | Running job "Engine._schedule_job.<locals>.<lambda> (trigger: interval[0:10:00], next run at: 2026-01-30 18:05:20 KST)" (scheduled at 2026-01-30 17:55:20.109360+09:00)
2026-01-30 17:55:20,118 | INFO | apscheduler.executors.default | Running job "Engine._schedule_job.<locals>.<lambda> (trigger: interval[0:05:00], next run at: 2026-01-30 18:00:20 KST)" (scheduled at 2026-01-30 17:55:20.111198+09:00)
2026-01-30 17:55:20,137 | INFO | executor | RUN: ['C:/Program Files (x86)/HNC/Office 2024/HOffice130/Bin/HCell.exe', 'C:\\Users\\82108\\Downloads\\검토.xlsx'] | cwd=c:\temp | timeout=60
2026-01-30 17:55:20,154 | INFO | executor | RUN: ['C:\\Users\\82108\\AppData\\Local\\Programs\\Python\\Python313\\python.exe', 'C:/access/rpa/chat_with_gemini.py'] | cwd=C:/access/rpa | timeout=60
2026-01-30 17:55:24,120 | INFO | apscheduler.executors.default | Running job "Engine._schedule_job.<locals>.<lambda> (trigger: interval[0:10:01], next run at: 2026-01-30 18:05:25 KST)" (scheduled at 2026-01-30 17:55:24.108112+09:00)
2026-01-30 17:55:24,139 | INFO | executor | RUN: ['C:/Users/82108/AppData/Local/Programs/Python/Python313/python.exe', 'hello.py'] | cwd=C:/access/rpa | timeout=60
2026-01-30 17:55:24,171 | INFO | engine | job done: id=6 status=FAIL
2026-01-30 17:55:24,172 | INFO | apscheduler.executors.default | Job "Engine._schedule_job.<locals>.<lambda> (trigger: interval[0:10:01], next run at: 2026-01-30 18:05:25 KST)" executed successfully
2026-01-30 17:55:39,132 | INFO | engine | job done: id=1 status=SUCCESS
2026-01-30 17:55:39,134 | INFO | apscheduler.executors.default | Job "Engine._schedule_job.<locals>.<lambda> (trigger: interval[0:05:00], next run at: 2026-01-30 18:00:20 KST)" executed successfully
2026-01-30 17:55:52,724 | INFO | apscheduler.scheduler | Scheduler has been shut down
2026-01-30 17:55:52,725 | INFO | engine | scheduler stopped
2026-01-30 17:56:08,088 | INFO | engine | job done: id=5 status=SUCCESS
2026-01-30 17:56:08,088 | INFO | apscheduler.executors.default | Job "Engine._schedule_job.<locals>.<lambda> (trigger: interval[0:10:00], next run at: 2026-01-30 18:05:20 KST)" executed successfully
2026-01-30 17:57:12,064 | INFO | apscheduler.scheduler | Scheduler started
2026-01-30 17:57:12,066 | INFO | engine | scheduler started
2026-01-30 17:57:12,069 | INFO | apscheduler.scheduler | Added job "Engine._schedule_job.<locals>.<lambda>" to job store "default"
2026-01-30 17:57:12,069 | INFO | apscheduler.scheduler | Added job "Engine._schedule_job.<locals>.<lambda>" to job store "default"
2026-01-30 17:57:12,070 | INFO | apscheduler.scheduler | Added job "Engine._schedule_job.<locals>.<lambda>" to job store "default"
2026-01-30 17:57:12,070 | INFO | apscheduler.scheduler | Added job "Engine._schedule_job.<locals>.<lambda>" to job store "default"
2026-01-30 17:57:12,070 | INFO | apscheduler.scheduler | Added job "Engine._schedule_job.<locals>.<lambda>" to job store "default"
2026-01-30 17:57:12,071 | INFO | engine | jobs reloaded: 5
2026-01-30 17:57:12,108 | INFO | apscheduler.scheduler | Added job "Engine._schedule_job.<locals>.<lambda>" to job store "default"
2026-01-30 17:57:12,109 | INFO | apscheduler.scheduler | Added job "Engine._schedule_job.<locals>.<lambda>" to job store "default"
2026-01-30 17:57:12,109 | INFO | apscheduler.scheduler | Added job "Engine._schedule_job.<locals>.<lambda>" to job store "default"
2026-01-30 17:57:12,110 | INFO | apscheduler.scheduler | Added job "Engine._schedule_job.<locals>.<lambda>" to job store "default"
2026-01-30 17:57:12,110 | INFO | apscheduler.scheduler | Added job "Engine._schedule_job.<locals>.<lambda>" to job store "default"
2026-01-30 17:57:12,110 | INFO | engine | jobs reloaded: 5
2026-01-30 17:57:23,724 | INFO | apscheduler.scheduler | Scheduler has been shut down
2026-01-30 17:57:23,726 | INFO | engine | scheduler stopped
2026-01-30 18:02:09,853 | INFO | apscheduler.scheduler | Scheduler started
2026-01-30 18:02:09,855 | INFO | engine | scheduler started
2026-01-30 18:02:09,857 | INFO | apscheduler.scheduler | Added job "Engine._schedule_job.<locals>.<lambda>" to job store "default"
2026-01-30 18:02:09,858 | INFO | apscheduler.scheduler | Added job "Engine._schedule_job.<locals>.<lambda>" to job store "default"
2026-01-30 18:02:09,858 | INFO | apscheduler.scheduler | Added job "Engine._schedule_job.<locals>.<lambda>" to job store "default"
2026-01-30 18:02:09,859 | INFO | apscheduler.scheduler | Added job "Engine._schedule_job.<locals>.<lambda>" to job store "default"
2026-01-30 18:02:09,859 | INFO | apscheduler.scheduler | Added job "Engine._schedule_job.<locals>.<lambda>" to job store "default"
2026-01-30 18:02:09,859 | INFO | engine | jobs reloaded: 5
2026-01-30 18:02:09,907 | INFO | apscheduler.scheduler | Added job "Engine._schedule_job.<locals>.<lambda>" to job store "default"
2026-01-30 18:02:09,907 | INFO | apscheduler.scheduler | Added job "Engine._schedule_job.<locals>.<lambda>" to job store "default"
2026-01-30 18:02:09,908 | INFO | apscheduler.scheduler | Added job "Engine._schedule_job.<locals>.<lambda>" to job store "default"
2026-01-30 18:02:09,908 | INFO | apscheduler.scheduler | Added job "Engine._schedule_job.<locals>.<lambda>" to job store "default"
2026-01-30 18:02:09,908 | INFO | apscheduler.scheduler | Added job "Engine._schedule_job.<locals>.<lambda>" to job store "default"
2026-01-30 18:02:09,908 | INFO | engine | jobs reloaded: 5
2026-01-30 18:03:33,775 | INFO | apscheduler.scheduler | Scheduler has been shut down
2026-01-30 18:03:33,777 | INFO | engine | scheduler stopped
2026-01-30 18:10:55,694 | INFO | apscheduler.scheduler | Scheduler started
2026-01-30 18:10:55,696 | INFO | engine | scheduler started
2026-01-30 18:10:55,697 | INFO | apscheduler.scheduler | Added job "Engine._schedule_job.<locals>.<lambda>" to job store "default"
2026-01-30 18:10:55,698 | INFO | apscheduler.scheduler | Added job "Engine._schedule_job.<locals>.<lambda>" to job store "default"
2026-01-30 18:10:55,698 | INFO | apscheduler.scheduler | Added job "Engine._schedule_job.<locals>.<lambda>" to job store "default"
2026-01-30 18:10:55,699 | INFO | apscheduler.scheduler | Added job "Engine._schedule_job.<locals>.<lambda>" to job store "default"
2026-01-30 18:10:55,699 | INFO | apscheduler.scheduler | Added job "Engine._schedule_job.<locals>.<lambda>" to job store "default"
2026-01-30 18:10:55,699 | INFO | engine | jobs reloaded: 5
2026-01-30 18:10:55,745 | INFO | apscheduler.scheduler | Added job "Engine._schedule_job.<locals>.<lambda>" to job store "default"
2026-01-30 18:10:55,745 | INFO | apscheduler.scheduler | Added job "Engine._schedule_job.<locals>.<lambda>" to job store "default"
2026-01-30 18:10:55,745 | INFO | apscheduler.scheduler | Added job "Engine._schedule_job.<locals>.<lambda>" to job store "default"
2026-01-30 18:10:55,746 | INFO | apscheduler.scheduler | Added job "Engine._schedule_job.<locals>.<lambda>" to job store "default"
2026-01-30 18:10:55,746 | INFO | apscheduler.scheduler | Added job "Engine._schedule_job.<locals>.<lambda>" to job store "default"
2026-01-30 18:10:55,746 | INFO | engine | jobs reloaded: 5
2026-01-30 18:11:03,884 | INFO | apscheduler.scheduler | Scheduler has been shut down
2026-01-30 18:11:03,885 | INFO | engine | scheduler stopped
2026-02-03 19:54:26,400 | INFO | apscheduler.scheduler | Scheduler started
2026-02-03 19:54:26,402 | INFO | engine | scheduler started
2026-02-03 19:54:26,405 | INFO | apscheduler.scheduler | Added job "Engine._schedule_job.<locals>.<lambda>" to job store "default"
2026-02-03 19:54:26,405 | INFO | apscheduler.scheduler | Added job "Engine._schedule_job.<locals>.<lambda>" to job store "default"
2026-02-03 19:54:26,405 | INFO | apscheduler.scheduler | Added job "Engine._schedule_job.<locals>.<lambda>" to job store "default"
2026-02-03 19:54:26,406 | INFO | apscheduler.scheduler | Added job "Engine._schedule_job.<locals>.<lambda>" to job store "default"
2026-02-03 19:54:26,406 | INFO | apscheduler.scheduler | Added job "Engine._schedule_job.<locals>.<lambda>" to job store "default"
2026-02-03 19:54:26,407 | INFO | engine | jobs reloaded: 5
2026-02-03 19:54:26,617 | INFO | apscheduler.scheduler | Added job "Engine._schedule_job.<locals>.<lambda>" to job store "default"
2026-02-03 19:54:26,618 | INFO | apscheduler.scheduler | Added job "Engine._schedule_job.<locals>.<lambda>" to job store "default"
2026-02-03 19:54:26,621 | INFO | apscheduler.scheduler | Added job "Engine._schedule_job.<locals>.<lambda>" to job store "default"
2026-02-03 19:54:26,622 | INFO | apscheduler.scheduler | Added job "Engine._schedule_job.<locals>.<lambda>" to job store "default"
2026-02-03 19:54:26,623 | INFO | apscheduler.scheduler | Added job "Engine._schedule_job.<locals>.<lambda>" to job store "default"
2026-02-03 19:54:26,623 | INFO | engine | jobs reloaded: 5
2026-02-03 19:54:50,670 | INFO | apscheduler.scheduler | Added job "Engine._schedule_job.<locals>.<lambda>" to job store "default"
2026-02-03 19:54:50,682 | INFO | apscheduler.scheduler | Added job "Engine._schedule_job.<locals>.<lambda>" to job store "default"
2026-02-03 19:54:50,684 | INFO | apscheduler.scheduler | Added job "Engine._schedule_job.<locals>.<lambda>" to job store "default"
2026-02-03 19:54:50,685 | INFO | apscheduler.scheduler | Added job "Engine._schedule_job.<locals>.<lambda>" to job store "default"
2026-02-03 19:54:50,687 | INFO | apscheduler.scheduler | Added job "Engine._schedule_job.<locals>.<lambda>" to job store "default"
2026-02-03 19:54:50,687 | INFO | engine | jobs reloaded: 5
2026-02-03 19:55:21,875 | INFO | apscheduler.scheduler | Scheduler has been shut down
2026-02-03 19:55:21,879 | INFO | engine | scheduler stopped
2026-02-03 20:05:37,273 | INFO | apscheduler.scheduler | Scheduler started
2026-02-03 20:05:37,275 | INFO | engine | scheduler started
2026-02-03 20:05:37,276 | INFO | apscheduler.scheduler | Added job "Engine._schedule_job.<locals>.<lambda>" to job store "default"
2026-02-03 20:05:37,277 | INFO | apscheduler.scheduler | Added job "Engine._schedule_job.<locals>.<lambda>" to job store "default"
2026-02-03 20:05:37,277 | INFO | apscheduler.scheduler | Added job "Engine._schedule_job.<locals>.<lambda>" to job store "default"
2026-02-03 20:05:37,278 | INFO | apscheduler.scheduler | Added job "Engine._schedule_job.<locals>.<lambda>" to job store "default"
2026-02-03 20:05:37,278 | INFO | apscheduler.scheduler | Added job "Engine._schedule_job.<locals>.<lambda>" to job store "default"
2026-02-03 20:05:37,278 | INFO | engine | jobs reloaded: 5
2026-02-03 20:05:37,376 | INFO | apscheduler.scheduler | Added job "Engine._schedule_job.<locals>.<lambda>" to job store "default"
2026-02-03 20:05:37,377 | INFO | apscheduler.scheduler | Added job "Engine._schedule_job.<locals>.<lambda>" to job store "default"
2026-02-03 20:05:37,378 | INFO | apscheduler.scheduler | Added job "Engine._schedule_job.<locals>.<lambda>" to job store "default"
2026-02-03 20:05:37,379 | INFO | apscheduler.scheduler | Added job "Engine._schedule_job.<locals>.<lambda>" to job store "default"
2026-02-03 20:05:37,380 | INFO | apscheduler.scheduler | Added job "Engine._schedule_job.<locals>.<lambda>" to job store "default"
2026-02-03 20:05:37,380 | INFO | engine | jobs reloaded: 5
2026-02-03 20:06:04,811 | INFO | apscheduler.scheduler | Scheduler has been shut down
2026-02-03 20:06:04,815 | INFO | engine | scheduler stopped
